{"post_title":"woocommerce-placeholder","guid":"https:\/\/livewp.site\/wp\/md\/ewebot\/woocommerce-placeholder-2\/","post_author":"","post_content":"","post_excerpt":"","post_id":10,"pubDate":"Thu, 25 Jul 2019 09:18:09 +0000","post_date":"2019-07-25 09:18:09","post_date_gmt":"2019-07-25 09:18:09","comment_status":"open","ping_status":"closed","post_name":"woocommerce-placeholder-2","status":"inherit","post_parent":0,"menu_order":0,"post_type":"attachment","post_password":"","is_sticky":0,"terms":[],"postmeta":[{"meta_key":"_wp_attached_file","meta_value":"2019\/07\/woocommerce-placeholder.png"},{"meta_key":"_wp_attachment_metadata","meta_value":"a:5:{s:5:\"width\";i:1200;s:6:\"height\";i:1200;s:4:\"file\";s:35:\"2019\/07\/woocommerce-placeholder.png\";s:5:\"sizes\";a:11:{s:9:\"thumbnail\";a:4:{s:4:\"file\";s:35:\"woocommerce-placeholder-150x150.png\";s:5:\"width\";i:150;s:6:\"height\";i:150;s:9:\"mime-type\";s:9:\"image\/png\";}s:6:\"medium\";a:4:{s:4:\"file\";s:35:\"woocommerce-placeholder-300x300.png\";s:5:\"width\";i:300;s:6:\"height\";i:300;s:9:\"mime-type\";s:9:\"image\/png\";}s:12:\"medium_large\";a:4:{s:4:\"file\";s:35:\"woocommerce-placeholder-768x768.png\";s:5:\"width\";i:768;s:6:\"height\";i:768;s:9:\"mime-type\";s:9:\"image\/png\";}s:5:\"large\";a:4:{s:4:\"file\";s:37:\"woocommerce-placeholder-1024x1024.png\";s:5:\"width\";i:1024;s:6:\"height\";i:1024;s:9:\"mime-type\";s:9:\"image\/png\";}s:29:\"gt3-admin-post-featured-image\";a:4:{s:4:\"file\";s:35:\"woocommerce-placeholder-120x120.png\";s:5:\"width\";i:120;s:6:\"height\";i:120;s:9:\"mime-type\";s:9:\"image\/png\";}s:21:\"woocommerce_thumbnail\";a:5:{s:4:\"file\";s:35:\"woocommerce-placeholder-800x800.png\";s:5:\"width\";i:800;s:6:\"height\";i:800;s:9:\"mime-type\";s:9:\"image\/png\";s:9:\"uncropped\";b:0;}s:18:\"woocommerce_single\";a:4:{s:4:\"file\";s:37:\"woocommerce-placeholder-1200x1200.png\";s:5:\"width\";i:1200;s:6:\"height\";i:1200;s:9:\"mime-type\";s:9:\"image\/png\";}s:29:\"woocommerce_gallery_thumbnail\";a:4:{s:4:\"file\";s:35:\"woocommerce-placeholder-400x400.png\";s:5:\"width\";i:400;s:6:\"height\";i:400;s:9:\"mime-type\";s:9:\"image\/png\";}s:12:\"shop_catalog\";a:4:{s:4:\"file\";s:35:\"woocommerce-placeholder-800x800.png\";s:5:\"width\";i:800;s:6:\"height\";i:800;s:9:\"mime-type\";s:9:\"image\/png\";}s:11:\"shop_single\";a:4:{s:4:\"file\";s:37:\"woocommerce-placeholder-1200x1200.png\";s:5:\"width\";i:1200;s:6:\"height\";i:1200;s:9:\"mime-type\";s:9:\"image\/png\";}s:14:\"shop_thumbnail\";a:4:{s:4:\"file\";s:35:\"woocommerce-placeholder-400x400.png\";s:5:\"width\";i:400;s:6:\"height\";i:400;s:9:\"mime-type\";s:9:\"image\/png\";}}s:10:\"image_meta\";a:12:{s:8:\"aperture\";s:1:\"0\";s:6:\"credit\";s:0:\"\";s:6:\"camera\";s:0:\"\";s:7:\"caption\";s:0:\"\";s:17:\"created_timestamp\";s:1:\"0\";s:9:\"copyright\";s:0:\"\";s:12:\"focal_length\";s:1:\"0\";s:3:\"iso\";s:1:\"0\";s:13:\"shutter_speed\";s:1:\"0\";s:5:\"title\";s:0:\"\";s:11:\"orientation\";s:1:\"0\";s:8:\"keywords\";a:0:{}}}"}],"comments":[],"media":[],"attachment_url":"https:\/\/livewp.site\/wp\/md\/ewebot\/wp-content\/uploads\/sites\/64\/2019\/07\/woocommerce-placeholder.png"}