{"post_title":"img_box_24","guid":"https:\/\/livewp.site\/wp\/md\/ewebot\/img_box_24\/","post_author":"","post_content":"","post_excerpt":"","post_id":1042,"pubDate":"Thu, 25 Jul 2019 09:47:59 +0000","post_date":"2019-07-25 09:47:59","post_date_gmt":"2019-07-25 09:47:59","comment_status":"open","ping_status":"closed","post_name":"img_box_24","status":"inherit","post_parent":0,"menu_order":0,"post_type":"attachment","post_password":"","is_sticky":0,"terms":[],"postmeta":[{"meta_key":"_wp_attached_file","meta_value":"2019\/07\/img_box_24.png"},{"meta_key":"_wp_attachment_metadata","meta_value":"a:5:{s:5:\"width\";i:104;s:6:\"height\";i:104;s:4:\"file\";s:22:\"2019\/07\/img_box_24.png\";s:5:\"sizes\";a:0:{}s:10:\"image_meta\";a:12:{s:8:\"aperture\";s:1:\"0\";s:6:\"credit\";s:0:\"\";s:6:\"camera\";s:0:\"\";s:7:\"caption\";s:0:\"\";s:17:\"created_timestamp\";s:1:\"0\";s:9:\"copyright\";s:0:\"\";s:12:\"focal_length\";s:1:\"0\";s:3:\"iso\";s:1:\"0\";s:13:\"shutter_speed\";s:1:\"0\";s:5:\"title\";s:0:\"\";s:11:\"orientation\";s:1:\"0\";s:8:\"keywords\";a:0:{}}}"}],"comments":[],"media":[],"attachment_url":"https:\/\/livewp.site\/wp\/md\/ewebot\/wp-content\/uploads\/sites\/64\/2019\/07\/img_box_24.png"}