{"post_title":"SEO-Optimization","guid":"https:\/\/livewp.site\/wp\/md\/ewebot\/seo-optimization\/","post_author":"","post_content":"","post_excerpt":"","post_id":1049,"pubDate":"Thu, 25 Jul 2019 09:48:01 +0000","post_date":"2019-07-25 09:48:01","post_date_gmt":"2019-07-25 09:48:01","comment_status":"open","ping_status":"closed","post_name":"seo-optimization","status":"inherit","post_parent":0,"menu_order":0,"post_type":"attachment","post_password":"","is_sticky":0,"terms":[],"postmeta":[{"meta_key":"_wp_attached_file","meta_value":"2019\/07\/SEO-Optimization.jpg"},{"meta_key":"_wp_attachment_metadata","meta_value":"a:5:{s:5:\"width\";i:1170;s:6:\"height\";i:1080;s:4:\"file\";s:28:\"2019\/07\/SEO-Optimization.jpg\";s:5:\"sizes\";a:9:{s:9:\"thumbnail\";a:4:{s:4:\"file\";s:28:\"SEO-Optimization-150x150.jpg\";s:5:\"width\";i:150;s:6:\"height\";i:150;s:9:\"mime-type\";s:10:\"image\/jpeg\";}s:6:\"medium\";a:4:{s:4:\"file\";s:28:\"SEO-Optimization-300x277.jpg\";s:5:\"width\";i:300;s:6:\"height\";i:277;s:9:\"mime-type\";s:10:\"image\/jpeg\";}s:12:\"medium_large\";a:4:{s:4:\"file\";s:28:\"SEO-Optimization-768x709.jpg\";s:5:\"width\";i:768;s:6:\"height\";i:709;s:9:\"mime-type\";s:10:\"image\/jpeg\";}s:5:\"large\";a:4:{s:4:\"file\";s:29:\"SEO-Optimization-1024x945.jpg\";s:5:\"width\";i:1024;s:6:\"height\";i:945;s:9:\"mime-type\";s:10:\"image\/jpeg\";}s:29:\"gt3-admin-post-featured-image\";a:4:{s:4:\"file\";s:28:\"SEO-Optimization-120x120.jpg\";s:5:\"width\";i:120;s:6:\"height\";i:120;s:9:\"mime-type\";s:10:\"image\/jpeg\";}s:21:\"woocommerce_thumbnail\";a:5:{s:4:\"file\";s:28:\"SEO-Optimization-800x800.jpg\";s:5:\"width\";i:800;s:6:\"height\";i:800;s:9:\"mime-type\";s:10:\"image\/jpeg\";s:9:\"uncropped\";b:0;}s:29:\"woocommerce_gallery_thumbnail\";a:4:{s:4:\"file\";s:28:\"SEO-Optimization-400x400.jpg\";s:5:\"width\";i:400;s:6:\"height\";i:400;s:9:\"mime-type\";s:10:\"image\/jpeg\";}s:12:\"shop_catalog\";a:4:{s:4:\"file\";s:28:\"SEO-Optimization-800x800.jpg\";s:5:\"width\";i:800;s:6:\"height\";i:800;s:9:\"mime-type\";s:10:\"image\/jpeg\";}s:14:\"shop_thumbnail\";a:4:{s:4:\"file\";s:28:\"SEO-Optimization-400x400.jpg\";s:5:\"width\";i:400;s:6:\"height\";i:400;s:9:\"mime-type\";s:10:\"image\/jpeg\";}}s:10:\"image_meta\";a:12:{s:8:\"aperture\";s:1:\"0\";s:6:\"credit\";s:0:\"\";s:6:\"camera\";s:0:\"\";s:7:\"caption\";s:0:\"\";s:17:\"created_timestamp\";s:1:\"0\";s:9:\"copyright\";s:0:\"\";s:12:\"focal_length\";s:1:\"0\";s:3:\"iso\";s:1:\"0\";s:13:\"shutter_speed\";s:1:\"0\";s:5:\"title\";s:0:\"\";s:11:\"orientation\";s:1:\"0\";s:8:\"keywords\";a:0:{}}}"},{"meta_key":"solid_color","meta_value":"CDD7DD"},{"meta_key":"solid_color","meta_value":"CDD7DD"}],"comments":[],"media":[],"attachment_url":"https:\/\/livewp.site\/wp\/md\/ewebot\/wp-content\/uploads\/sites\/64\/2019\/07\/SEO-Optimization.jpg"}