{"post_title":"Twice-Profit-Than-Before","guid":"https:\/\/livewp.site\/wp\/md\/ewebot\/home-01\/twice-profit-than-before-2\/","post_author":"","post_content":"","post_excerpt":"","post_id":1066,"pubDate":"Thu, 25 Jul 2019 09:48:17 +0000","post_date":"2019-07-25 09:48:17","post_date_gmt":"2019-07-25 09:48:17","comment_status":"open","ping_status":"closed","post_name":"twice-profit-than-before-2","status":"inherit","post_parent":91,"menu_order":0,"post_type":"attachment","post_password":"","is_sticky":0,"terms":[],"postmeta":[{"meta_key":"_wp_attached_file","meta_value":"2019\/07\/Twice-Profit-Than-Before.jpg"},{"meta_key":"_wp_attachment_metadata","meta_value":"a:5:{s:5:\"width\";i:1170;s:6:\"height\";i:1096;s:4:\"file\";s:36:\"2019\/07\/Twice-Profit-Than-Before.jpg\";s:5:\"sizes\";a:9:{s:9:\"thumbnail\";a:4:{s:4:\"file\";s:36:\"Twice-Profit-Than-Before-150x150.jpg\";s:5:\"width\";i:150;s:6:\"height\";i:150;s:9:\"mime-type\";s:10:\"image\/jpeg\";}s:6:\"medium\";a:4:{s:4:\"file\";s:36:\"Twice-Profit-Than-Before-300x281.jpg\";s:5:\"width\";i:300;s:6:\"height\";i:281;s:9:\"mime-type\";s:10:\"image\/jpeg\";}s:12:\"medium_large\";a:4:{s:4:\"file\";s:36:\"Twice-Profit-Than-Before-768x719.jpg\";s:5:\"width\";i:768;s:6:\"height\";i:719;s:9:\"mime-type\";s:10:\"image\/jpeg\";}s:5:\"large\";a:4:{s:4:\"file\";s:37:\"Twice-Profit-Than-Before-1024x959.jpg\";s:5:\"width\";i:1024;s:6:\"height\";i:959;s:9:\"mime-type\";s:10:\"image\/jpeg\";}s:29:\"gt3-admin-post-featured-image\";a:4:{s:4:\"file\";s:36:\"Twice-Profit-Than-Before-120x120.jpg\";s:5:\"width\";i:120;s:6:\"height\";i:120;s:9:\"mime-type\";s:10:\"image\/jpeg\";}s:21:\"woocommerce_thumbnail\";a:5:{s:4:\"file\";s:36:\"Twice-Profit-Than-Before-800x800.jpg\";s:5:\"width\";i:800;s:6:\"height\";i:800;s:9:\"mime-type\";s:10:\"image\/jpeg\";s:9:\"uncropped\";b:0;}s:29:\"woocommerce_gallery_thumbnail\";a:4:{s:4:\"file\";s:36:\"Twice-Profit-Than-Before-400x400.jpg\";s:5:\"width\";i:400;s:6:\"height\";i:400;s:9:\"mime-type\";s:10:\"image\/jpeg\";}s:12:\"shop_catalog\";a:4:{s:4:\"file\";s:36:\"Twice-Profit-Than-Before-800x800.jpg\";s:5:\"width\";i:800;s:6:\"height\";i:800;s:9:\"mime-type\";s:10:\"image\/jpeg\";}s:14:\"shop_thumbnail\";a:4:{s:4:\"file\";s:36:\"Twice-Profit-Than-Before-400x400.jpg\";s:5:\"width\";i:400;s:6:\"height\";i:400;s:9:\"mime-type\";s:10:\"image\/jpeg\";}}s:10:\"image_meta\";a:12:{s:8:\"aperture\";s:1:\"0\";s:6:\"credit\";s:0:\"\";s:6:\"camera\";s:0:\"\";s:7:\"caption\";s:0:\"\";s:17:\"created_timestamp\";s:1:\"0\";s:9:\"copyright\";s:0:\"\";s:12:\"focal_length\";s:1:\"0\";s:3:\"iso\";s:1:\"0\";s:13:\"shutter_speed\";s:1:\"0\";s:5:\"title\";s:0:\"\";s:11:\"orientation\";s:1:\"0\";s:8:\"keywords\";a:0:{}}}"},{"meta_key":"solid_color","meta_value":"A7BBF2"}],"comments":[],"media":[],"attachment_url":"https:\/\/livewp.site\/wp\/md\/ewebot\/wp-content\/uploads\/sites\/64\/2019\/07\/Twice-Profit-Than-Before.jpg"}