{"post_title":"transparent_background","guid":"https:\/\/livewp.site\/wp\/md\/ewebot\/home-03\/transparent_background\/","post_author":"","post_content":"","post_excerpt":"","post_id":1175,"pubDate":"Wed, 31 Jul 2019 08:22:43 +0000","post_date":"2019-07-31 08:22:43","post_date_gmt":"2019-07-31 08:22:43","comment_status":"open","ping_status":"closed","post_name":"transparent_background","status":"inherit","post_parent":495,"menu_order":0,"post_type":"attachment","post_password":"","is_sticky":0,"terms":[],"postmeta":[{"meta_key":"_wp_attached_file","meta_value":"2019\/07\/transparent_background.png"},{"meta_key":"_wp_attachment_metadata","meta_value":"a:5:{s:5:\"width\";i:26;s:6:\"height\";i:26;s:4:\"file\";s:34:\"2019\/07\/transparent_background.png\";s:5:\"sizes\";a:0:{}s:10:\"image_meta\";a:12:{s:8:\"aperture\";s:1:\"0\";s:6:\"credit\";s:0:\"\";s:6:\"camera\";s:0:\"\";s:7:\"caption\";s:0:\"\";s:17:\"created_timestamp\";s:1:\"0\";s:9:\"copyright\";s:0:\"\";s:12:\"focal_length\";s:1:\"0\";s:3:\"iso\";s:1:\"0\";s:13:\"shutter_speed\";s:1:\"0\";s:5:\"title\";s:0:\"\";s:11:\"orientation\";s:1:\"0\";s:8:\"keywords\";a:0:{}}}"}],"comments":[],"media":[],"attachment_url":"https:\/\/livewp.site\/wp\/md\/ewebot\/wp-content\/uploads\/sites\/64\/2019\/07\/transparent_background.png"}