{"post_title":"Contact form 3","guid":"https:\/\/livewp.site\/wp\/md\/ewebot\/?post_type=wpcf7_contact_form&p=1225","post_author":"","post_content":"<div class=\"row home2_form\">\r\n  <div class=\"span6\">[text* your-name placeholder \"Your Name*\"]<\/div>\r\n  <div class=\"span6\">[email* your-email placeholder \"Email*\"]<\/div>\r\n  <div class=\"span6\">[text* your-name placeholder \"Phone\"]<\/div>\r\n  <div class=\"span6\">[url* your-url placeholder \"Website*\"]<\/div>\r\n  <div class=\"span12\">[textarea your-message placeholder \" Message\"]<\/div>\r\n  <div class=\"span12 text-center\">[submit \"Send Massege\"]<\/div>       \r\n<\/div>\n1\nEvvebot \"[your-subject]\"\nEvvebot <help@livewp.site>\nhelp@livewp.site\nFrom: [your-name] <[your-email]>\r\nSubject: [your-subject]\r\n\r\nMessage Body:\r\n[your-message]\r\n\r\n-- \r\nThis e-mail was sent from a contact form on Evvebot (https:\/\/livewp.site\/wp\/md\/evvebot)\nReply-To: [your-email]\n\n\n\n\nEvvebot \"[your-subject]\"\nEvvebot <help@livewp.site>\n[your-email]\nMessage Body:\r\n[your-message]\r\n\r\n-- \r\nThis e-mail was sent from a contact form on Evvebot (https:\/\/livewp.site\/wp\/md\/evvebot)\nReply-To: help@livewp.site\n\n\n\nThank you for your message. It has been sent.\nThere was an error trying to send your message. Please try again later.\nOne or more fields have an error. Please check and try again.\nThere was an error trying to send your message. Please try again later.\nYou must accept the terms and conditions before sending your message.\nThe field is required.\nThe field is too long.\nThe field is too short.\nThe date format is incorrect.\nThe date is before the earliest one allowed.\nThe date is after the latest one allowed.\nThere was an unknown error uploading the file.\nYou are not allowed to upload files of this type.\nThe file is too big.\nThere was an error uploading the file.\nThe number format is invalid.\nThe number is smaller than the minimum allowed.\nThe number is larger than the maximum allowed.\nThe answer to the quiz is incorrect.\nThe e-mail address entered is invalid.\nThe URL is invalid.\nThe telephone number is invalid.","post_excerpt":"","post_id":1225,"pubDate":"Wed, 31 Jul 2019 12:38:31 +0000","post_date":"2019-07-31 12:38:31","post_date_gmt":"2019-07-31 12:38:31","comment_status":"closed","ping_status":"closed","post_name":"contact-form-2_copy","status":"publish","post_parent":0,"menu_order":0,"post_type":"wpcf7_contact_form","post_password":"","is_sticky":0,"terms":[],"postmeta":[{"meta_key":"_form","meta_value":"<div class=\"row home2_form\">\n  <div class=\"span6\">[text* your-name placeholder \"Your Name*\"]<\/div>\n  <div class=\"span6\">[email* your-email placeholder \"Email*\"]<\/div>\n  <div class=\"span6\">[text* your-name placeholder \"Phone\"]<\/div>\n  <div class=\"span6\">[url* your-url placeholder \"Website*\"]<\/div>\n  <div class=\"span12\">[textarea your-message placeholder \" Message\"]<\/div>\n  <div class=\"span12 text-center\">[submit \"Send Massege\"]<\/div>       \n<\/div>"},{"meta_key":"_mail","meta_value":"a:9:{s:6:\"active\";b:1;s:7:\"subject\";s:24:\"Evvebot \"[your-subject]\"\";s:6:\"sender\";s:26:\"Evvebot <help@livewp.site>\";s:9:\"recipient\";s:16:\"help@livewp.site\";s:4:\"body\";s:179:\"From: [your-name] <[your-email]>\nSubject: [your-subject]\n\nMessage Body:\n[your-message]\n\n-- \nThis e-mail was sent from a contact form on Evvebot (https:\/\/livewp.site\/wp\/md\/evvebot)\";s:18:\"additional_headers\";s:22:\"Reply-To: [your-email]\";s:11:\"attachments\";s:0:\"\";s:8:\"use_html\";b:0;s:13:\"exclude_blank\";b:0;}"},{"meta_key":"_mail_2","meta_value":"a:9:{s:6:\"active\";b:0;s:7:\"subject\";s:24:\"Evvebot \"[your-subject]\"\";s:6:\"sender\";s:26:\"Evvebot <help@livewp.site>\";s:9:\"recipient\";s:12:\"[your-email]\";s:4:\"body\";s:121:\"Message Body:\n[your-message]\n\n-- \nThis e-mail was sent from a contact form on Evvebot (https:\/\/livewp.site\/wp\/md\/evvebot)\";s:18:\"additional_headers\";s:26:\"Reply-To: help@livewp.site\";s:11:\"attachments\";s:0:\"\";s:8:\"use_html\";b:0;s:13:\"exclude_blank\";b:0;}"},{"meta_key":"_messages","meta_value":"a:22:{s:12:\"mail_sent_ok\";s:45:\"Thank you for your message. It has been sent.\";s:12:\"mail_sent_ng\";s:71:\"There was an error trying to send your message. Please try again later.\";s:16:\"validation_error\";s:61:\"One or more fields have an error. Please check and try again.\";s:4:\"spam\";s:71:\"There was an error trying to send your message. Please try again later.\";s:12:\"accept_terms\";s:69:\"You must accept the terms and conditions before sending your message.\";s:16:\"invalid_required\";s:22:\"The field is required.\";s:16:\"invalid_too_long\";s:22:\"The field is too long.\";s:17:\"invalid_too_short\";s:23:\"The field is too short.\";s:12:\"invalid_date\";s:29:\"The date format is incorrect.\";s:14:\"date_too_early\";s:44:\"The date is before the earliest one allowed.\";s:13:\"date_too_late\";s:41:\"The date is after the latest one allowed.\";s:13:\"upload_failed\";s:46:\"There was an unknown error uploading the file.\";s:24:\"upload_file_type_invalid\";s:49:\"You are not allowed to upload files of this type.\";s:21:\"upload_file_too_large\";s:20:\"The file is too big.\";s:23:\"upload_failed_php_error\";s:38:\"There was an error uploading the file.\";s:14:\"invalid_number\";s:29:\"The number format is invalid.\";s:16:\"number_too_small\";s:47:\"The number is smaller than the minimum allowed.\";s:16:\"number_too_large\";s:46:\"The number is larger than the maximum allowed.\";s:23:\"quiz_answer_not_correct\";s:36:\"The answer to the quiz is incorrect.\";s:13:\"invalid_email\";s:38:\"The e-mail address entered is invalid.\";s:11:\"invalid_url\";s:19:\"The URL is invalid.\";s:11:\"invalid_tel\";s:32:\"The telephone number is invalid.\";}"},{"meta_key":"_additional_settings","meta_value":""},{"meta_key":"_locale","meta_value":"en_US"}],"comments":[],"media":[]}