{"post_title":"page_title_price","guid":"https:\/\/livewp.site\/wp\/md\/ewebot\/pricing-plans\/header_title_about-2\/","post_author":"","post_content":"","post_excerpt":"","post_id":1279,"pubDate":"Wed, 31 Jul 2019 14:01:06 +0000","post_date":"2019-07-31 14:01:06","post_date_gmt":"2019-07-31 14:01:06","comment_status":"open","ping_status":"closed","post_name":"header_title_about-2","status":"inherit","post_parent":707,"menu_order":0,"post_type":"attachment","post_password":"","is_sticky":0,"terms":[],"postmeta":[{"meta_key":"_wp_attached_file","meta_value":"2019\/07\/header_title_about.png"},{"meta_key":"_wp_attachment_metadata","meta_value":"a:5:{s:5:\"width\";i:1919;s:6:\"height\";i:260;s:4:\"file\";s:30:\"2019\/07\/header_title_about.png\";s:5:\"sizes\";a:12:{s:9:\"thumbnail\";a:4:{s:4:\"file\";s:30:\"header_title_about-150x150.png\";s:5:\"width\";i:150;s:6:\"height\";i:150;s:9:\"mime-type\";s:9:\"image\/png\";}s:6:\"medium\";a:4:{s:4:\"file\";s:29:\"header_title_about-300x41.png\";s:5:\"width\";i:300;s:6:\"height\";i:41;s:9:\"mime-type\";s:9:\"image\/png\";}s:12:\"medium_large\";a:4:{s:4:\"file\";s:30:\"header_title_about-768x104.png\";s:5:\"width\";i:768;s:6:\"height\";i:104;s:9:\"mime-type\";s:9:\"image\/png\";}s:5:\"large\";a:4:{s:4:\"file\";s:31:\"header_title_about-1024x139.png\";s:5:\"width\";i:1024;s:6:\"height\";i:139;s:9:\"mime-type\";s:9:\"image\/png\";}s:29:\"gt3-admin-post-featured-image\";a:4:{s:4:\"file\";s:30:\"header_title_about-120x120.png\";s:5:\"width\";i:120;s:6:\"height\";i:120;s:9:\"mime-type\";s:9:\"image\/png\";}s:17:\"gt3theme_notebook\";a:4:{s:4:\"file\";s:31:\"header_title_about-1366x185.png\";s:5:\"width\";i:1366;s:6:\"height\";i:185;s:9:\"mime-type\";s:9:\"image\/png\";}s:21:\"woocommerce_thumbnail\";a:5:{s:4:\"file\";s:30:\"header_title_about-800x260.png\";s:5:\"width\";i:800;s:6:\"height\";i:260;s:9:\"mime-type\";s:9:\"image\/png\";s:9:\"uncropped\";b:0;}s:18:\"woocommerce_single\";a:4:{s:4:\"file\";s:31:\"header_title_about-1200x163.png\";s:5:\"width\";i:1200;s:6:\"height\";i:163;s:9:\"mime-type\";s:9:\"image\/png\";}s:29:\"woocommerce_gallery_thumbnail\";a:4:{s:4:\"file\";s:30:\"header_title_about-400x260.png\";s:5:\"width\";i:400;s:6:\"height\";i:260;s:9:\"mime-type\";s:9:\"image\/png\";}s:12:\"shop_catalog\";a:4:{s:4:\"file\";s:30:\"header_title_about-800x260.png\";s:5:\"width\";i:800;s:6:\"height\";i:260;s:9:\"mime-type\";s:9:\"image\/png\";}s:11:\"shop_single\";a:4:{s:4:\"file\";s:31:\"header_title_about-1200x163.png\";s:5:\"width\";i:1200;s:6:\"height\";i:163;s:9:\"mime-type\";s:9:\"image\/png\";}s:14:\"shop_thumbnail\";a:4:{s:4:\"file\";s:30:\"header_title_about-400x260.png\";s:5:\"width\";i:400;s:6:\"height\";i:260;s:9:\"mime-type\";s:9:\"image\/png\";}}s:10:\"image_meta\";a:12:{s:8:\"aperture\";s:1:\"0\";s:6:\"credit\";s:0:\"\";s:6:\"camera\";s:0:\"\";s:7:\"caption\";s:0:\"\";s:17:\"created_timestamp\";s:1:\"0\";s:9:\"copyright\";s:0:\"\";s:12:\"focal_length\";s:1:\"0\";s:3:\"iso\";s:1:\"0\";s:13:\"shutter_speed\";s:1:\"0\";s:5:\"title\";s:0:\"\";s:11:\"orientation\";s:1:\"0\";s:8:\"keywords\";a:0:{}}}"},{"meta_key":"solid_color","meta_value":"F6F5FE"}],"comments":[],"media":[],"attachment_url":"https:\/\/livewp.site\/wp\/md\/ewebot\/wp-content\/uploads\/sites\/64\/2019\/07\/header_title_about.png"}