{"post_title":"Sam Jordan","guid":"https:\/\/livewp.site\/wp\/md\/ewebot\/team\/sam-jordan\/","post_author":"","post_content":"<h5>More Snacks Here<\/h5>\r\n<h2>How Amazing We are\r\nYou Have to See<\/h2>\r\nNe summo dictas pertinacia nam. Illum cetero vocent ei vim, case regione signiferumque vim te.\r\n\r\n<strong>76%<\/strong>\r\n<h6>Brand Identity Solutions<\/h6>\r\nEa pro tibique comprehensam, sed ea verear numquam molestie. Nam te omittam comprehensam.\r\n\r\n<strong>75%<\/strong>\r\n<h6>Visual Identity Improved<\/h6>\r\nEa pro tibique comprehensam, sed ea verear numquam molestie. Nam te omittam comprehensam.\r\n<h5>Experience<\/h5>\r\n<h2>Here Is My Some\r\nExperience<\/h2>\r\nNe summo dictas pertinacia nam. Illum cetero vocent ei vim, case regione signiferumque vim te.\r\n\r\nSEO Analysis\r\n90%\r\nSEO Audit\r\n89%\r\nOptimization\r\n95%\r\nDevelopment\r\n96%","post_excerpt":"","post_id":1380,"pubDate":"Thu, 01 Aug 2019 12:00:21 +0000","post_date":"2019-08-01 12:00:21","post_date_gmt":"2019-08-01 12:00:21","comment_status":"closed","ping_status":"closed","post_name":"sam-jordan","status":"publish","post_parent":0,"menu_order":0,"post_type":"team","post_password":"","is_sticky":0,"terms":[],"postmeta":[{"meta_key":"_edit_last","meta_value":"2"},{"meta_key":"_thumbnail_id","meta_value":"1383"},{"meta_key":"_wp_page_template","meta_value":"default"},{"meta_key":"position_member","meta_value":"General Manager"},{"meta_key":"member_short_desc","meta_value":"Ne summo dictas pertinacia nam. Illum cetero vocent ei vim, case regione signiferumque vim te. Sed fugit animal ei, ei habeo graeco has. An pro mutat tation viderer, pri probo lorem ad. Sumo erant ius ad, voluptua intellegat mei ut, minimum voluptatum nam et.<br>\r\n<br>\r\nPartiendo hendrerit ut pri, in nam nisl nostro detraxit. Graecis apeirian consequat quo ei, ad sed vidisse denique consetetur. Mel nisl nobis at, sea melius denique consetetur ea."},{"meta_key":"social_url","meta_value":"a:3:{i:0;a:3:{s:4:\"name\";s:11:\"Experience:\";s:11:\"description\";s:9:\"10+ Years\";s:7:\"address\";s:0:\"\";}i:1;a:3:{s:4:\"name\";s:6:\"Email:\";s:11:\"description\";s:18:\"email@yoursite.com\";s:7:\"address\";s:25:\"mailto:email@yoursite.com\";}i:2;a:3:{s:4:\"name\";s:6:\"Phone:\";s:11:\"description\";s:14:\"8 800 9854 863\";s:7:\"address\";s:15:\"tel:88009854863\";}}"},{"meta_key":"icon_selection","meta_value":"a:3:{i:0;a:4:{s:6:\"select\";s:13:\"fa fa-twitter\";s:4:\"text\";s:0:\"\";s:5:\"input\";s:1:\"#\";s:5:\"color\";s:7:\"#00aced\";}i:1;a:4:{s:6:\"select\";s:14:\"fa fa-facebook\";s:4:\"text\";s:0:\"\";s:5:\"input\";s:1:\"#\";s:5:\"color\";s:7:\"#3b5998\";}i:2;a:4:{s:6:\"select\";s:14:\"fa fa-linkedin\";s:4:\"text\";s:0:\"\";s:5:\"input\";s:1:\"#\";s:5:\"color\";s:7:\"#007bb6\";}}"},{"meta_key":"mb_page_sidebar_layout","meta_value":"default"},{"meta_key":"mb_header_presets","meta_value":"default"},{"meta_key":"mb_page_title_conditional","meta_value":"default"},{"meta_key":"mb_page_title_use_feature_image","meta_value":"0"},{"meta_key":"mb_show_breadcrumbs","meta_value":"1"},{"meta_key":"mb_page_title_vertical_align","meta_value":"middle"},{"meta_key":"mb_page_title_horizontal_align","meta_value":"center"},{"meta_key":"mb_page_title_font_color","meta_value":"#3b3663"},{"meta_key":"mb_page_title_bg_color","meta_value":"#ffffff"},{"meta_key":"mb_page_title_bg_repeat","meta_value":"no-repeat"},{"meta_key":"mb_page_title_bg_size","meta_value":"cover"},{"meta_key":"mb_page_title_bg_attachment","meta_value":"scroll"},{"meta_key":"mb_page_title_bg_position","meta_value":"center center"},{"meta_key":"mb_page_title_height","meta_value":"215"},{"meta_key":"mb_page_title_top_border","meta_value":"0"},{"meta_key":"mb_page_title_top_border_color_opacity","meta_value":"1"},{"meta_key":"mb_page_title_bottom_border","meta_value":"0"},{"meta_key":"mb_page_title_bottom_border_color_opacity","meta_value":"1"},{"meta_key":"mb_page_title_bottom_margin","meta_value":"80"},{"meta_key":"_elementor_edit_mode","meta_value":"builder"},{"meta_key":"_elementor_template_type","meta_value":"post"},{"meta_key":"_elementor_version","meta_value":"2.6.6"},{"meta_key":"_elementor_data","meta_value":"[{\"id\":\"3977095\",\"elType\":\"section\",\"settings\":[],\"elements\":[{\"id\":\"6f6fec5\",\"elType\":\"column\",\"settings\":{\"_column_size\":\"100\",\"gt3_carousel_nav_prev\":\"Prev\",\"gt3_carousel_nav_next\":\"Next\"},\"elements\":[{\"id\":\"24fc56e\",\"elType\":\"widget\",\"settings\":{\"space\":{\"unit\":\"px\",\"size\":\"36\",\"sizes\":[]}},\"elements\":[],\"widgetType\":\"spacer\"}],\"isInner\":\"\"}],\"isInner\":\"\"},{\"id\":\"313b710\",\"elType\":\"section\",\"settings\":{\"structure\":\"20\"},\"elements\":[{\"id\":\"69b09f9\",\"elType\":\"column\",\"settings\":{\"_column_size\":\"50\",\"_inline_size_tablet\":\"100\",\"_inline_size_mobile\":\"100\",\"space_between_widgets\":\"0\",\"gt3_carousel_nav_prev\":\"Prev\",\"gt3_carousel_nav_next\":\"Next\"},\"elements\":[{\"id\":\"bdcba3c\",\"elType\":\"widget\",\"settings\":{\"editor\":\"<h5>More Snacks Here<\\\/h5>\",\"typography_typography\":\"custom\",\"typography_font_size\":{\"unit\":\"px\",\"size\":\"16\",\"sizes\":[]},\"typography_text_transform\":\"uppercase\",\"_margin\":{\"unit\":\"px\",\"top\":\"0\",\"right\":\"0\",\"bottom\":\"3\",\"left\":\"0\",\"isLinked\":\"\"}},\"elements\":[],\"widgetType\":\"text-editor\"},{\"id\":\"bc402ed\",\"elType\":\"widget\",\"settings\":{\"title\":\"How Amazing We are<br>\\nYou Have to See\",\"_margin\":{\"unit\":\"px\",\"top\":\"0\",\"right\":\"0\",\"bottom\":\"14\",\"left\":\"0\",\"isLinked\":\"\"},\"typography_typography\":\"custom\",\"typography_line_height\":{\"unit\":\"px\",\"size\":\"38\",\"sizes\":[]}},\"elements\":[],\"widgetType\":\"heading\"},{\"id\":\"d812edb\",\"elType\":\"widget\",\"settings\":{\"editor\":\"<p>Ne summo dictas pertinacia nam. Illum cetero vocent ei vim, case regione signiferumque vim te.<\\\/p>\"},\"elements\":[],\"widgetType\":\"text-editor\"},{\"id\":\"e8ae2b1\",\"elType\":\"widget\",\"settings\":{\"space\":{\"unit\":\"px\",\"size\":\"32\",\"sizes\":[]}},\"elements\":[],\"widgetType\":\"spacer\"},{\"id\":\"24fe522\",\"elType\":\"section\",\"settings\":{\"structure\":\"20\",\"margin\":{\"unit\":\"px\",\"top\":\"0\",\"right\":\"0\",\"bottom\":\"10\",\"left\":\"0\",\"isLinked\":\"\"}},\"elements\":[{\"id\":\"2e8d87c\",\"elType\":\"column\",\"settings\":{\"_column_size\":\"50\",\"_inline_size\":\"25\",\"gt3_carousel_nav_prev\":\"Prev\",\"gt3_carousel_nav_next\":\"Next\"},\"elements\":[{\"id\":\"eec883c\",\"elType\":\"widget\",\"settings\":{\"graph_value\":{\"unit\":\"%\",\"size\":\"76\",\"sizes\":[]},\"chart_units\":\"%\",\"graph_size\":{\"unit\":\"px\",\"size\":\"126\",\"sizes\":[]},\"title_typography_typography\":\"custom\",\"title_typography_font_size\":{\"unit\":\"px\",\"size\":\"18\",\"sizes\":[]},\"title_typography_font_weight\":\"400\",\"title_typography_line_height\":{\"unit\":\"px\",\"size\":\"15\",\"sizes\":[]},\"title_typography_letter_spacing\":{\"unit\":\"px\",\"size\":\"0\",\"sizes\":[]},\"circle_border_color\":\"#e6e6e7\",\"circle_arc_gradient1\":\"#6254e7\",\"circle_arc_gradient2\":\"#9289f1\",\"label_typography_typography\":\"custom\",\"label_typography_font_family\":\"Nunito\",\"label_typography_font_size\":{\"unit\":\"px\",\"size\":\"24\",\"sizes\":[]},\"label_typography_font_weight\":\"bold\",\"label_color\":\"#6759e8\"},\"elements\":[],\"widgetType\":\"gt3-core-piechart\"}],\"isInner\":\"1\"},{\"id\":\"ae797ad\",\"elType\":\"column\",\"settings\":{\"_column_size\":\"50\",\"_inline_size\":\"75\",\"gt3_carousel_nav_prev\":\"Prev\",\"gt3_carousel_nav_next\":\"Next\",\"_inline_size_mobile\":\"100\",\"margin\":{\"unit\":\"%\",\"top\":\"0\",\"right\":\"15\",\"bottom\":\"0\",\"left\":\"0\",\"isLinked\":\"\"},\"margin_mobile\":{\"unit\":\"px\",\"top\":\"0\",\"right\":\"0\",\"bottom\":\"0\",\"left\":\"0\",\"isLinked\":\"1\"}},\"elements\":[{\"id\":\"7e1da27\",\"elType\":\"widget\",\"settings\":{\"image\":{\"url\":\"\",\"id\":\"\"},\"title_text\":\"Brand Identity  Solutions\",\"description_text\":\"Ea pro tibique comprehensam, sed ea verear numquam molestie. Nam te omittam comprehensam.\",\"default_position\":\"left\",\"image_space\":{\"unit\":\"px\",\"top\":\"0\",\"right\":\"20\",\"bottom\":\"0\",\"left\":\"0\",\"isLinked\":\"\"},\"image_size\":{\"unit\":\"px\",\"size\":\"22\",\"sizes\":[]},\"description_typography_typography\":\"custom\",\"description_typography_font_size\":{\"unit\":\"px\",\"size\":\"16\",\"sizes\":[]},\"description_typography_font_weight\":\"400\",\"description_typography_line_height\":{\"unit\":\"px\",\"size\":\"24\",\"sizes\":[]},\"_padding\":{\"unit\":\"%\",\"top\":\"0\",\"right\":\"10\",\"bottom\":\"0\",\"left\":\"0\",\"isLinked\":\"\"},\"title_bottom_space\":{\"unit\":\"px\",\"size\":\"8\",\"sizes\":[]},\"title_typography_typography\":\"custom\",\"title_typography_font_size\":{\"unit\":\"px\",\"size\":\"20\",\"sizes\":[]},\"title_typography_font_weight\":\"bold\",\"title_typography_line_height\":{\"unit\":\"px\",\"size\":\"27\",\"sizes\":[]},\"title_typography_letter_spacing\":{\"unit\":\"px\",\"size\":\"0\",\"sizes\":[]},\"title_color\":\"#7164ea\",\"_margin\":{\"unit\":\"px\",\"top\":\"9\",\"right\":\"0\",\"bottom\":\"0\",\"left\":\"0\",\"isLinked\":\"\"},\"_padding_mobile\":{\"unit\":\"px\",\"top\":\"0\",\"right\":\"0\",\"bottom\":\"0\",\"left\":\"0\",\"isLinked\":\"1\"}},\"elements\":[],\"widgetType\":\"gt3-core-imagebox\"}],\"isInner\":\"1\"}],\"isInner\":\"1\"},{\"id\":\"c77ac22\",\"elType\":\"section\",\"settings\":{\"structure\":\"20\"},\"elements\":[{\"id\":\"0b7c196\",\"elType\":\"column\",\"settings\":{\"_column_size\":\"50\",\"_inline_size\":\"25\",\"gt3_carousel_nav_prev\":\"Prev\",\"gt3_carousel_nav_next\":\"Next\"},\"elements\":[{\"id\":\"05093b9\",\"elType\":\"widget\",\"settings\":{\"graph_value\":{\"unit\":\"%\",\"size\":\"75\",\"sizes\":[]},\"chart_units\":\"%\",\"graph_size\":{\"unit\":\"px\",\"size\":\"126\",\"sizes\":[]},\"title_typography_typography\":\"custom\",\"title_typography_font_size\":{\"unit\":\"px\",\"size\":\"18\",\"sizes\":[]},\"title_typography_font_weight\":\"400\",\"title_typography_line_height\":{\"unit\":\"px\",\"size\":\"15\",\"sizes\":[]},\"title_typography_letter_spacing\":{\"unit\":\"px\",\"size\":\"0\",\"sizes\":[]},\"circle_border_color\":\"#e6e6e7\",\"circle_arc_gradient1\":\"#34c478\",\"circle_arc_gradient2\":\"#88fdb9\",\"label_typography_typography\":\"custom\",\"label_typography_font_family\":\"Nunito\",\"label_typography_font_size\":{\"unit\":\"px\",\"size\":\"24\",\"sizes\":[]},\"label_typography_font_weight\":\"bold\",\"label_color\":\"#42cd83\"},\"elements\":[],\"widgetType\":\"gt3-core-piechart\"}],\"isInner\":\"1\"},{\"id\":\"58d692a\",\"elType\":\"column\",\"settings\":{\"_column_size\":\"50\",\"_inline_size\":\"75\",\"gt3_carousel_nav_prev\":\"Prev\",\"gt3_carousel_nav_next\":\"Next\",\"margin\":{\"unit\":\"%\",\"top\":\"0\",\"right\":\"15\",\"bottom\":\"0\",\"left\":\"0\",\"isLinked\":\"\"},\"margin_mobile\":{\"unit\":\"px\",\"top\":\"0\",\"right\":\"0\",\"bottom\":\"0\",\"left\":\"0\",\"isLinked\":\"1\"}},\"elements\":[{\"id\":\"9d0d158\",\"elType\":\"widget\",\"settings\":{\"image\":{\"url\":\"\",\"id\":\"\"},\"title_text\":\"Visual Identity Improved\",\"description_text\":\"Ea pro tibique comprehensam, sed ea verear numquam molestie. Nam te omittam comprehensam.\",\"default_position\":\"left\",\"image_space\":{\"unit\":\"px\",\"top\":\"0\",\"right\":\"20\",\"bottom\":\"0\",\"left\":\"0\",\"isLinked\":\"\"},\"image_size\":{\"unit\":\"px\",\"size\":\"22\",\"sizes\":[]},\"description_typography_typography\":\"custom\",\"description_typography_font_size\":{\"unit\":\"px\",\"size\":\"16\",\"sizes\":[]},\"description_typography_font_weight\":\"400\",\"description_typography_line_height\":{\"unit\":\"px\",\"size\":\"24\",\"sizes\":[]},\"_padding\":{\"unit\":\"%\",\"top\":\"0\",\"right\":\"10\",\"bottom\":\"0\",\"left\":\"0\",\"isLinked\":\"\"},\"title_bottom_space\":{\"unit\":\"px\",\"size\":\"8\",\"sizes\":[]},\"title_typography_typography\":\"custom\",\"title_typography_font_size\":{\"unit\":\"px\",\"size\":\"20\",\"sizes\":[]},\"title_typography_font_weight\":\"bold\",\"title_typography_line_height\":{\"unit\":\"px\",\"size\":\"27\",\"sizes\":[]},\"title_typography_letter_spacing\":{\"unit\":\"px\",\"size\":\"0\",\"sizes\":[]},\"title_color\":\"#42cd83\",\"_margin\":{\"unit\":\"px\",\"top\":\"9\",\"right\":\"0\",\"bottom\":\"0\",\"left\":\"0\",\"isLinked\":\"\"},\"_padding_mobile\":{\"unit\":\"px\",\"top\":\"0\",\"right\":\"0\",\"bottom\":\"0\",\"left\":\"0\",\"isLinked\":\"1\"}},\"elements\":[],\"widgetType\":\"gt3-core-imagebox\"}],\"isInner\":\"1\"}],\"isInner\":\"1\"},{\"id\":\"374d1be\",\"elType\":\"widget\",\"settings\":{\"space\":{\"unit\":\"px\",\"size\":\"80\",\"sizes\":[]},\"space_mobile\":{\"unit\":\"px\",\"size\":\"54\",\"sizes\":[]}},\"elements\":[],\"widgetType\":\"spacer\"}],\"isInner\":\"\"},{\"id\":\"bc54462\",\"elType\":\"column\",\"settings\":{\"_column_size\":\"50\",\"_inline_size_tablet\":\"100\",\"space_between_widgets\":\"0\",\"gt3_carousel_nav_prev\":\"Prev\",\"gt3_carousel_nav_next\":\"Next\"},\"elements\":[{\"id\":\"3c19a96\",\"elType\":\"widget\",\"settings\":{\"editor\":\"<h5>Experience<\\\/h5>\",\"typography_typography\":\"custom\",\"typography_font_size\":{\"unit\":\"px\",\"size\":\"16\",\"sizes\":[]},\"typography_text_transform\":\"uppercase\",\"_margin\":{\"unit\":\"px\",\"top\":\"0\",\"right\":\"0\",\"bottom\":\"3\",\"left\":\"0\",\"isLinked\":\"\"}},\"elements\":[],\"widgetType\":\"text-editor\"},{\"id\":\"eca0ecd\",\"elType\":\"widget\",\"settings\":{\"title\":\"Here Is My Some<br>\\nExperience\",\"_margin\":{\"unit\":\"px\",\"top\":\"0\",\"right\":\"0\",\"bottom\":\"14\",\"left\":\"0\",\"isLinked\":\"\"},\"typography_typography\":\"custom\",\"typography_line_height\":{\"unit\":\"px\",\"size\":\"38\",\"sizes\":[]}},\"elements\":[],\"widgetType\":\"heading\"},{\"id\":\"a2ef36e\",\"elType\":\"widget\",\"settings\":{\"editor\":\"<p>Ne summo dictas pertinacia nam. Illum cetero vocent ei vim, case regione signiferumque vim te.<\\\/p>\",\"_margin\":{\"unit\":\"px\",\"top\":\"0\",\"right\":\"0\",\"bottom\":\"13\",\"left\":\"0\",\"isLinked\":\"\"}},\"elements\":[],\"widgetType\":\"text-editor\"},{\"id\":\"bc15cfe\",\"elType\":\"section\",\"settings\":{\"structure\":\"20\"},\"elements\":[{\"id\":\"7464f2d\",\"elType\":\"column\",\"settings\":{\"_column_size\":\"50\",\"_inline_size\":\"83.34\",\"_inline_size_mobile\":\"100\",\"gt3_carousel_nav_prev\":\"Prev\",\"gt3_carousel_nav_next\":\"Next\"},\"elements\":[{\"id\":\"c069f41\",\"elType\":\"widget\",\"settings\":{\"title\":\"SEO Analysis\",\"percent\":{\"unit\":\"%\",\"size\":\"90\",\"sizes\":[]},\"inner_text\":\"\",\"bar_color\":\"#6759e8\",\"bar_bg_color\":\"#e6e6e7\",\"bar_inline_color\":\"#6759e8\",\"title_color\":\"#3b3663\",\"typography_typography\":\"custom\",\"typography_font_family\":\"Rubik\",\"typography_font_size\":{\"unit\":\"px\",\"size\":\"18\",\"sizes\":[]},\"typography_font_weight\":\"400\",\"typography_line_height\":{\"unit\":\"px\",\"size\":\"32\",\"sizes\":[]}},\"elements\":[],\"widgetType\":\"progress\"},{\"id\":\"d9c7f85\",\"elType\":\"widget\",\"settings\":{\"title\":\"SEO Audit\",\"percent\":{\"unit\":\"%\",\"size\":\"89\",\"sizes\":[]},\"inner_text\":\"\",\"bar_color\":\"#f29111\",\"bar_bg_color\":\"#e6e6e7\",\"bar_inline_color\":\"#f29111\",\"title_color\":\"#3b3663\",\"typography_typography\":\"custom\",\"typography_font_family\":\"Rubik\",\"typography_font_size\":{\"unit\":\"px\",\"size\":\"18\",\"sizes\":[]},\"typography_font_weight\":\"400\",\"typography_line_height\":{\"unit\":\"px\",\"size\":\"32\",\"sizes\":[]},\"_margin\":{\"unit\":\"px\",\"top\":\"0\",\"right\":\"0\",\"bottom\":\"0\",\"left\":\"0\",\"isLinked\":\"\"}},\"elements\":[],\"widgetType\":\"progress\"},{\"id\":\"938ed1b\",\"elType\":\"widget\",\"settings\":{\"title\":\"Optimization\",\"percent\":{\"unit\":\"%\",\"size\":\"95\",\"sizes\":[]},\"inner_text\":\"\",\"bar_color\":\"#42cd83\",\"bar_bg_color\":\"#e6e6e7\",\"bar_inline_color\":\"#42cd83\",\"title_color\":\"#3b3663\",\"typography_typography\":\"custom\",\"typography_font_family\":\"Rubik\",\"typography_font_size\":{\"unit\":\"px\",\"size\":\"18\",\"sizes\":[]},\"typography_font_weight\":\"400\",\"typography_line_height\":{\"unit\":\"px\",\"size\":\"32\",\"sizes\":[]}},\"elements\":[],\"widgetType\":\"progress\"},{\"id\":\"fd10e96\",\"elType\":\"widget\",\"settings\":{\"title\":\"Development\",\"percent\":{\"unit\":\"%\",\"size\":\"96\",\"sizes\":[]},\"inner_text\":\"\",\"bar_color\":\"#fe466f\",\"bar_bg_color\":\"#e6e6e7\",\"bar_inline_color\":\"#fe466f\",\"title_color\":\"#3b3663\",\"typography_typography\":\"custom\",\"typography_font_family\":\"Rubik\",\"typography_font_size\":{\"unit\":\"px\",\"size\":\"18\",\"sizes\":[]},\"typography_font_weight\":\"400\",\"typography_line_height\":{\"unit\":\"px\",\"size\":\"32\",\"sizes\":[]},\"_margin\":{\"unit\":\"px\",\"top\":\"0\",\"right\":\"0\",\"bottom\":\"20\",\"left\":\"0\",\"isLinked\":\"\"}},\"elements\":[],\"widgetType\":\"progress\"}],\"isInner\":\"1\"},{\"id\":\"a3d5ef9\",\"elType\":\"column\",\"settings\":{\"_column_size\":\"50\",\"_inline_size\":\"16.66\",\"_inline_size_mobile\":\"100\",\"space_between_widgets\":\"0\",\"gt3_carousel_nav_prev\":\"Prev\",\"gt3_carousel_nav_next\":\"Next\"},\"elements\":[],\"isInner\":\"1\"}],\"isInner\":\"1\"},{\"id\":\"6dc2fe6\",\"elType\":\"widget\",\"settings\":{\"space\":{\"unit\":\"px\",\"size\":\"80\",\"sizes\":[]}},\"elements\":[],\"widgetType\":\"spacer\"}],\"isInner\":\"\"}],\"isInner\":\"\"}]"},{"meta_key":"_elementor_controls_usage","meta_value":"a:8:{s:6:\"spacer\";a:3:{s:5:\"count\";i:4;s:15:\"control_percent\";i:0;s:8:\"controls\";a:1:{s:7:\"content\";a:1:{s:14:\"section_spacer\";a:2:{s:5:\"space\";i:4;s:12:\"space_mobile\";i:1;}}}}s:6:\"column\";a:3:{s:5:\"count\";i:9;s:15:\"control_percent\";i:1;s:8:\"controls\";a:2:{s:6:\"layout\";a:1:{s:6:\"layout\";a:4:{s:12:\"_inline_size\";i:6;s:19:\"_inline_size_mobile\";i:4;s:19:\"_inline_size_tablet\";i:2;s:21:\"space_between_widgets\";i:3;}}s:8:\"advanced\";a:1:{s:16:\"section_advanced\";a:2:{s:6:\"margin\";i:2;s:13:\"margin_mobile\";i:2;}}}}s:7:\"section\";a:3:{s:5:\"count\";i:5;s:15:\"control_percent\";i:0;s:8:\"controls\";a:2:{s:6:\"layout\";a:1:{s:17:\"section_structure\";a:1:{s:9:\"structure\";i:4;}}s:8:\"advanced\";a:1:{s:16:\"section_advanced\";a:1:{s:6:\"margin\";i:1;}}}}s:11:\"text-editor\";a:3:{s:5:\"count\";i:4;s:15:\"control_percent\";i:1;s:8:\"controls\";a:3:{s:7:\"content\";a:1:{s:14:\"section_editor\";a:1:{s:6:\"editor\";i:4;}}s:5:\"style\";a:1:{s:13:\"section_style\";a:3:{s:21:\"typography_typography\";i:2;s:20:\"typography_font_size\";i:2;s:25:\"typography_text_transform\";i:2;}}s:8:\"advanced\";a:1:{s:14:\"_section_style\";a:1:{s:7:\"_margin\";i:3;}}}}s:7:\"heading\";a:3:{s:5:\"count\";i:2;s:15:\"control_percent\";i:2;s:8:\"controls\";a:3:{s:7:\"content\";a:1:{s:13:\"section_title\";a:1:{s:5:\"title\";i:2;}}s:8:\"advanced\";a:1:{s:14:\"_section_style\";a:1:{s:7:\"_margin\";i:2;}}s:5:\"style\";a:1:{s:19:\"section_title_style\";a:2:{s:21:\"typography_typography\";i:2;s:22:\"typography_line_height\";i:2;}}}}s:17:\"gt3-core-piechart\";a:3:{s:5:\"count\";i:2;s:15:\"control_percent\";i:6;s:8:\"controls\";a:2:{s:7:\"content\";a:1:{s:13:\"basic_section\";a:3:{s:11:\"graph_value\";i:2;s:11:\"chart_units\";i:2;s:10:\"graph_size\";i:2;}}s:5:\"style\";a:1:{s:13:\"style_section\";a:13:{s:27:\"title_typography_typography\";i:2;s:26:\"title_typography_font_size\";i:2;s:28:\"title_typography_font_weight\";i:2;s:28:\"title_typography_line_height\";i:2;s:31:\"title_typography_letter_spacing\";i:2;s:19:\"circle_border_color\";i:2;s:20:\"circle_arc_gradient1\";i:2;s:20:\"circle_arc_gradient2\";i:2;s:27:\"label_typography_typography\";i:2;s:28:\"label_typography_font_family\";i:2;s:26:\"label_typography_font_size\";i:2;s:28:\"label_typography_font_weight\";i:2;s:11:\"label_color\";i:2;}}}}s:17:\"gt3-core-imagebox\";a:3:{s:5:\"count\";i:2;s:15:\"control_percent\";i:6;s:8:\"controls\";a:3:{s:7:\"content\";a:1:{s:21:\"section_image_section\";a:4:{s:5:\"image\";i:2;s:10:\"title_text\";i:2;s:16:\"description_text\";i:2;s:16:\"default_position\";i:2;}}s:5:\"style\";a:2:{s:27:\"section_style_image_section\";a:2:{s:11:\"image_space\";i:2;s:10:\"image_size\";i:2;}s:29:\"section_style_content_section\";a:11:{s:33:\"description_typography_typography\";i:2;s:32:\"description_typography_font_size\";i:2;s:34:\"description_typography_font_weight\";i:2;s:34:\"description_typography_line_height\";i:2;s:18:\"title_bottom_space\";i:2;s:27:\"title_typography_typography\";i:2;s:26:\"title_typography_font_size\";i:2;s:28:\"title_typography_font_weight\";i:2;s:28:\"title_typography_line_height\";i:2;s:31:\"title_typography_letter_spacing\";i:2;s:11:\"title_color\";i:2;}}s:8:\"advanced\";a:1:{s:14:\"_section_style\";a:3:{s:8:\"_padding\";i:2;s:7:\"_margin\";i:2;s:15:\"_padding_mobile\";i:2;}}}}s:8:\"progress\";a:3:{s:5:\"count\";i:4;s:15:\"control_percent\";i:5;s:8:\"controls\";a:3:{s:7:\"content\";a:1:{s:16:\"section_progress\";a:2:{s:5:\"title\";i:4;s:7:\"percent\";i:4;}}s:5:\"style\";a:2:{s:22:\"section_progress_style\";a:3:{s:9:\"bar_color\";i:4;s:12:\"bar_bg_color\";i:4;s:16:\"bar_inline_color\";i:4;}s:13:\"section_title\";a:6:{s:11:\"title_color\";i:4;s:21:\"typography_typography\";i:4;s:22:\"typography_font_family\";i:4;s:20:\"typography_font_size\";i:4;s:22:\"typography_font_weight\";i:4;s:22:\"typography_line_height\";i:4;}}s:8:\"advanced\";a:1:{s:14:\"_section_style\";a:1:{s:7:\"_margin\";i:2;}}}}}"},{"meta_key":"_edit_lock","meta_value":"1569835619:2"},{"meta_key":"mb_bubbles_block","meta_value":"default"},{"meta_key":"slide_template","meta_value":"default"},{"meta_key":"_gt3_usage_shortcodes","meta_value":"{\"mc4wp_form\":1}"}],"comments":[],"media":[1383]}