{"post_title":"Angela-Long","guid":"https:\/\/livewp.site\/wp\/md\/ewebot\/team\/sam-jordan\/angela-long\/","post_author":"","post_content":"","post_excerpt":"","post_id":1381,"pubDate":"Thu, 01 Aug 2019 12:00:03 +0000","post_date":"2019-08-01 12:00:03","post_date_gmt":"2019-08-01 12:00:03","comment_status":"open","ping_status":"closed","post_name":"angela-long","status":"inherit","post_parent":1380,"menu_order":0,"post_type":"attachment","post_password":"","is_sticky":0,"terms":[],"postmeta":[{"meta_key":"_wp_attached_file","meta_value":"2019\/08\/Angela-Long.jpg"},{"meta_key":"_wp_attachment_metadata","meta_value":"a:5:{s:5:\"width\";i:470;s:6:\"height\";i:578;s:4:\"file\";s:23:\"2019\/08\/Angela-Long.jpg\";s:5:\"sizes\";a:5:{s:9:\"thumbnail\";a:4:{s:4:\"file\";s:23:\"Angela-Long-150x150.jpg\";s:5:\"width\";i:150;s:6:\"height\";i:150;s:9:\"mime-type\";s:10:\"image\/jpeg\";}s:6:\"medium\";a:4:{s:4:\"file\";s:23:\"Angela-Long-244x300.jpg\";s:5:\"width\";i:244;s:6:\"height\";i:300;s:9:\"mime-type\";s:10:\"image\/jpeg\";}s:29:\"gt3-admin-post-featured-image\";a:4:{s:4:\"file\";s:23:\"Angela-Long-120x120.jpg\";s:5:\"width\";i:120;s:6:\"height\";i:120;s:9:\"mime-type\";s:10:\"image\/jpeg\";}s:29:\"woocommerce_gallery_thumbnail\";a:4:{s:4:\"file\";s:23:\"Angela-Long-400x400.jpg\";s:5:\"width\";i:400;s:6:\"height\";i:400;s:9:\"mime-type\";s:10:\"image\/jpeg\";}s:14:\"shop_thumbnail\";a:4:{s:4:\"file\";s:23:\"Angela-Long-400x400.jpg\";s:5:\"width\";i:400;s:6:\"height\";i:400;s:9:\"mime-type\";s:10:\"image\/jpeg\";}}s:10:\"image_meta\";a:12:{s:8:\"aperture\";s:1:\"0\";s:6:\"credit\";s:0:\"\";s:6:\"camera\";s:0:\"\";s:7:\"caption\";s:0:\"\";s:17:\"created_timestamp\";s:1:\"0\";s:9:\"copyright\";s:0:\"\";s:12:\"focal_length\";s:1:\"0\";s:3:\"iso\";s:1:\"0\";s:13:\"shutter_speed\";s:1:\"0\";s:5:\"title\";s:0:\"\";s:11:\"orientation\";s:1:\"0\";s:8:\"keywords\";a:0:{}}}"}],"comments":[],"media":[],"attachment_url":"https:\/\/livewp.site\/wp\/md\/ewebot\/wp-content\/uploads\/sites\/64\/2019\/08\/Angela-Long.jpg"}