{"post_title":"","guid":"https:\/\/livewp.site\/wp\/md\/ewebot\/1519\/","post_author":"","post_content":" ","post_excerpt":"","post_id":1519,"pubDate":"Wed, 21 Aug 2019 12:17:14 +0000","post_date":"2019-08-21 12:17:14","post_date_gmt":"2019-08-21 12:17:14","comment_status":"closed","ping_status":"closed","post_name":"1519","status":"publish","post_parent":0,"menu_order":3,"post_type":"nav_menu_item","post_password":"","is_sticky":0,"terms":[51],"postmeta":[{"meta_key":"_menu_item_type","meta_value":"post_type"},{"meta_key":"_menu_item_menu_item_parent","meta_value":"0"},{"meta_key":"_menu_item_object_id","meta_value":"719"},{"meta_key":"_menu_item_object","meta_value":"page"},{"meta_key":"_menu_item_target","meta_value":""},{"meta_key":"_menu_item_classes","meta_value":"a:1:{i:0;s:0:\"\";}"},{"meta_key":"_menu_item_xfn","meta_value":""},{"meta_key":"_menu_item_url","meta_value":""}],"comments":[],"media":[]}