{"post_title":"revolution_img-1","guid":"https:\/\/livewp.site\/wp\/md\/ewebot\/revolution_img-1\/","post_author":"","post_content":"","post_excerpt":"","post_id":1520,"pubDate":"Mon, 30 Sep 2019 12:48:27 +0000","post_date":"2019-09-30 12:48:27","post_date_gmt":"2019-09-30 12:48:27","comment_status":"closed","ping_status":"closed","post_name":"revolution_img-1","status":"inherit","post_parent":0,"menu_order":0,"post_type":"attachment","post_password":"","is_sticky":0,"terms":[],"postmeta":[{"meta_key":"_wp_attached_file","meta_value":"revslider\/Home_02\/revolution_img-1.png"},{"meta_key":"_wp_attachment_metadata","meta_value":"a:5:{s:5:\"width\";i:2105;s:6:\"height\";i:1091;s:4:\"file\";s:38:\"revslider\/Home_02\/revolution_img-1.png\";s:5:\"sizes\";a:13:{s:9:\"thumbnail\";a:4:{s:4:\"file\";s:28:\"revolution_img-1-150x150.png\";s:5:\"width\";i:150;s:6:\"height\";i:150;s:9:\"mime-type\";s:9:\"image\/png\";}s:6:\"medium\";a:4:{s:4:\"file\";s:28:\"revolution_img-1-300x155.png\";s:5:\"width\";i:300;s:6:\"height\";i:155;s:9:\"mime-type\";s:9:\"image\/png\";}s:12:\"medium_large\";a:4:{s:4:\"file\";s:28:\"revolution_img-1-768x398.png\";s:5:\"width\";i:768;s:6:\"height\";i:398;s:9:\"mime-type\";s:9:\"image\/png\";}s:5:\"large\";a:4:{s:4:\"file\";s:29:\"revolution_img-1-1024x531.png\";s:5:\"width\";i:1024;s:6:\"height\";i:531;s:9:\"mime-type\";s:9:\"image\/png\";}s:29:\"gt3-admin-post-featured-image\";a:4:{s:4:\"file\";s:28:\"revolution_img-1-120x120.png\";s:5:\"width\";i:120;s:6:\"height\";i:120;s:9:\"mime-type\";s:9:\"image\/png\";}s:17:\"gt3theme_notebook\";a:4:{s:4:\"file\";s:29:\"revolution_img-1-1366x708.png\";s:5:\"width\";i:1366;s:6:\"height\";i:708;s:9:\"mime-type\";s:9:\"image\/png\";}s:12:\"gt3theme_fhd\";a:4:{s:4:\"file\";s:29:\"revolution_img-1-1920x995.png\";s:5:\"width\";i:1920;s:6:\"height\";i:995;s:9:\"mime-type\";s:9:\"image\/png\";}s:21:\"woocommerce_thumbnail\";a:5:{s:4:\"file\";s:28:\"revolution_img-1-300x400.png\";s:5:\"width\";i:300;s:6:\"height\";i:400;s:9:\"mime-type\";s:9:\"image\/png\";s:9:\"uncropped\";b:0;}s:18:\"woocommerce_single\";a:4:{s:4:\"file\";s:29:\"revolution_img-1-1200x622.png\";s:5:\"width\";i:1200;s:6:\"height\";i:622;s:9:\"mime-type\";s:9:\"image\/png\";}s:29:\"woocommerce_gallery_thumbnail\";a:4:{s:4:\"file\";s:28:\"revolution_img-1-400x400.png\";s:5:\"width\";i:400;s:6:\"height\";i:400;s:9:\"mime-type\";s:9:\"image\/png\";}s:12:\"shop_catalog\";a:4:{s:4:\"file\";s:28:\"revolution_img-1-300x400.png\";s:5:\"width\";i:300;s:6:\"height\";i:400;s:9:\"mime-type\";s:9:\"image\/png\";}s:11:\"shop_single\";a:4:{s:4:\"file\";s:29:\"revolution_img-1-1200x622.png\";s:5:\"width\";i:1200;s:6:\"height\";i:622;s:9:\"mime-type\";s:9:\"image\/png\";}s:14:\"shop_thumbnail\";a:4:{s:4:\"file\";s:28:\"revolution_img-1-400x400.png\";s:5:\"width\";i:400;s:6:\"height\";i:400;s:9:\"mime-type\";s:9:\"image\/png\";}}s:10:\"image_meta\";a:12:{s:8:\"aperture\";s:1:\"0\";s:6:\"credit\";s:0:\"\";s:6:\"camera\";s:0:\"\";s:7:\"caption\";s:0:\"\";s:17:\"created_timestamp\";s:1:\"0\";s:9:\"copyright\";s:0:\"\";s:12:\"focal_length\";s:1:\"0\";s:3:\"iso\";s:1:\"0\";s:13:\"shutter_speed\";s:1:\"0\";s:5:\"title\";s:0:\"\";s:11:\"orientation\";s:1:\"0\";s:8:\"keywords\";a:0:{}}}"},{"meta_key":"_edit_lock","meta_value":"1569847567:2"},{"meta_key":"_wp_old_slug","meta_value":"revolution-img-1-png-2"}],"comments":[],"media":[],"attachment_url":"https:\/\/livewp.site\/wp\/md\/ewebot\/wp-content\/uploads\/sites\/64\/revslider\/Home_02\/revolution_img-1.png"}