{"post_title":"tabs_content-01","guid":"https:\/\/livewp.site\/wp\/md\/ewebot\/home-02\/tabs_content-01\/","post_author":"","post_content":"","post_excerpt":"","post_id":1548,"pubDate":"Mon, 30 Sep 2019 12:46:51 +0000","post_date":"2019-09-30 12:46:51","post_date_gmt":"2019-09-30 12:46:51","comment_status":"open","ping_status":"closed","post_name":"tabs_content-01","status":"inherit","post_parent":427,"menu_order":0,"post_type":"attachment","post_password":"","is_sticky":0,"terms":[],"postmeta":[{"meta_key":"_wp_attached_file","meta_value":"2019\/08\/tabs_content-01.png"},{"meta_key":"_wp_attachment_metadata","meta_value":"a:5:{s:5:\"width\";i:495;s:6:\"height\";i:310;s:4:\"file\";s:27:\"2019\/08\/tabs_content-01.png\";s:5:\"sizes\";a:7:{s:9:\"thumbnail\";a:4:{s:4:\"file\";s:27:\"tabs_content-01-150x150.png\";s:5:\"width\";i:150;s:6:\"height\";i:150;s:9:\"mime-type\";s:9:\"image\/png\";}s:6:\"medium\";a:4:{s:4:\"file\";s:27:\"tabs_content-01-300x188.png\";s:5:\"width\";i:300;s:6:\"height\";i:188;s:9:\"mime-type\";s:9:\"image\/png\";}s:29:\"gt3-admin-post-featured-image\";a:4:{s:4:\"file\";s:27:\"tabs_content-01-120x120.png\";s:5:\"width\";i:120;s:6:\"height\";i:120;s:9:\"mime-type\";s:9:\"image\/png\";}s:21:\"woocommerce_thumbnail\";a:5:{s:4:\"file\";s:27:\"tabs_content-01-300x310.png\";s:5:\"width\";i:300;s:6:\"height\";i:310;s:9:\"mime-type\";s:9:\"image\/png\";s:9:\"uncropped\";b:0;}s:29:\"woocommerce_gallery_thumbnail\";a:4:{s:4:\"file\";s:27:\"tabs_content-01-400x310.png\";s:5:\"width\";i:400;s:6:\"height\";i:310;s:9:\"mime-type\";s:9:\"image\/png\";}s:12:\"shop_catalog\";a:4:{s:4:\"file\";s:27:\"tabs_content-01-300x310.png\";s:5:\"width\";i:300;s:6:\"height\";i:310;s:9:\"mime-type\";s:9:\"image\/png\";}s:14:\"shop_thumbnail\";a:4:{s:4:\"file\";s:27:\"tabs_content-01-400x310.png\";s:5:\"width\";i:400;s:6:\"height\";i:310;s:9:\"mime-type\";s:9:\"image\/png\";}}s:10:\"image_meta\";a:12:{s:8:\"aperture\";s:1:\"0\";s:6:\"credit\";s:0:\"\";s:6:\"camera\";s:0:\"\";s:7:\"caption\";s:0:\"\";s:17:\"created_timestamp\";s:1:\"0\";s:9:\"copyright\";s:0:\"\";s:12:\"focal_length\";s:1:\"0\";s:3:\"iso\";s:1:\"0\";s:13:\"shutter_speed\";s:1:\"0\";s:5:\"title\";s:0:\"\";s:11:\"orientation\";s:1:\"0\";s:8:\"keywords\";a:0:{}}}"},{"meta_key":"_edit_lock","meta_value":"1569847469:2"},{"meta_key":"_wp_old_slug","meta_value":"tabs_content_01"}],"comments":[],"media":[],"attachment_url":"https:\/\/livewp.site\/wp\/md\/ewebot\/wp-content\/uploads\/sites\/64\/2019\/08\/tabs_content-01.png"}