{"post_title":"clouds-01","guid":"https:\/\/livewp.site\/wp\/md\/ewebot\/clouds-01\/","post_author":"","post_content":"","post_excerpt":"","post_id":1635,"pubDate":"Mon, 30 Sep 2019 12:42:36 +0000","post_date":"2019-09-30 12:42:36","post_date_gmt":"2019-09-30 12:42:36","comment_status":"open","ping_status":"closed","post_name":"clouds-01","status":"inherit","post_parent":0,"menu_order":0,"post_type":"attachment","post_password":"","is_sticky":0,"terms":[],"postmeta":[{"meta_key":"_wp_attached_file","meta_value":"2019\/08\/clouds-01.png"},{"meta_key":"_wp_attachment_metadata","meta_value":"a:5:{s:5:\"width\";i:2275;s:6:\"height\";i:805;s:4:\"file\";s:21:\"2019\/08\/clouds-01.png\";s:5:\"sizes\";a:13:{s:9:\"thumbnail\";a:4:{s:4:\"file\";s:21:\"clouds-01-150x150.png\";s:5:\"width\";i:150;s:6:\"height\";i:150;s:9:\"mime-type\";s:9:\"image\/png\";}s:6:\"medium\";a:4:{s:4:\"file\";s:21:\"clouds-01-300x106.png\";s:5:\"width\";i:300;s:6:\"height\";i:106;s:9:\"mime-type\";s:9:\"image\/png\";}s:12:\"medium_large\";a:4:{s:4:\"file\";s:21:\"clouds-01-768x272.png\";s:5:\"width\";i:768;s:6:\"height\";i:272;s:9:\"mime-type\";s:9:\"image\/png\";}s:5:\"large\";a:4:{s:4:\"file\";s:22:\"clouds-01-1024x362.png\";s:5:\"width\";i:1024;s:6:\"height\";i:362;s:9:\"mime-type\";s:9:\"image\/png\";}s:29:\"gt3-admin-post-featured-image\";a:4:{s:4:\"file\";s:21:\"clouds-01-120x120.png\";s:5:\"width\";i:120;s:6:\"height\";i:120;s:9:\"mime-type\";s:9:\"image\/png\";}s:17:\"gt3theme_notebook\";a:4:{s:4:\"file\";s:22:\"clouds-01-1366x483.png\";s:5:\"width\";i:1366;s:6:\"height\";i:483;s:9:\"mime-type\";s:9:\"image\/png\";}s:12:\"gt3theme_fhd\";a:4:{s:4:\"file\";s:22:\"clouds-01-1920x679.png\";s:5:\"width\";i:1920;s:6:\"height\";i:679;s:9:\"mime-type\";s:9:\"image\/png\";}s:21:\"woocommerce_thumbnail\";a:5:{s:4:\"file\";s:21:\"clouds-01-300x400.png\";s:5:\"width\";i:300;s:6:\"height\";i:400;s:9:\"mime-type\";s:9:\"image\/png\";s:9:\"uncropped\";b:0;}s:18:\"woocommerce_single\";a:4:{s:4:\"file\";s:22:\"clouds-01-1200x425.png\";s:5:\"width\";i:1200;s:6:\"height\";i:425;s:9:\"mime-type\";s:9:\"image\/png\";}s:29:\"woocommerce_gallery_thumbnail\";a:4:{s:4:\"file\";s:21:\"clouds-01-400x400.png\";s:5:\"width\";i:400;s:6:\"height\";i:400;s:9:\"mime-type\";s:9:\"image\/png\";}s:12:\"shop_catalog\";a:4:{s:4:\"file\";s:21:\"clouds-01-300x400.png\";s:5:\"width\";i:300;s:6:\"height\";i:400;s:9:\"mime-type\";s:9:\"image\/png\";}s:11:\"shop_single\";a:4:{s:4:\"file\";s:22:\"clouds-01-1200x425.png\";s:5:\"width\";i:1200;s:6:\"height\";i:425;s:9:\"mime-type\";s:9:\"image\/png\";}s:14:\"shop_thumbnail\";a:4:{s:4:\"file\";s:21:\"clouds-01-400x400.png\";s:5:\"width\";i:400;s:6:\"height\";i:400;s:9:\"mime-type\";s:9:\"image\/png\";}}s:10:\"image_meta\";a:12:{s:8:\"aperture\";s:1:\"0\";s:6:\"credit\";s:0:\"\";s:6:\"camera\";s:0:\"\";s:7:\"caption\";s:0:\"\";s:17:\"created_timestamp\";s:1:\"0\";s:9:\"copyright\";s:0:\"\";s:12:\"focal_length\";s:1:\"0\";s:3:\"iso\";s:1:\"0\";s:13:\"shutter_speed\";s:1:\"0\";s:5:\"title\";s:0:\"\";s:11:\"orientation\";s:1:\"0\";s:8:\"keywords\";a:0:{}}}"},{"meta_key":"gt3_video_url","meta_value":""},{"meta_key":"gt3_external_link_url","meta_value":""},{"meta_key":"_edit_lock","meta_value":"1569847216:2"},{"meta_key":"_wp_old_slug","meta_value":"clouds_01"}],"comments":[],"media":[],"attachment_url":"https:\/\/livewp.site\/wp\/md\/ewebot\/wp-content\/uploads\/sites\/64\/2019\/08\/clouds-01.png"}