{"post_title":"ellipses","guid":"https:\/\/livewp.site\/wp\/md\/ewebot\/home-01\/ellipses\/","post_author":"","post_content":"","post_excerpt":"","post_id":1657,"pubDate":"Wed, 28 Aug 2019 07:51:59 +0000","post_date":"2019-08-28 07:51:59","post_date_gmt":"2019-08-28 07:51:59","comment_status":"open","ping_status":"closed","post_name":"ellipses","status":"inherit","post_parent":91,"menu_order":0,"post_type":"attachment","post_password":"","is_sticky":0,"terms":[],"postmeta":[{"meta_key":"_wp_attached_file","meta_value":"2019\/08\/ellipses.png"},{"meta_key":"_wp_attachment_metadata","meta_value":"a:5:{s:5:\"width\";i:1920;s:6:\"height\";i:158;s:4:\"file\";s:20:\"2019\/08\/ellipses.png\";s:5:\"sizes\";a:13:{s:9:\"thumbnail\";a:4:{s:4:\"file\";s:20:\"ellipses-150x150.png\";s:5:\"width\";i:150;s:6:\"height\";i:150;s:9:\"mime-type\";s:9:\"image\/png\";}s:6:\"medium\";a:4:{s:4:\"file\";s:19:\"ellipses-300x25.png\";s:5:\"width\";i:300;s:6:\"height\";i:25;s:9:\"mime-type\";s:9:\"image\/png\";}s:12:\"medium_large\";a:4:{s:4:\"file\";s:19:\"ellipses-768x63.png\";s:5:\"width\";i:768;s:6:\"height\";i:63;s:9:\"mime-type\";s:9:\"image\/png\";}s:5:\"large\";a:4:{s:4:\"file\";s:20:\"ellipses-1024x84.png\";s:5:\"width\";i:1024;s:6:\"height\";i:84;s:9:\"mime-type\";s:9:\"image\/png\";}s:29:\"gt3-admin-post-featured-image\";a:4:{s:4:\"file\";s:20:\"ellipses-120x120.png\";s:5:\"width\";i:120;s:6:\"height\";i:120;s:9:\"mime-type\";s:9:\"image\/png\";}s:17:\"gt3theme_notebook\";a:4:{s:4:\"file\";s:21:\"ellipses-1366x112.png\";s:5:\"width\";i:1366;s:6:\"height\";i:112;s:9:\"mime-type\";s:9:\"image\/png\";}s:12:\"gt3theme_fhd\";a:4:{s:4:\"file\";s:21:\"ellipses-1920x158.png\";s:5:\"width\";i:1920;s:6:\"height\";i:158;s:9:\"mime-type\";s:9:\"image\/png\";}s:21:\"woocommerce_thumbnail\";a:5:{s:4:\"file\";s:20:\"ellipses-800x158.png\";s:5:\"width\";i:800;s:6:\"height\";i:158;s:9:\"mime-type\";s:9:\"image\/png\";s:9:\"uncropped\";b:0;}s:18:\"woocommerce_single\";a:4:{s:4:\"file\";s:20:\"ellipses-1200x99.png\";s:5:\"width\";i:1200;s:6:\"height\";i:99;s:9:\"mime-type\";s:9:\"image\/png\";}s:29:\"woocommerce_gallery_thumbnail\";a:4:{s:4:\"file\";s:20:\"ellipses-400x158.png\";s:5:\"width\";i:400;s:6:\"height\";i:158;s:9:\"mime-type\";s:9:\"image\/png\";}s:12:\"shop_catalog\";a:4:{s:4:\"file\";s:20:\"ellipses-800x158.png\";s:5:\"width\";i:800;s:6:\"height\";i:158;s:9:\"mime-type\";s:9:\"image\/png\";}s:11:\"shop_single\";a:4:{s:4:\"file\";s:20:\"ellipses-1200x99.png\";s:5:\"width\";i:1200;s:6:\"height\";i:99;s:9:\"mime-type\";s:9:\"image\/png\";}s:14:\"shop_thumbnail\";a:4:{s:4:\"file\";s:20:\"ellipses-400x158.png\";s:5:\"width\";i:400;s:6:\"height\";i:158;s:9:\"mime-type\";s:9:\"image\/png\";}}s:10:\"image_meta\";a:12:{s:8:\"aperture\";s:1:\"0\";s:6:\"credit\";s:0:\"\";s:6:\"camera\";s:0:\"\";s:7:\"caption\";s:0:\"\";s:17:\"created_timestamp\";s:1:\"0\";s:9:\"copyright\";s:0:\"\";s:12:\"focal_length\";s:1:\"0\";s:3:\"iso\";s:1:\"0\";s:13:\"shutter_speed\";s:1:\"0\";s:5:\"title\";s:0:\"\";s:11:\"orientation\";s:1:\"0\";s:8:\"keywords\";a:0:{}}}"}],"comments":[],"media":[],"attachment_url":"https:\/\/livewp.site\/wp\/md\/ewebot\/wp-content\/uploads\/sites\/64\/2019\/08\/ellipses.png"}