{"post_title":"ellipses_top","guid":"https:\/\/livewp.site\/wp\/md\/ewebot\/home-01\/ellipses_top\/","post_author":"","post_content":"","post_excerpt":"","post_id":1659,"pubDate":"Wed, 28 Aug 2019 07:59:16 +0000","post_date":"2019-08-28 07:59:16","post_date_gmt":"2019-08-28 07:59:16","comment_status":"open","ping_status":"closed","post_name":"ellipses_top","status":"inherit","post_parent":91,"menu_order":0,"post_type":"attachment","post_password":"","is_sticky":0,"terms":[],"postmeta":[{"meta_key":"_wp_attached_file","meta_value":"2019\/08\/ellipses_top.png"},{"meta_key":"_wp_attachment_metadata","meta_value":"a:5:{s:5:\"width\";i:1920;s:6:\"height\";i:191;s:4:\"file\";s:24:\"2019\/08\/ellipses_top.png\";s:5:\"sizes\";a:13:{s:9:\"thumbnail\";a:4:{s:4:\"file\";s:24:\"ellipses_top-150x150.png\";s:5:\"width\";i:150;s:6:\"height\";i:150;s:9:\"mime-type\";s:9:\"image\/png\";}s:6:\"medium\";a:4:{s:4:\"file\";s:23:\"ellipses_top-300x30.png\";s:5:\"width\";i:300;s:6:\"height\";i:30;s:9:\"mime-type\";s:9:\"image\/png\";}s:12:\"medium_large\";a:4:{s:4:\"file\";s:23:\"ellipses_top-768x76.png\";s:5:\"width\";i:768;s:6:\"height\";i:76;s:9:\"mime-type\";s:9:\"image\/png\";}s:5:\"large\";a:4:{s:4:\"file\";s:25:\"ellipses_top-1024x102.png\";s:5:\"width\";i:1024;s:6:\"height\";i:102;s:9:\"mime-type\";s:9:\"image\/png\";}s:29:\"gt3-admin-post-featured-image\";a:4:{s:4:\"file\";s:24:\"ellipses_top-120x120.png\";s:5:\"width\";i:120;s:6:\"height\";i:120;s:9:\"mime-type\";s:9:\"image\/png\";}s:17:\"gt3theme_notebook\";a:4:{s:4:\"file\";s:25:\"ellipses_top-1366x136.png\";s:5:\"width\";i:1366;s:6:\"height\";i:136;s:9:\"mime-type\";s:9:\"image\/png\";}s:12:\"gt3theme_fhd\";a:4:{s:4:\"file\";s:25:\"ellipses_top-1920x191.png\";s:5:\"width\";i:1920;s:6:\"height\";i:191;s:9:\"mime-type\";s:9:\"image\/png\";}s:21:\"woocommerce_thumbnail\";a:5:{s:4:\"file\";s:24:\"ellipses_top-800x191.png\";s:5:\"width\";i:800;s:6:\"height\";i:191;s:9:\"mime-type\";s:9:\"image\/png\";s:9:\"uncropped\";b:0;}s:18:\"woocommerce_single\";a:4:{s:4:\"file\";s:25:\"ellipses_top-1200x119.png\";s:5:\"width\";i:1200;s:6:\"height\";i:119;s:9:\"mime-type\";s:9:\"image\/png\";}s:29:\"woocommerce_gallery_thumbnail\";a:4:{s:4:\"file\";s:24:\"ellipses_top-400x191.png\";s:5:\"width\";i:400;s:6:\"height\";i:191;s:9:\"mime-type\";s:9:\"image\/png\";}s:12:\"shop_catalog\";a:4:{s:4:\"file\";s:24:\"ellipses_top-800x191.png\";s:5:\"width\";i:800;s:6:\"height\";i:191;s:9:\"mime-type\";s:9:\"image\/png\";}s:11:\"shop_single\";a:4:{s:4:\"file\";s:25:\"ellipses_top-1200x119.png\";s:5:\"width\";i:1200;s:6:\"height\";i:119;s:9:\"mime-type\";s:9:\"image\/png\";}s:14:\"shop_thumbnail\";a:4:{s:4:\"file\";s:24:\"ellipses_top-400x191.png\";s:5:\"width\";i:400;s:6:\"height\";i:191;s:9:\"mime-type\";s:9:\"image\/png\";}}s:10:\"image_meta\";a:12:{s:8:\"aperture\";s:1:\"0\";s:6:\"credit\";s:0:\"\";s:6:\"camera\";s:0:\"\";s:7:\"caption\";s:0:\"\";s:17:\"created_timestamp\";s:1:\"0\";s:9:\"copyright\";s:0:\"\";s:12:\"focal_length\";s:1:\"0\";s:3:\"iso\";s:1:\"0\";s:13:\"shutter_speed\";s:1:\"0\";s:5:\"title\";s:0:\"\";s:11:\"orientation\";s:1:\"0\";s:8:\"keywords\";a:0:{}}}"}],"comments":[],"media":[],"attachment_url":"https:\/\/livewp.site\/wp\/md\/ewebot\/wp-content\/uploads\/sites\/64\/2019\/08\/ellipses_top.png"}