{"post_title":"accordion-minus","guid":"https:\/\/livewp.site\/wp\/md\/ewebot\/home-02\/accordion-minus\/","post_author":"","post_content":"","post_excerpt":"","post_id":1929,"pubDate":"Tue, 03 Sep 2019 14:25:03 +0000","post_date":"2019-09-03 14:25:03","post_date_gmt":"2019-09-03 14:25:03","comment_status":"open","ping_status":"closed","post_name":"accordion-minus","status":"inherit","post_parent":427,"menu_order":0,"post_type":"attachment","post_password":"","is_sticky":0,"terms":[],"postmeta":[{"meta_key":"_wp_attached_file","meta_value":"2019\/09\/accordion-minus.svg"},{"meta_key":"_edit_lock","meta_value":"1598345659:3"},{"meta_key":"_elementor_inline_svg","meta_value":"<svg xmlns=\"http:\/\/www.w3.org\/2000\/svg\" xmlns:xlink=\"http:\/\/www.w3.org\/1999\/xlink\" x=\"0px\" y=\"0px\" viewBox=\"0 0 42 42\" style=\"enable-background:new 0 0 42 42;\" xml:space=\"preserve\">\n<rect y=\"19\" width=\"42\" height=\"4\"><\/rect>\n<g>\n<\/g>\n<g>\n<\/g>\n<g>\n<\/g>\n<g>\n<\/g>\n<g>\n<\/g>\n<g>\n<\/g>\n<g>\n<\/g>\n<g>\n<\/g>\n<g>\n<\/g>\n<g>\n<\/g>\n<g>\n<\/g>\n<g>\n<\/g>\n<g>\n<\/g>\n<g>\n<\/g>\n<g>\n<\/g>\n<\/svg>\n"}],"comments":[],"media":[],"attachment_url":"https:\/\/livewp.site\/wp\/md\/ewebot\/wp-content\/uploads\/sites\/64\/2019\/09\/accordion-minus.svg"}