{"post_title":"home2_img_02","guid":"https:\/\/livewp.site\/wp\/md\/ewebot\/home-01\/home2_img_02\/","post_author":"","post_content":"","post_excerpt":"","post_id":2001,"pubDate":"Fri, 06 Sep 2019 09:46:41 +0000","post_date":"2019-09-06 09:46:41","post_date_gmt":"2019-09-06 09:46:41","comment_status":"open","ping_status":"closed","post_name":"home2_img_02","status":"inherit","post_parent":91,"menu_order":0,"post_type":"attachment","post_password":"","is_sticky":0,"terms":[],"postmeta":[{"meta_key":"_wp_attached_file","meta_value":"2019\/09\/home2_img_02.png"},{"meta_key":"_wp_attachment_metadata","meta_value":"a:5:{s:5:\"width\";i:190;s:6:\"height\";i:475;s:4:\"file\";s:24:\"2019\/09\/home2_img_02.png\";s:5:\"sizes\";a:5:{s:9:\"thumbnail\";a:4:{s:4:\"file\";s:24:\"home2_img_02-150x150.png\";s:5:\"width\";i:150;s:6:\"height\";i:150;s:9:\"mime-type\";s:9:\"image\/png\";}s:6:\"medium\";a:4:{s:4:\"file\";s:24:\"home2_img_02-120x300.png\";s:5:\"width\";i:120;s:6:\"height\";i:300;s:9:\"mime-type\";s:9:\"image\/png\";}s:29:\"gt3-admin-post-featured-image\";a:4:{s:4:\"file\";s:24:\"home2_img_02-120x120.png\";s:5:\"width\";i:120;s:6:\"height\";i:120;s:9:\"mime-type\";s:9:\"image\/png\";}s:29:\"woocommerce_gallery_thumbnail\";a:4:{s:4:\"file\";s:24:\"home2_img_02-190x400.png\";s:5:\"width\";i:190;s:6:\"height\";i:400;s:9:\"mime-type\";s:9:\"image\/png\";}s:14:\"shop_thumbnail\";a:4:{s:4:\"file\";s:24:\"home2_img_02-190x400.png\";s:5:\"width\";i:190;s:6:\"height\";i:400;s:9:\"mime-type\";s:9:\"image\/png\";}}s:10:\"image_meta\";a:12:{s:8:\"aperture\";s:1:\"0\";s:6:\"credit\";s:0:\"\";s:6:\"camera\";s:0:\"\";s:7:\"caption\";s:0:\"\";s:17:\"created_timestamp\";s:1:\"0\";s:9:\"copyright\";s:0:\"\";s:12:\"focal_length\";s:1:\"0\";s:3:\"iso\";s:1:\"0\";s:13:\"shutter_speed\";s:1:\"0\";s:5:\"title\";s:0:\"\";s:11:\"orientation\";s:1:\"0\";s:8:\"keywords\";a:0:{}}}"}],"comments":[],"media":[],"attachment_url":"https:\/\/livewp.site\/wp\/md\/ewebot\/wp-content\/uploads\/sites\/64\/2019\/09\/home2_img_02.png"}