{"post_title":"home2_img_03","guid":"https:\/\/livewp.site\/wp\/md\/ewebot\/home-01\/home2_img_03\/","post_author":"","post_content":"","post_excerpt":"","post_id":2007,"pubDate":"Fri, 06 Sep 2019 09:59:32 +0000","post_date":"2019-09-06 09:59:32","post_date_gmt":"2019-09-06 09:59:32","comment_status":"open","ping_status":"closed","post_name":"home2_img_03","status":"inherit","post_parent":91,"menu_order":0,"post_type":"attachment","post_password":"","is_sticky":0,"terms":[],"postmeta":[{"meta_key":"_wp_attached_file","meta_value":"2019\/09\/home2_img_03.jpg"},{"meta_key":"_wp_attachment_metadata","meta_value":"a:5:{s:5:\"width\";i:673;s:6:\"height\";i:512;s:4:\"file\";s:24:\"2019\/09\/home2_img_03.jpg\";s:5:\"sizes\";a:7:{s:9:\"thumbnail\";a:4:{s:4:\"file\";s:24:\"home2_img_03-150x150.jpg\";s:5:\"width\";i:150;s:6:\"height\";i:150;s:9:\"mime-type\";s:10:\"image\/jpeg\";}s:6:\"medium\";a:4:{s:4:\"file\";s:24:\"home2_img_03-300x228.jpg\";s:5:\"width\";i:300;s:6:\"height\";i:228;s:9:\"mime-type\";s:10:\"image\/jpeg\";}s:29:\"gt3-admin-post-featured-image\";a:4:{s:4:\"file\";s:24:\"home2_img_03-120x120.jpg\";s:5:\"width\";i:120;s:6:\"height\";i:120;s:9:\"mime-type\";s:10:\"image\/jpeg\";}s:29:\"woocommerce_gallery_thumbnail\";a:4:{s:4:\"file\";s:24:\"home2_img_03-400x400.jpg\";s:5:\"width\";i:400;s:6:\"height\";i:400;s:9:\"mime-type\";s:10:\"image\/jpeg\";}s:14:\"shop_thumbnail\";a:4:{s:4:\"file\";s:24:\"home2_img_03-400x400.jpg\";s:5:\"width\";i:400;s:6:\"height\";i:400;s:9:\"mime-type\";s:10:\"image\/jpeg\";}s:21:\"woocommerce_thumbnail\";a:5:{s:4:\"file\";s:24:\"home2_img_03-300x400.jpg\";s:5:\"width\";i:300;s:6:\"height\";i:400;s:9:\"mime-type\";s:10:\"image\/jpeg\";s:9:\"uncropped\";b:0;}s:12:\"shop_catalog\";a:4:{s:4:\"file\";s:24:\"home2_img_03-300x400.jpg\";s:5:\"width\";i:300;s:6:\"height\";i:400;s:9:\"mime-type\";s:10:\"image\/jpeg\";}}s:10:\"image_meta\";a:12:{s:8:\"aperture\";s:1:\"0\";s:6:\"credit\";s:0:\"\";s:6:\"camera\";s:0:\"\";s:7:\"caption\";s:0:\"\";s:17:\"created_timestamp\";s:1:\"0\";s:9:\"copyright\";s:0:\"\";s:12:\"focal_length\";s:1:\"0\";s:3:\"iso\";s:1:\"0\";s:13:\"shutter_speed\";s:1:\"0\";s:5:\"title\";s:0:\"\";s:11:\"orientation\";s:1:\"0\";s:8:\"keywords\";a:0:{}}}"}],"comments":[],"media":[],"attachment_url":"https:\/\/livewp.site\/wp\/md\/ewebot\/wp-content\/uploads\/sites\/64\/2019\/09\/home2_img_03.jpg"}