{"post_title":"SMM_img","guid":"https:\/\/livewp.site\/wp\/md\/ewebot\/smm-services\/smm_img\/","post_author":"","post_content":"","post_excerpt":"","post_id":2161,"pubDate":"Wed, 11 Sep 2019 07:37:27 +0000","post_date":"2019-09-11 07:37:27","post_date_gmt":"2019-09-11 07:37:27","comment_status":"open","ping_status":"closed","post_name":"smm_img","status":"inherit","post_parent":889,"menu_order":0,"post_type":"attachment","post_password":"","is_sticky":0,"terms":[],"postmeta":[{"meta_key":"_wp_attached_file","meta_value":"2019\/09\/SMM_img.jpg"},{"meta_key":"_wp_attachment_metadata","meta_value":"a:5:{s:5:\"width\";i:1330;s:6:\"height\";i:622;s:4:\"file\";s:19:\"2019\/09\/SMM_img.jpg\";s:5:\"sizes\";a:11:{s:9:\"thumbnail\";a:4:{s:4:\"file\";s:19:\"SMM_img-150x150.jpg\";s:5:\"width\";i:150;s:6:\"height\";i:150;s:9:\"mime-type\";s:10:\"image\/jpeg\";}s:6:\"medium\";a:4:{s:4:\"file\";s:19:\"SMM_img-300x140.jpg\";s:5:\"width\";i:300;s:6:\"height\";i:140;s:9:\"mime-type\";s:10:\"image\/jpeg\";}s:12:\"medium_large\";a:4:{s:4:\"file\";s:19:\"SMM_img-768x359.jpg\";s:5:\"width\";i:768;s:6:\"height\";i:359;s:9:\"mime-type\";s:10:\"image\/jpeg\";}s:5:\"large\";a:4:{s:4:\"file\";s:20:\"SMM_img-1024x479.jpg\";s:5:\"width\";i:1024;s:6:\"height\";i:479;s:9:\"mime-type\";s:10:\"image\/jpeg\";}s:29:\"gt3-admin-post-featured-image\";a:4:{s:4:\"file\";s:19:\"SMM_img-120x120.jpg\";s:5:\"width\";i:120;s:6:\"height\";i:120;s:9:\"mime-type\";s:10:\"image\/jpeg\";}s:21:\"woocommerce_thumbnail\";a:5:{s:4:\"file\";s:19:\"SMM_img-300x400.jpg\";s:5:\"width\";i:300;s:6:\"height\";i:400;s:9:\"mime-type\";s:10:\"image\/jpeg\";s:9:\"uncropped\";b:0;}s:18:\"woocommerce_single\";a:4:{s:4:\"file\";s:20:\"SMM_img-1200x561.jpg\";s:5:\"width\";i:1200;s:6:\"height\";i:561;s:9:\"mime-type\";s:10:\"image\/jpeg\";}s:29:\"woocommerce_gallery_thumbnail\";a:4:{s:4:\"file\";s:19:\"SMM_img-400x400.jpg\";s:5:\"width\";i:400;s:6:\"height\";i:400;s:9:\"mime-type\";s:10:\"image\/jpeg\";}s:12:\"shop_catalog\";a:4:{s:4:\"file\";s:19:\"SMM_img-300x400.jpg\";s:5:\"width\";i:300;s:6:\"height\";i:400;s:9:\"mime-type\";s:10:\"image\/jpeg\";}s:11:\"shop_single\";a:4:{s:4:\"file\";s:20:\"SMM_img-1200x561.jpg\";s:5:\"width\";i:1200;s:6:\"height\";i:561;s:9:\"mime-type\";s:10:\"image\/jpeg\";}s:14:\"shop_thumbnail\";a:4:{s:4:\"file\";s:19:\"SMM_img-400x400.jpg\";s:5:\"width\";i:400;s:6:\"height\";i:400;s:9:\"mime-type\";s:10:\"image\/jpeg\";}}s:10:\"image_meta\";a:12:{s:8:\"aperture\";s:1:\"0\";s:6:\"credit\";s:0:\"\";s:6:\"camera\";s:0:\"\";s:7:\"caption\";s:0:\"\";s:17:\"created_timestamp\";s:1:\"0\";s:9:\"copyright\";s:0:\"\";s:12:\"focal_length\";s:1:\"0\";s:3:\"iso\";s:1:\"0\";s:13:\"shutter_speed\";s:1:\"0\";s:5:\"title\";s:0:\"\";s:11:\"orientation\";s:1:\"0\";s:8:\"keywords\";a:0:{}}}"}],"comments":[],"media":[],"attachment_url":"https:\/\/livewp.site\/wp\/md\/ewebot\/wp-content\/uploads\/sites\/64\/2019\/09\/SMM_img.jpg"}