{"post_title":"1920-482","guid":"https:\/\/livewp.site\/wp\/md\/ewebot\/about-us\/1920-482\/","post_author":"","post_content":"","post_excerpt":"","post_id":2399,"pubDate":"Tue, 17 Sep 2019 13:45:30 +0000","post_date":"2019-09-17 13:45:30","post_date_gmt":"2019-09-17 13:45:30","comment_status":"open","ping_status":"closed","post_name":"1920-482","status":"inherit","post_parent":623,"menu_order":0,"post_type":"attachment","post_password":"","is_sticky":0,"terms":[],"postmeta":[{"meta_key":"_wp_attached_file","meta_value":"2019\/09\/1920-482.jpg"},{"meta_key":"_wp_attachment_metadata","meta_value":"a:5:{s:5:\"width\";i:1920;s:6:\"height\";i:482;s:4:\"file\";s:20:\"2019\/09\/1920-482.jpg\";s:5:\"sizes\";a:13:{s:9:\"thumbnail\";a:4:{s:4:\"file\";s:20:\"1920-482-150x150.jpg\";s:5:\"width\";i:150;s:6:\"height\";i:150;s:9:\"mime-type\";s:10:\"image\/jpeg\";}s:6:\"medium\";a:4:{s:4:\"file\";s:19:\"1920-482-300x75.jpg\";s:5:\"width\";i:300;s:6:\"height\";i:75;s:9:\"mime-type\";s:10:\"image\/jpeg\";}s:12:\"medium_large\";a:4:{s:4:\"file\";s:20:\"1920-482-768x193.jpg\";s:5:\"width\";i:768;s:6:\"height\";i:193;s:9:\"mime-type\";s:10:\"image\/jpeg\";}s:5:\"large\";a:4:{s:4:\"file\";s:21:\"1920-482-1024x257.jpg\";s:5:\"width\";i:1024;s:6:\"height\";i:257;s:9:\"mime-type\";s:10:\"image\/jpeg\";}s:29:\"gt3-admin-post-featured-image\";a:4:{s:4:\"file\";s:20:\"1920-482-120x120.jpg\";s:5:\"width\";i:120;s:6:\"height\";i:120;s:9:\"mime-type\";s:10:\"image\/jpeg\";}s:17:\"gt3theme_notebook\";a:4:{s:4:\"file\";s:21:\"1920-482-1366x343.jpg\";s:5:\"width\";i:1366;s:6:\"height\";i:343;s:9:\"mime-type\";s:10:\"image\/jpeg\";}s:12:\"gt3theme_fhd\";a:4:{s:4:\"file\";s:21:\"1920-482-1920x482.jpg\";s:5:\"width\";i:1920;s:6:\"height\";i:482;s:9:\"mime-type\";s:10:\"image\/jpeg\";}s:21:\"woocommerce_thumbnail\";a:5:{s:4:\"file\";s:20:\"1920-482-800x482.jpg\";s:5:\"width\";i:800;s:6:\"height\";i:482;s:9:\"mime-type\";s:10:\"image\/jpeg\";s:9:\"uncropped\";b:0;}s:18:\"woocommerce_single\";a:4:{s:4:\"file\";s:21:\"1920-482-1200x301.jpg\";s:5:\"width\";i:1200;s:6:\"height\";i:301;s:9:\"mime-type\";s:10:\"image\/jpeg\";}s:29:\"woocommerce_gallery_thumbnail\";a:4:{s:4:\"file\";s:20:\"1920-482-400x400.jpg\";s:5:\"width\";i:400;s:6:\"height\";i:400;s:9:\"mime-type\";s:10:\"image\/jpeg\";}s:12:\"shop_catalog\";a:4:{s:4:\"file\";s:20:\"1920-482-800x482.jpg\";s:5:\"width\";i:800;s:6:\"height\";i:482;s:9:\"mime-type\";s:10:\"image\/jpeg\";}s:11:\"shop_single\";a:4:{s:4:\"file\";s:21:\"1920-482-1200x301.jpg\";s:5:\"width\";i:1200;s:6:\"height\";i:301;s:9:\"mime-type\";s:10:\"image\/jpeg\";}s:14:\"shop_thumbnail\";a:4:{s:4:\"file\";s:20:\"1920-482-400x400.jpg\";s:5:\"width\";i:400;s:6:\"height\";i:400;s:9:\"mime-type\";s:10:\"image\/jpeg\";}}s:10:\"image_meta\";a:12:{s:8:\"aperture\";s:1:\"0\";s:6:\"credit\";s:0:\"\";s:6:\"camera\";s:0:\"\";s:7:\"caption\";s:0:\"\";s:17:\"created_timestamp\";s:1:\"0\";s:9:\"copyright\";s:0:\"\";s:12:\"focal_length\";s:1:\"0\";s:3:\"iso\";s:1:\"0\";s:13:\"shutter_speed\";s:1:\"0\";s:5:\"title\";s:0:\"\";s:11:\"orientation\";s:1:\"0\";s:8:\"keywords\";a:0:{}}}"},{"meta_key":"solid_color","meta_value":"733EDD"}],"comments":[],"media":[],"attachment_url":"https:\/\/livewp.site\/wp\/md\/ewebot\/wp-content\/uploads\/sites\/64\/2019\/09\/1920-482.jpg"}