{"post_title":"Coming_soon_bg","guid":"https:\/\/livewp.site\/wp\/md\/ewebot\/coming-soon\/untitled-1\/","post_author":"","post_content":"","post_excerpt":"","post_id":2428,"pubDate":"Wed, 18 Sep 2019 07:54:45 +0000","post_date":"2019-09-18 07:54:45","post_date_gmt":"2019-09-18 07:54:45","comment_status":"open","ping_status":"closed","post_name":"untitled-1","status":"inherit","post_parent":63,"menu_order":0,"post_type":"attachment","post_password":"","is_sticky":0,"terms":[],"postmeta":[{"meta_key":"_wp_attached_file","meta_value":"2019\/09\/Untitled-1.jpg"},{"meta_key":"_wp_attachment_metadata","meta_value":"a:5:{s:5:\"width\";i:1920;s:6:\"height\";i:1080;s:4:\"file\";s:22:\"2019\/09\/Untitled-1.jpg\";s:5:\"sizes\";a:13:{s:9:\"thumbnail\";a:4:{s:4:\"file\";s:22:\"Untitled-1-150x150.jpg\";s:5:\"width\";i:150;s:6:\"height\";i:150;s:9:\"mime-type\";s:10:\"image\/jpeg\";}s:6:\"medium\";a:4:{s:4:\"file\";s:22:\"Untitled-1-300x169.jpg\";s:5:\"width\";i:300;s:6:\"height\";i:169;s:9:\"mime-type\";s:10:\"image\/jpeg\";}s:12:\"medium_large\";a:4:{s:4:\"file\";s:22:\"Untitled-1-768x432.jpg\";s:5:\"width\";i:768;s:6:\"height\";i:432;s:9:\"mime-type\";s:10:\"image\/jpeg\";}s:5:\"large\";a:4:{s:4:\"file\";s:23:\"Untitled-1-1024x576.jpg\";s:5:\"width\";i:1024;s:6:\"height\";i:576;s:9:\"mime-type\";s:10:\"image\/jpeg\";}s:29:\"gt3-admin-post-featured-image\";a:4:{s:4:\"file\";s:22:\"Untitled-1-120x120.jpg\";s:5:\"width\";i:120;s:6:\"height\";i:120;s:9:\"mime-type\";s:10:\"image\/jpeg\";}s:17:\"gt3theme_notebook\";a:4:{s:4:\"file\";s:23:\"Untitled-1-1366x768.jpg\";s:5:\"width\";i:1366;s:6:\"height\";i:768;s:9:\"mime-type\";s:10:\"image\/jpeg\";}s:12:\"gt3theme_fhd\";a:4:{s:4:\"file\";s:24:\"Untitled-1-1920x1080.jpg\";s:5:\"width\";i:1920;s:6:\"height\";i:1080;s:9:\"mime-type\";s:10:\"image\/jpeg\";}s:21:\"woocommerce_thumbnail\";a:5:{s:4:\"file\";s:22:\"Untitled-1-800x800.jpg\";s:5:\"width\";i:800;s:6:\"height\";i:800;s:9:\"mime-type\";s:10:\"image\/jpeg\";s:9:\"uncropped\";b:0;}s:18:\"woocommerce_single\";a:4:{s:4:\"file\";s:23:\"Untitled-1-1200x675.jpg\";s:5:\"width\";i:1200;s:6:\"height\";i:675;s:9:\"mime-type\";s:10:\"image\/jpeg\";}s:29:\"woocommerce_gallery_thumbnail\";a:4:{s:4:\"file\";s:22:\"Untitled-1-400x400.jpg\";s:5:\"width\";i:400;s:6:\"height\";i:400;s:9:\"mime-type\";s:10:\"image\/jpeg\";}s:12:\"shop_catalog\";a:4:{s:4:\"file\";s:22:\"Untitled-1-800x800.jpg\";s:5:\"width\";i:800;s:6:\"height\";i:800;s:9:\"mime-type\";s:10:\"image\/jpeg\";}s:11:\"shop_single\";a:4:{s:4:\"file\";s:23:\"Untitled-1-1200x675.jpg\";s:5:\"width\";i:1200;s:6:\"height\";i:675;s:9:\"mime-type\";s:10:\"image\/jpeg\";}s:14:\"shop_thumbnail\";a:4:{s:4:\"file\";s:22:\"Untitled-1-400x400.jpg\";s:5:\"width\";i:400;s:6:\"height\";i:400;s:9:\"mime-type\";s:10:\"image\/jpeg\";}}s:10:\"image_meta\";a:12:{s:8:\"aperture\";s:1:\"0\";s:6:\"credit\";s:0:\"\";s:6:\"camera\";s:0:\"\";s:7:\"caption\";s:0:\"\";s:17:\"created_timestamp\";s:1:\"0\";s:9:\"copyright\";s:0:\"\";s:12:\"focal_length\";s:1:\"0\";s:3:\"iso\";s:1:\"0\";s:13:\"shutter_speed\";s:1:\"0\";s:5:\"title\";s:0:\"\";s:11:\"orientation\";s:1:\"0\";s:8:\"keywords\";a:0:{}}}"}],"comments":[],"media":[],"attachment_url":"https:\/\/livewp.site\/wp\/md\/ewebot\/wp-content\/uploads\/sites\/64\/2019\/09\/Untitled-1.jpg"}