{"post_title":"FAQ_2_bg_img","guid":"https:\/\/livewp.site\/wp\/md\/ewebot\/faq\/faq_2_bg_img\/","post_author":"","post_content":"","post_excerpt":"","post_id":2472,"pubDate":"Thu, 19 Sep 2019 08:12:41 +0000","post_date":"2019-09-19 08:12:41","post_date_gmt":"2019-09-19 08:12:41","comment_status":"open","ping_status":"closed","post_name":"faq_2_bg_img","status":"inherit","post_parent":419,"menu_order":0,"post_type":"attachment","post_password":"","is_sticky":0,"terms":[],"postmeta":[{"meta_key":"_wp_attached_file","meta_value":"2019\/09\/FAQ_2_bg_img.png"},{"meta_key":"_wp_attachment_metadata","meta_value":"a:5:{s:5:\"width\";i:330;s:6:\"height\";i:901;s:4:\"file\";s:24:\"2019\/09\/FAQ_2_bg_img.png\";s:5:\"sizes\";a:7:{s:9:\"thumbnail\";a:4:{s:4:\"file\";s:24:\"FAQ_2_bg_img-150x150.png\";s:5:\"width\";i:150;s:6:\"height\";i:150;s:9:\"mime-type\";s:9:\"image\/png\";}s:6:\"medium\";a:4:{s:4:\"file\";s:24:\"FAQ_2_bg_img-110x300.png\";s:5:\"width\";i:110;s:6:\"height\";i:300;s:9:\"mime-type\";s:9:\"image\/png\";}s:29:\"gt3-admin-post-featured-image\";a:4:{s:4:\"file\";s:24:\"FAQ_2_bg_img-120x120.png\";s:5:\"width\";i:120;s:6:\"height\";i:120;s:9:\"mime-type\";s:9:\"image\/png\";}s:29:\"woocommerce_gallery_thumbnail\";a:4:{s:4:\"file\";s:24:\"FAQ_2_bg_img-330x400.png\";s:5:\"width\";i:330;s:6:\"height\";i:400;s:9:\"mime-type\";s:9:\"image\/png\";}s:14:\"shop_thumbnail\";a:4:{s:4:\"file\";s:24:\"FAQ_2_bg_img-330x400.png\";s:5:\"width\";i:330;s:6:\"height\";i:400;s:9:\"mime-type\";s:9:\"image\/png\";}s:21:\"woocommerce_thumbnail\";a:5:{s:4:\"file\";s:24:\"FAQ_2_bg_img-300x300.png\";s:5:\"width\";i:300;s:6:\"height\";i:300;s:9:\"mime-type\";s:9:\"image\/png\";s:9:\"uncropped\";b:0;}s:12:\"shop_catalog\";a:4:{s:4:\"file\";s:24:\"FAQ_2_bg_img-300x300.png\";s:5:\"width\";i:300;s:6:\"height\";i:300;s:9:\"mime-type\";s:9:\"image\/png\";}}s:10:\"image_meta\";a:12:{s:8:\"aperture\";s:1:\"0\";s:6:\"credit\";s:0:\"\";s:6:\"camera\";s:0:\"\";s:7:\"caption\";s:0:\"\";s:17:\"created_timestamp\";s:1:\"0\";s:9:\"copyright\";s:0:\"\";s:12:\"focal_length\";s:1:\"0\";s:3:\"iso\";s:1:\"0\";s:13:\"shutter_speed\";s:1:\"0\";s:5:\"title\";s:0:\"\";s:11:\"orientation\";s:1:\"0\";s:8:\"keywords\";a:0:{}}}"}],"comments":[],"media":[],"attachment_url":"https:\/\/livewp.site\/wp\/md\/ewebot\/wp-content\/uploads\/sites\/64\/2019\/09\/FAQ_2_bg_img.png"}