{"post_title":"team_bg_img","guid":"https:\/\/livewp.site\/wp\/md\/ewebot\/our-team\/team_bg_img\/","post_author":"","post_content":"","post_excerpt":"","post_id":2478,"pubDate":"Thu, 19 Sep 2019 08:30:58 +0000","post_date":"2019-09-19 08:30:58","post_date_gmt":"2019-09-19 08:30:58","comment_status":"open","ping_status":"closed","post_name":"team_bg_img","status":"inherit","post_parent":782,"menu_order":0,"post_type":"attachment","post_password":"","is_sticky":0,"terms":[],"postmeta":[{"meta_key":"_wp_attached_file","meta_value":"2019\/09\/team_bg_img.jpg"},{"meta_key":"_wp_attachment_metadata","meta_value":"a:5:{s:5:\"width\";i:3000;s:6:\"height\";i:1015;s:4:\"file\";s:23:\"2019\/09\/team_bg_img.jpg\";s:5:\"sizes\";a:13:{s:9:\"thumbnail\";a:4:{s:4:\"file\";s:23:\"team_bg_img-150x150.jpg\";s:5:\"width\";i:150;s:6:\"height\";i:150;s:9:\"mime-type\";s:10:\"image\/jpeg\";}s:6:\"medium\";a:4:{s:4:\"file\";s:23:\"team_bg_img-300x102.jpg\";s:5:\"width\";i:300;s:6:\"height\";i:102;s:9:\"mime-type\";s:10:\"image\/jpeg\";}s:12:\"medium_large\";a:4:{s:4:\"file\";s:23:\"team_bg_img-768x260.jpg\";s:5:\"width\";i:768;s:6:\"height\";i:260;s:9:\"mime-type\";s:10:\"image\/jpeg\";}s:5:\"large\";a:4:{s:4:\"file\";s:24:\"team_bg_img-1024x346.jpg\";s:5:\"width\";i:1024;s:6:\"height\";i:346;s:9:\"mime-type\";s:10:\"image\/jpeg\";}s:29:\"gt3-admin-post-featured-image\";a:4:{s:4:\"file\";s:23:\"team_bg_img-120x120.jpg\";s:5:\"width\";i:120;s:6:\"height\";i:120;s:9:\"mime-type\";s:10:\"image\/jpeg\";}s:17:\"gt3theme_notebook\";a:4:{s:4:\"file\";s:24:\"team_bg_img-1366x462.jpg\";s:5:\"width\";i:1366;s:6:\"height\";i:462;s:9:\"mime-type\";s:10:\"image\/jpeg\";}s:12:\"gt3theme_fhd\";a:4:{s:4:\"file\";s:24:\"team_bg_img-1920x650.jpg\";s:5:\"width\";i:1920;s:6:\"height\";i:650;s:9:\"mime-type\";s:10:\"image\/jpeg\";}s:21:\"woocommerce_thumbnail\";a:5:{s:4:\"file\";s:24:\"team_bg_img-800x1015.jpg\";s:5:\"width\";i:800;s:6:\"height\";i:1015;s:9:\"mime-type\";s:10:\"image\/jpeg\";s:9:\"uncropped\";b:0;}s:18:\"woocommerce_single\";a:4:{s:4:\"file\";s:24:\"team_bg_img-1200x406.jpg\";s:5:\"width\";i:1200;s:6:\"height\";i:406;s:9:\"mime-type\";s:10:\"image\/jpeg\";}s:29:\"woocommerce_gallery_thumbnail\";a:4:{s:4:\"file\";s:23:\"team_bg_img-400x400.jpg\";s:5:\"width\";i:400;s:6:\"height\";i:400;s:9:\"mime-type\";s:10:\"image\/jpeg\";}s:12:\"shop_catalog\";a:4:{s:4:\"file\";s:24:\"team_bg_img-800x1015.jpg\";s:5:\"width\";i:800;s:6:\"height\";i:1015;s:9:\"mime-type\";s:10:\"image\/jpeg\";}s:11:\"shop_single\";a:4:{s:4:\"file\";s:24:\"team_bg_img-1200x406.jpg\";s:5:\"width\";i:1200;s:6:\"height\";i:406;s:9:\"mime-type\";s:10:\"image\/jpeg\";}s:14:\"shop_thumbnail\";a:4:{s:4:\"file\";s:23:\"team_bg_img-400x400.jpg\";s:5:\"width\";i:400;s:6:\"height\";i:400;s:9:\"mime-type\";s:10:\"image\/jpeg\";}}s:10:\"image_meta\";a:12:{s:8:\"aperture\";s:1:\"0\";s:6:\"credit\";s:0:\"\";s:6:\"camera\";s:0:\"\";s:7:\"caption\";s:0:\"\";s:17:\"created_timestamp\";s:1:\"0\";s:9:\"copyright\";s:0:\"\";s:12:\"focal_length\";s:1:\"0\";s:3:\"iso\";s:1:\"0\";s:13:\"shutter_speed\";s:1:\"0\";s:5:\"title\";s:0:\"\";s:11:\"orientation\";s:1:\"0\";s:8:\"keywords\";a:0:{}}}"}],"comments":[],"media":[],"attachment_url":"https:\/\/livewp.site\/wp\/md\/ewebot\/wp-content\/uploads\/sites\/64\/2019\/09\/team_bg_img.jpg"}