{"post_title":"SEO_bg_img_01","guid":"https:\/\/livewp.site\/wp\/md\/ewebot\/seo-services\/seo_bg_img_01\/","post_author":"","post_content":"","post_excerpt":"","post_id":2503,"pubDate":"Thu, 19 Sep 2019 10:00:02 +0000","post_date":"2019-09-19 10:00:02","post_date_gmt":"2019-09-19 10:00:02","comment_status":"open","ping_status":"closed","post_name":"seo_bg_img_01","status":"inherit","post_parent":854,"menu_order":0,"post_type":"attachment","post_password":"","is_sticky":0,"terms":[],"postmeta":[{"meta_key":"_wp_attached_file","meta_value":"2019\/09\/SEO_bg_img_01.png"},{"meta_key":"_wp_attachment_metadata","meta_value":"a:5:{s:5:\"width\";i:3000;s:6:\"height\";i:642;s:4:\"file\";s:25:\"2019\/09\/SEO_bg_img_01.png\";s:5:\"sizes\";a:13:{s:9:\"thumbnail\";a:4:{s:4:\"file\";s:25:\"SEO_bg_img_01-150x150.png\";s:5:\"width\";i:150;s:6:\"height\";i:150;s:9:\"mime-type\";s:9:\"image\/png\";}s:6:\"medium\";a:4:{s:4:\"file\";s:24:\"SEO_bg_img_01-300x64.png\";s:5:\"width\";i:300;s:6:\"height\";i:64;s:9:\"mime-type\";s:9:\"image\/png\";}s:12:\"medium_large\";a:4:{s:4:\"file\";s:25:\"SEO_bg_img_01-768x164.png\";s:5:\"width\";i:768;s:6:\"height\";i:164;s:9:\"mime-type\";s:9:\"image\/png\";}s:5:\"large\";a:4:{s:4:\"file\";s:26:\"SEO_bg_img_01-1024x219.png\";s:5:\"width\";i:1024;s:6:\"height\";i:219;s:9:\"mime-type\";s:9:\"image\/png\";}s:29:\"gt3-admin-post-featured-image\";a:4:{s:4:\"file\";s:25:\"SEO_bg_img_01-120x120.png\";s:5:\"width\";i:120;s:6:\"height\";i:120;s:9:\"mime-type\";s:9:\"image\/png\";}s:17:\"gt3theme_notebook\";a:4:{s:4:\"file\";s:26:\"SEO_bg_img_01-1366x292.png\";s:5:\"width\";i:1366;s:6:\"height\";i:292;s:9:\"mime-type\";s:9:\"image\/png\";}s:12:\"gt3theme_fhd\";a:4:{s:4:\"file\";s:26:\"SEO_bg_img_01-1920x411.png\";s:5:\"width\";i:1920;s:6:\"height\";i:411;s:9:\"mime-type\";s:9:\"image\/png\";}s:21:\"woocommerce_thumbnail\";a:5:{s:4:\"file\";s:25:\"SEO_bg_img_01-800x642.png\";s:5:\"width\";i:800;s:6:\"height\";i:642;s:9:\"mime-type\";s:9:\"image\/png\";s:9:\"uncropped\";b:0;}s:18:\"woocommerce_single\";a:4:{s:4:\"file\";s:26:\"SEO_bg_img_01-1200x257.png\";s:5:\"width\";i:1200;s:6:\"height\";i:257;s:9:\"mime-type\";s:9:\"image\/png\";}s:29:\"woocommerce_gallery_thumbnail\";a:4:{s:4:\"file\";s:25:\"SEO_bg_img_01-400x400.png\";s:5:\"width\";i:400;s:6:\"height\";i:400;s:9:\"mime-type\";s:9:\"image\/png\";}s:12:\"shop_catalog\";a:4:{s:4:\"file\";s:25:\"SEO_bg_img_01-800x642.png\";s:5:\"width\";i:800;s:6:\"height\";i:642;s:9:\"mime-type\";s:9:\"image\/png\";}s:11:\"shop_single\";a:4:{s:4:\"file\";s:26:\"SEO_bg_img_01-1200x257.png\";s:5:\"width\";i:1200;s:6:\"height\";i:257;s:9:\"mime-type\";s:9:\"image\/png\";}s:14:\"shop_thumbnail\";a:4:{s:4:\"file\";s:25:\"SEO_bg_img_01-400x400.png\";s:5:\"width\";i:400;s:6:\"height\";i:400;s:9:\"mime-type\";s:9:\"image\/png\";}}s:10:\"image_meta\";a:12:{s:8:\"aperture\";s:1:\"0\";s:6:\"credit\";s:0:\"\";s:6:\"camera\";s:0:\"\";s:7:\"caption\";s:0:\"\";s:17:\"created_timestamp\";s:1:\"0\";s:9:\"copyright\";s:0:\"\";s:12:\"focal_length\";s:1:\"0\";s:3:\"iso\";s:1:\"0\";s:13:\"shutter_speed\";s:1:\"0\";s:5:\"title\";s:0:\"\";s:11:\"orientation\";s:1:\"0\";s:8:\"keywords\";a:0:{}}}"}],"comments":[],"media":[],"attachment_url":"https:\/\/livewp.site\/wp\/md\/ewebot\/wp-content\/uploads\/sites\/64\/2019\/09\/SEO_bg_img_01.png"}