{"post_title":"Domain Migration","guid":"https:\/\/livewp.site\/wp\/md\/ewebot\/portfolio\/domain-migration\/","post_author":"","post_content":"<img title=\"case_img_01\" src=\"https:\/\/livewp.site\/wp\/md\/ewebot\/wp-content\/uploads\/sites\/64\/2019\/07\/case_img_01.jpg\" sizes=\"(max-width: 1170px) 100vw, 1170px\" srcset=\"https:\/\/livewp.site\/wp\/md\/ewebot\/wp-content\/uploads\/sites\/64\/2019\/07\/case_img_01.jpg 1170w, https:\/\/livewp.site\/wp\/md\/ewebot\/wp-content\/uploads\/sites\/64\/2019\/07\/case_img_01-300x183.jpg 300w, https:\/\/livewp.site\/wp\/md\/ewebot\/wp-content\/uploads\/sites\/64\/2019\/07\/case_img_01-768x469.jpg 768w, https:\/\/livewp.site\/wp\/md\/ewebot\/wp-content\/uploads\/sites\/64\/2019\/07\/case_img_01-1024x625.jpg 1024w\" alt=\"\" width=\"1170\" height=\"714\" \/>\r\n\r\nFrom the designers and engineers who are creating the next generation of web and mobile experiences, to anyone putting a website together for the first time. We provide elegant solutions that set new standards for online publishing.\r\n\r\nDigital technology has made our world more transparent and interconnected, posing new challenges and opportunities for every business. A holistic, user-centric perspective is what truly sets one apart.\r\n\r\nProject NameDomain MigrationClientWebSolutions IncOur RoleSEO Optimization\r\nShare<a target=\"_blank\" href=\"https:\/\/www.facebook.com\/share.php?u=https:\/\/livewp.site\/wp\/md\/ewebot\/portfolio\/domain-migration\/\" rel=\"noopener noreferrer\"><\/a><a target=\"_blank\" href=\"https:\/\/twitter.com\/intent\/tweet?text=Domain%20Migration&amp;url=https:\/\/livewp.site\/wp\/md\/ewebot\/portfolio\/domain-migration\/\" rel=\"noopener noreferrer\"><\/a><a data-elementor-open-lightbox=\"no\" target=\"_blank\" href=\"https:\/\/pinterest.com\/pin\/create\/button\/?url=https:\/\/livewp.site\/wp\/md\/ewebot\/portfolio\/domain-migration\/&amp;media=https:\/\/livewp.site\/wp\/md\/ewebot\/wp-content\/uploads\/sites\/64\/2019\/07\/Domain-Migration.jpg\" rel=\"noopener noreferrer\"><\/a><a target=\"_blank\" href=\"https:\/\/plus.google.com\/share?url=https:\/\/livewp.site\/wp\/md\/ewebot\/portfolio\/domain-migration\/\" rel=\"noopener noreferrer\"><\/a><a target=\"_blank\" href=\"mailto:?subject=Domain Migration&amp;body=https:\/\/livewp.site\/wp\/md\/ewebot\/portfolio\/domain-migration\/\" rel=\"noopener noreferrer\"><\/a><a target=\"_blank\" href=\"https:\/\/www.linkedin.com\/shareArticle?mini=true&amp;url=https:\/\/livewp.site\/wp\/md\/ewebot\/portfolio\/domain-migration\/&amp;title=Domain%20Migration&amp;source=Ewebot\" rel=\"noopener noreferrer\"><\/a>\r\nTags<a href=\"https:\/\/livewp.site\/wp\/md\/ewebot\/portfolio-tag\/seo\/\">SEO<\/a>\r\n<img title=\"case_img_03\" src=\"https:\/\/livewp.site\/wp\/md\/ewebot\/wp-content\/uploads\/sites\/64\/2019\/07\/case_img_03.jpg\" sizes=\"(max-width: 1170px) 100vw, 1170px\" srcset=\"https:\/\/livewp.site\/wp\/md\/ewebot\/wp-content\/uploads\/sites\/64\/2019\/07\/case_img_03.jpg 1170w, https:\/\/livewp.site\/wp\/md\/ewebot\/wp-content\/uploads\/sites\/64\/2019\/07\/case_img_03-300x200.jpg 300w, https:\/\/livewp.site\/wp\/md\/ewebot\/wp-content\/uploads\/sites\/64\/2019\/07\/case_img_03-768x512.jpg 768w, https:\/\/livewp.site\/wp\/md\/ewebot\/wp-content\/uploads\/sites\/64\/2019\/07\/case_img_03-1024x683.jpg 1024w\" alt=\"\" width=\"1170\" height=\"780\" \/>\r\n<h3>How We Work<\/h3>\r\nFrom the designers and engineers who are creating the next generation of web and mobile experiences, to anyone putting a website together for the first time. We provide elegant solutions that set new standards for online publishing.\r\n\r\nDigital technology has made our world more transparent and interconnected, posing new challenges and opportunities for every business. A holistic, user-centric perspective is what truly sets one apart.\r\n\r\n&nbsp;\r\n<p style=\"text-align: center;\">Optimization Statistics<\/p>\r\nFrom the designers and engineers who are creating the next generation of web and mobile experiences, to anyone putting a website together for the first time. We provide elegant solutions that set new standards for online publishing.\r\n\r\nDigital technology has made our world more transparent and interconnected, posing new challenges and opportunities for every business. A holistic, user-centric perspective is what truly sets one apart. together for the first time. We provide elegant solutions.\r\n\r\nFrom the designers and engineers who are creating the next generation of web and mobile experiences, to anyone putting a website together for the first time. We provide elegant solutions that set new standards for online publishing.\r\n<h3>We Will Be Useful to You<\/h3>\r\nFrom the designers and engineers who are creating the next generation of web and mobile experiences, to anyone putting a website together for the first time.\r\n\r\nDigital technology has made our world more transparent and interconnected, posing new challenges and opportunities for every business. As your budget progresses and evolves, continue referring to your SMART objectives. Stay focused and remember your goals \u2013 they will always inform what your next step will be!\r\n\r\n&nbsp;\r\n\r\nFrom the designers and engineers who are creating the next generation of web and mobile experiences, to anyone putting a website together for the first time. We provide elegant solutions that set new standards for online publishing.\r\n\r\nCum et essent similique. Inani propriae menandri sed in. Pericula expetendis has no, quo populo forensibus contentiones et, nibh error in per.\r\n\r\nDenis Robinson\r\n\r\nAs your budget progresses and evolves, continue referring to your SMART objectives. Stay focused and remember your goals \u2013 they will always inform what your next step will be!","post_excerpt":"","post_id":264,"pubDate":"Fri, 10 Jul 2020 07:12:14 +0000","post_date":"2020-07-10 07:12:14","post_date_gmt":"2020-07-10 07:12:14","comment_status":"closed","ping_status":"closed","post_name":"domain-migration","status":"publish","post_parent":0,"menu_order":0,"post_type":"portfolio","post_password":"","is_sticky":0,"terms":[30,43,44],"postmeta":[{"meta_key":"_wp_page_template","meta_value":"default"},{"meta_key":"slide_template","meta_value":""},{"meta_key":"mb_page_sidebar_layout","meta_value":"default"},{"meta_key":"mb_header_presets","meta_value":"default"},{"meta_key":"mb_page_title_conditional","meta_value":"no"},{"meta_key":"mb_page_title_use_feature_image","meta_value":"0"},{"meta_key":"mb_show_breadcrumbs","meta_value":"1"},{"meta_key":"mb_page_title_vertical_align","meta_value":"middle"},{"meta_key":"mb_page_title_horizontal_align","meta_value":"center"},{"meta_key":"mb_page_title_font_color","meta_value":"#3b3663"},{"meta_key":"mb_page_title_bg_color","meta_value":"#ffffff"},{"meta_key":"mb_page_title_bg_repeat","meta_value":"no-repeat"},{"meta_key":"mb_page_title_bg_size","meta_value":"cover"},{"meta_key":"mb_page_title_bg_attachment","meta_value":"scroll"},{"meta_key":"mb_page_title_bg_position","meta_value":"center center"},{"meta_key":"mb_page_title_height","meta_value":"215"},{"meta_key":"mb_page_title_top_border","meta_value":"0"},{"meta_key":"mb_page_title_top_border_color_opacity","meta_value":"1"},{"meta_key":"mb_page_title_bottom_border","meta_value":"0"},{"meta_key":"mb_page_title_bottom_border_color_opacity","meta_value":"1"},{"meta_key":"mb_page_title_bottom_margin","meta_value":"80"},{"meta_key":"mb_map_prefooter","meta_value":"default"},{"meta_key":"mb_footer_switch","meta_value":"default"},{"meta_key":"mb_footer_column","meta_value":"4"},{"meta_key":"mb_footer_column2","meta_value":"6-6"},{"meta_key":"mb_footer_column3","meta_value":"5-5-2"},{"meta_key":"mb_footer_column5","meta_value":"2-3-2-2-3"},{"meta_key":"mb_footer_align","meta_value":"left"},{"meta_key":"mb_padding_top","meta_value":"57"},{"meta_key":"mb_padding_bottom","meta_value":"57"},{"meta_key":"mb_padding_left","meta_value":"0"},{"meta_key":"mb_padding_right","meta_value":"0"},{"meta_key":"mb_footer_full_width","meta_value":"default"},{"meta_key":"mb_footer_bg_size","meta_value":"cover"},{"meta_key":"mb_footer_bg_color","meta_value":"#191a1c"},{"meta_key":"mb_footer_text_color","meta_value":"#ffffff"},{"meta_key":"mb_footer_heading_color","meta_value":"#9da1a5"},{"meta_key":"mb_footer_bg_repeat","meta_value":"repeat"},{"meta_key":"mb_footer_attachment","meta_value":"scroll"},{"meta_key":"mb_footer_bg_position","meta_value":"center center"},{"meta_key":"mb_footer_top_border","meta_value":"1"},{"meta_key":"mb_footer_top_border_color_opacity","meta_value":"0.1"},{"meta_key":"mb_copyright_switch","meta_value":"1"},{"meta_key":"mb_copyright_align","meta_value":"left"},{"meta_key":"mb_copyright_padding_top","meta_value":"20"},{"meta_key":"mb_copyright_padding_bottom","meta_value":"20"},{"meta_key":"mb_copyright_padding_left","meta_value":"0"},{"meta_key":"mb_copyright_padding_right","meta_value":"0"},{"meta_key":"mb_copyright_bg_color","meta_value":"#191a1c"},{"meta_key":"mb_copyright_text_color","meta_value":"#9da1a5"},{"meta_key":"mb_copyright_top_border","meta_value":"1"},{"meta_key":"mb_copyright_top_border_color_opacity","meta_value":"1"},{"meta_key":"mb_pre_footer_switch","meta_value":"0"},{"meta_key":"mb_pre_footer_align","meta_value":"left"},{"meta_key":"mb_pre_footer_padding_top","meta_value":"20"},{"meta_key":"mb_pre_footer_padding_bottom","meta_value":"20"},{"meta_key":"mb_pre_footer_padding_left","meta_value":"0"},{"meta_key":"mb_pre_footer_padding_right","meta_value":"0"},{"meta_key":"mb_pre_footer_bg_color","meta_value":"#191a1c"},{"meta_key":"mb_pre_footer_text_color","meta_value":"#9da1a5"},{"meta_key":"mb_pre_footer_bottom_border","meta_value":"1"},{"meta_key":"mb_pre_footer_bottom_border_color_opacity","meta_value":"1"},{"meta_key":"mb_preloader","meta_value":"default"},{"meta_key":"mb_preloader_type","meta_value":"linear"},{"meta_key":"mb_preloader_background","meta_value":"#191a1c"},{"meta_key":"mb_preloader_item_color","meta_value":"#ffffff"},{"meta_key":"mb_preloader_item_color2","meta_value":"#435bb2"},{"meta_key":"mb_preloader_item_width","meta_value":"120"},{"meta_key":"mb_preloader_item_stroke","meta_value":"2"},{"meta_key":"mb_preloader_item_logo_width","meta_value":"45"},{"meta_key":"mb_preloader_full","meta_value":"1"},{"meta_key":"mb_portfolio_title_conditional","meta_value":"default"},{"meta_key":"_elementor_edit_mode","meta_value":"builder"},{"meta_key":"_elementor_template_type","meta_value":"wp-post"},{"meta_key":"_elementor_version","meta_value":"2.9.8"},{"meta_key":"_elementor_data","meta_value":"[{\"id\":\"198c\",\"elType\":\"section\",\"settings\":[],\"elements\":[{\"id\":\"3ebf\",\"elType\":\"column\",\"settings\":{\"_column_size\":\"100\",\"gt3_carousel_nav_prev\":\"Prev\",\"gt3_carousel_nav_next\":\"Next\"},\"elements\":[{\"id\":\"3cde\",\"elType\":\"widget\",\"settings\":{\"image\":{\"url\":\"https:\\\/\\\/livewp.site\\\/wp\\\/md\\\/evvebot\\\/wp-content\\\/uploads\\\/sites\\\/63\\\/2019\\\/07\\\/case_img_01.jpg\",\"id\":\"978\"},\"image_size\":\"full\",\"image_border_radius\":{\"unit\":\"px\",\"top\":\"5\",\"right\":\"5\",\"bottom\":\"5\",\"left\":\"5\",\"isLinked\":\"1\"}},\"elements\":[],\"widgetType\":\"image\"}],\"isInner\":\"\"}],\"isInner\":\"\"},{\"id\":\"d9d30f9\",\"elType\":\"section\",\"settings\":[],\"elements\":[{\"id\":\"3d8a804\",\"elType\":\"column\",\"settings\":{\"_column_size\":\"100\",\"gt3_carousel_nav_prev\":\"Prev\",\"gt3_carousel_nav_next\":\"Next\"},\"elements\":[{\"id\":\"47dd3d4\",\"elType\":\"widget\",\"settings\":{\"space\":{\"unit\":\"px\",\"size\":\"10\",\"sizes\":[]}},\"elements\":[],\"widgetType\":\"spacer\"},{\"id\":\"0d8908e\",\"elType\":\"section\",\"settings\":{\"structure\":\"20\",\"gap\":\"extended\"},\"elements\":[{\"id\":\"8e11998\",\"elType\":\"column\",\"settings\":{\"_column_size\":\"50\",\"_inline_size\":\"70\",\"gt3_carousel_nav_prev\":\"Prev\",\"gt3_carousel_nav_next\":\"Next\"},\"elements\":[{\"id\":\"aa67405\",\"elType\":\"widget\",\"settings\":{\"editor\":\"<p>From the designers and engineers who are creating the next generation of web and mobile experiences, to anyone putting a website together for the first time. We provide elegant solutions that set new standards for online publishing.<\\\/p>\",\"_margin\":{\"unit\":\"px\",\"top\":\"0\",\"right\":\"0\",\"bottom\":\"8\",\"left\":\"0\",\"isLinked\":\"\"}},\"elements\":[],\"widgetType\":\"text-editor\"},{\"id\":\"7c3588b\",\"elType\":\"widget\",\"settings\":{\"editor\":\"<p>Digital technology has made our world more transparent and interconnected, posing new challenges and opportunities for every business. A holistic, user-centric perspective is what truly sets one apart.<\\\/p>\"},\"elements\":[],\"widgetType\":\"text-editor\"}],\"isInner\":\"1\"},{\"id\":\"c3f8742\",\"elType\":\"column\",\"settings\":{\"_column_size\":\"50\",\"_inline_size\":\"30\",\"gt3_carousel_nav_prev\":\"Prev\",\"gt3_carousel_nav_next\":\"Next\",\"margin\":{\"unit\":\"px\",\"top\":\"3\",\"right\":\"0\",\"bottom\":\"0\",\"left\":\"0\",\"isLinked\":\"\"},\"space_between_widgets\":\"0\"},\"elements\":[{\"id\":\"a62bea3\",\"elType\":\"widget\",\"settings\":{\"spacing_between_items\":{\"unit\":\"px\",\"size\":\"9\",\"sizes\":[]},\"label_typography_typography\":\"custom\",\"label_typography_font_size\":{\"unit\":\"px\",\"size\":\"14\",\"sizes\":[]},\"label_typography_font_weight\":\"400\",\"label_typography_text_transform\":\"none\",\"label_typography_line_height\":{\"unit\":\"px\",\"size\":\"20\",\"sizes\":[]},\"value_typography_typography\":\"custom\",\"value_typography_font_size\":{\"unit\":\"px\",\"size\":\"14\",\"sizes\":[]},\"value_typography_font_weight\":\"500\",\"value_typography_text_transform\":\"none\",\"value_typography_line_height\":{\"unit\":\"px\",\"size\":\"20\",\"sizes\":[]},\"value_color\":\"#3b3663\",\"icon_size\":{\"unit\":\"px\",\"size\":\"10\",\"sizes\":[]},\"items\":[{\"custom_meta_label\":\"Project Name\",\"custom_meta_type\":\"type_name\",\"custom_meta_value\":\"\",\"custom_meta_icon\":\"\",\"custom_colors\":\"\",\"custom_label_color\":\"\",\"custom_value_color\":\"\",\"custom_icon_color\":\"\",\"_id\":\"13956f1\"},{\"custom_meta_label\":\"Client\",\"custom_meta_type\":\"type_custom\",\"custom_meta_value\":\"WebSolutions Inc\",\"custom_meta_icon\":\"\",\"custom_colors\":\"\",\"custom_label_color\":\"\",\"custom_value_color\":\"\",\"custom_icon_color\":\"\",\"_id\":\"23b9ba2\"},{\"custom_meta_label\":\"Our Role\",\"custom_meta_type\":\"type_custom\",\"custom_meta_value\":\"SEO Optimization\",\"custom_meta_icon\":\"\",\"custom_colors\":\"\",\"custom_label_color\":\"\",\"custom_value_color\":\"\",\"custom_icon_color\":\"\",\"_id\":\"829fca3\"}]},\"elements\":[],\"widgetType\":\"gt3-core-custommeta\"},{\"id\":\"f218b92\",\"elType\":\"widget\",\"settings\":{\"sharing_label\":\"Share\",\"select_layout\":\"horizontal\",\"icon_google\":\"yes\",\"icon_linkedin\":\"yes\",\"label_typography_typography\":\"custom\",\"label_typography_font_size\":{\"unit\":\"px\",\"size\":\"14\",\"sizes\":[]},\"label_typography_font_weight\":\"400\",\"label_typography_text_transform\":\"none\",\"label_typography_line_height\":{\"unit\":\"px\",\"size\":\"20\",\"sizes\":[]},\"label_color\":\"#696687\",\"custom_link_color\":\"yes\",\"icon_facebook_color\":\"#c1bfcc\",\"icon_twitter_color\":\"#c1bfcc\",\"icon_pinterest_color\":\"#c1bfcc\",\"icon_google_color\":\"#c1bfcc\",\"icon_email_color\":\"#c1bfcc\",\"icon_linkedin_color\":\"#c1bfcc\",\"_margin\":{\"unit\":\"px\",\"top\":\"7\",\"right\":\"35\",\"bottom\":\"0\",\"left\":\"0\",\"isLinked\":\"\"}},\"elements\":[],\"widgetType\":\"gt3-core-sharing\"},{\"id\":\"32cabcc\",\"elType\":\"widget\",\"settings\":{\"label_typography_typography\":\"custom\",\"label_typography_font_size\":{\"unit\":\"px\",\"size\":\"14\",\"sizes\":[]},\"label_typography_font_weight\":\"400\",\"label_typography_text_transform\":\"none\",\"value_typography_typography\":\"custom\",\"value_typography_font_weight\":\"500\",\"value_color\":\"#3b3663\",\"_margin\":{\"unit\":\"px\",\"top\":\"9\",\"right\":\"0\",\"bottom\":\"7\",\"left\":\"0\",\"isLinked\":\"\"},\"items\":[{\"custom_meta_label\":\"Tags\",\"custom_meta_type\":\"type_tags\",\"custom_meta_value\":\"\",\"custom_meta_icon\":\"\",\"custom_colors\":\"\",\"custom_label_color\":\"\",\"custom_value_color\":\"\",\"custom_icon_color\":\"\",\"_id\":\"def9cca\"}]},\"elements\":[],\"widgetType\":\"gt3-core-custommeta\"}],\"isInner\":\"1\"}],\"isInner\":\"1\"}],\"isInner\":\"\"}],\"isInner\":\"\"},{\"id\":\"198e\",\"elType\":\"section\",\"settings\":[],\"elements\":[{\"id\":\"1589\",\"elType\":\"column\",\"settings\":{\"_column_size\":\"100\",\"gt3_carousel_nav_prev\":\"Prev\",\"gt3_carousel_nav_next\":\"Next\"},\"elements\":[{\"id\":\"6890\",\"elType\":\"widget\",\"settings\":{\"image\":{\"url\":\"https:\\\/\\\/livewp.site\\\/wp\\\/md\\\/evvebot\\\/wp-content\\\/uploads\\\/sites\\\/63\\\/2019\\\/07\\\/case_img_03.jpg\",\"id\":\"1248\"},\"image_size\":\"full\",\"image_border_radius\":{\"unit\":\"px\",\"top\":\"5\",\"right\":\"5\",\"bottom\":\"5\",\"left\":\"5\",\"isLinked\":\"1\"}},\"elements\":[],\"widgetType\":\"image\"}],\"isInner\":\"\"}],\"isInner\":\"\"},{\"id\":\"1dcb\",\"elType\":\"section\",\"settings\":[],\"elements\":[{\"id\":\"409a\",\"elType\":\"column\",\"settings\":{\"_column_size\":\"100\",\"gt3_carousel_nav_prev\":\"Prev\",\"gt3_carousel_nav_next\":\"Next\"},\"elements\":[{\"id\":\"55af\",\"elType\":\"widget\",\"settings\":{\"editor\":\"<h3>How We Work<\\\/h3>\",\"text_color\":\"#3b3663\",\"typography_typography\":\"custom\",\"typography_font_size\":{\"unit\":\"px\",\"size\":\"24\",\"sizes\":[]},\"typography_font_weight\":\"800\",\"typography_line_height\":{\"unit\":\"px\",\"size\":\"30\",\"sizes\":[]},\"_margin\":{\"unit\":\"px\",\"top\":\"23\",\"right\":\"0\",\"bottom\":\"0\",\"left\":\"0\",\"isLinked\":\"\"}},\"elements\":[],\"widgetType\":\"text-editor\"},{\"id\":\"7dbc\",\"elType\":\"widget\",\"settings\":{\"editor\":\"<p>From the designers and engineers who are creating the next generation of web and mobile experiences, to anyone putting a website together for the first time. We provide elegant solutions that set new standards for online publishing.<\\\/p>\",\"_margin\":{\"unit\":\"px\",\"top\":\"0\",\"right\":\"0\",\"bottom\":\"8\",\"left\":\"0\",\"isLinked\":\"\"}},\"elements\":[],\"widgetType\":\"text-editor\"},{\"id\":\"145\",\"elType\":\"widget\",\"settings\":{\"editor\":\"<p>Digital technology has made our world more transparent and interconnected, posing new challenges and opportunities for every business. A holistic, user-centric perspective is what truly sets one apart.<\\\/p>\"},\"elements\":[],\"widgetType\":\"text-editor\"}],\"isInner\":\"\"}],\"isInner\":\"\"},{\"id\":\"72f9\",\"elType\":\"section\",\"settings\":[],\"elements\":[{\"id\":\"15c0\",\"elType\":\"column\",\"settings\":{\"_column_size\":\"100\",\"gt3_carousel_nav_prev\":\"Prev\",\"gt3_carousel_nav_next\":\"Next\",\"space_between_widgets\":\"0\"},\"elements\":[{\"id\":\"48f2\",\"elType\":\"section\",\"settings\":{\"structure\":\"22\",\"gap\":\"extended\",\"margin\":{\"unit\":\"px\",\"top\":\"11\",\"right\":\"0\",\"bottom\":\"0\",\"left\":\"0\",\"isLinked\":\"\"}},\"elements\":[{\"id\":\"4c66\",\"elType\":\"column\",\"settings\":{\"_column_size\":\"66\",\"_inline_size\":\"56\",\"gt3_carousel_nav_prev\":\"Prev\",\"gt3_carousel_nav_next\":\"Next\",\"space_between_widgets\":\"0\"},\"elements\":[{\"id\":\"39a8\",\"elType\":\"widget\",\"settings\":{\"labels\":\"[\\\"2016\\\",\\\"2017\\\",\\\"2018\\\",\\\"2019\\\"]\",\"legend\":\"\",\"legend_position\":\"bottom\",\"x_grid\":\"\",\"x_grid_color\":\"#c0c0c0\",\"x_grid_label_font_size\":\"0\",\"x_grid_label_color\":\"#3b3663\",\"x_grid_ticks_font_size\":\"18\",\"x_grid_ticks_color\":\"#3b3663\",\"y_grid_color\":\"#c0c0c0\",\"y_grid_label_font_size\":\"18\",\"y_grid_label_color\":\"#3b3663\",\"y_grid_ticks_font_size\":\"18\",\"y_grid_ticks_color\":\"#3b3663\",\"items\":[{\"item_label\":\"Dataset #1\",\"item_data\":\"[\\\"25\\\",\\\"45\\\"]\",\"bg_color\":\"[\\\"#fe6283\\\",\\\"#36a2eb\\\"]\",\"border_color\":\"[\\\"#fe6283\\\",\\\"#36a2eb\\\"]\",\"_id\":\"c1d5ca4\",\"border_width\":\"1\"}]},\"elements\":[],\"widgetType\":\"unlimited-charts\"},{\"id\":\"6cc1\",\"elType\":\"widget\",\"settings\":{\"editor\":\"<p style=\\\"text-align: center\\\">Optimization Statistics<\\\/p>\",\"text_color\":\"696687\",\"typography_typography\":\"custom\",\"typography_font_size\":{\"unit\":\"px\",\"size\":\"14\",\"sizes\":[]},\"typography_font_weight\":\"300\",\"typography_font_style\":\"italic\",\"typography_line_height\":{\"unit\":\"px\",\"size\":\"27\",\"sizes\":[]}},\"elements\":[],\"widgetType\":\"text-editor\"}],\"isInner\":\"1\"},{\"id\":\"13fd\",\"elType\":\"column\",\"settings\":{\"_column_size\":\"33\",\"_inline_size\":\"43.332\",\"gt3_carousel_nav_prev\":\"Prev\",\"gt3_carousel_nav_next\":\"Next\"},\"elements\":[{\"id\":\"4ba7\",\"elType\":\"widget\",\"settings\":{\"editor\":\"<p>From the designers and engineers who are creating the next generation of web and mobile experiences, to anyone putting a website together for the first time. We provide elegant solutions that set new standards for online publishing.<\\\/p>\",\"_margin\":{\"unit\":\"px\",\"top\":\"0\",\"right\":\"0\",\"bottom\":\"8\",\"left\":\"0\",\"isLinked\":\"\"}},\"elements\":[],\"widgetType\":\"text-editor\"},{\"id\":\"4854\",\"elType\":\"widget\",\"settings\":{\"editor\":\"<p>Digital technology has made our world more transparent and interconnected, posing new challenges and opportunities for every business. A holistic, user-centric perspective is what truly sets one apart. <span>together for the first time. We provide elegant solutions.<\\\/span><\\\/p>\"},\"elements\":[],\"widgetType\":\"text-editor\"}],\"isInner\":\"1\"}],\"isInner\":\"1\"},{\"id\":\"7b43\",\"elType\":\"widget\",\"settings\":{\"editor\":\"<p>From the designers and engineers who are creating the next generation of web and mobile experiences, to anyone putting a website together for the first time. We provide elegant solutions that set new standards for online publishing.<\\\/p>\",\"_margin\":{\"unit\":\"px\",\"top\":\"23\",\"right\":\"0\",\"bottom\":\"16\",\"left\":\"0\",\"isLinked\":\"\"}},\"elements\":[],\"widgetType\":\"text-editor\"}],\"isInner\":\"\"}],\"isInner\":\"\"},{\"id\":\"5cd8\",\"elType\":\"section\",\"settings\":{\"structure\":\"20\"},\"elements\":[{\"id\":\"45b5\",\"elType\":\"column\",\"settings\":{\"_column_size\":\"50\",\"gt3_carousel_nav_prev\":\"Prev\",\"gt3_carousel_nav_next\":\"Next\"},\"elements\":[{\"id\":\"23e\",\"elType\":\"widget\",\"settings\":{\"editor\":\"<h3>We Will Be Useful to You<\\\/h3>\",\"text_color\":\"#3b3663\",\"typography_typography\":\"custom\",\"typography_font_size\":{\"unit\":\"px\",\"size\":\"24\",\"sizes\":[]},\"typography_font_weight\":\"800\",\"typography_line_height\":{\"unit\":\"px\",\"size\":\"30\",\"sizes\":[]},\"_margin\":{\"unit\":\"px\",\"top\":\"0\",\"right\":\"0\",\"bottom\":\"5\",\"left\":\"0\",\"isLinked\":\"\"}},\"elements\":[],\"widgetType\":\"text-editor\"},{\"id\":\"89f\",\"elType\":\"widget\",\"settings\":{\"editor\":\"<p>From the designers and engineers who are creating the next generation of web and mobile experiences, to anyone putting a website together for the first time.<\\\/p>\",\"_margin\":{\"unit\":\"px\",\"top\":\"0\",\"right\":\"0\",\"bottom\":\"7\",\"left\":\"0\",\"isLinked\":\"\"}},\"elements\":[],\"widgetType\":\"text-editor\"},{\"id\":\"4dec\",\"elType\":\"widget\",\"settings\":{\"editor\":\"<p>Digital technology has made our world more transparent and interconnected, posing new challenges and opportunities for every business. As your budget progresses and evolves, continue referring to your SMART objectives. Stay focused and remember your goals \\u2013 they will always inform what your next step will be!<\\\/p>\"},\"elements\":[],\"widgetType\":\"text-editor\"}],\"isInner\":\"\"},{\"id\":\"fbb\",\"elType\":\"column\",\"settings\":{\"_column_size\":\"50\",\"gt3_carousel_nav_prev\":\"Prev\",\"gt3_carousel_nav_next\":\"Next\"},\"elements\":[{\"id\":\"44a\",\"elType\":\"widget\",\"settings\":{\"type\":\"doughnut\",\"cutoutPercentage\":{\"unit\":\"px\",\"size\":\"50\",\"sizes\":[]},\"rotation\":{\"unit\":\"px\",\"size\":\"-130\",\"sizes\":[]},\"beginAtZero\":\"\",\"labels\":\"[\\\"Done\\\",\\\"Achieved\\\",\\\"Queue\\\",\\\"Loaded\\\"]\",\"legend_position\":\"bottom\",\"usePointStyle\":\"yes\",\"x_grid\":\"\",\"x_grid_color\":\"#c0c0c0\",\"x_grid_label_font_size\":\"0\",\"x_grid_label_color\":\"#3b3663\",\"x_grid_ticks_font_size\":\"18\",\"x_grid_ticks_color\":\"#3b3663\",\"y_grid_color\":\"#c0c0c0\",\"y_grid_label_font_size\":\"18\",\"y_grid_label_color\":\"#3b3663\",\"y_grid_ticks_font_size\":\"18\",\"y_grid_ticks_color\":\"#3b3663\",\"items\":[{\"item_label\":\"Dataset #1\",\"item_data\":\"[\\\"25\\\",\\\"45\\\"]\",\"bg_color\":\"[\\\"#fe6283\\\",\\\"#36a2eb\\\"]\",\"border_color\":\"[\\\"#fe6283\\\",\\\"#36a2eb\\\"]\",\"_id\":\"d4b7ea3\",\"border_width\":\"1\"}]},\"elements\":[],\"widgetType\":\"unlimited-charts\"}],\"isInner\":\"\"}],\"isInner\":\"\"},{\"id\":\"6c97\",\"elType\":\"section\",\"settings\":[],\"elements\":[{\"id\":\"1b16\",\"elType\":\"column\",\"settings\":{\"_column_size\":\"100\",\"gt3_carousel_nav_prev\":\"Prev\",\"gt3_carousel_nav_next\":\"Next\"},\"elements\":[{\"id\":\"831\",\"elType\":\"widget\",\"settings\":{\"editor\":\"<p>From the designers and engineers who are creating the next generation of web and mobile experiences, to anyone putting a website together for the first time. We provide elegant solutions that set new standards for online publishing.<\\\/p>\",\"_margin\":{\"unit\":\"px\",\"top\":\"15\",\"right\":\"0\",\"bottom\":\"0\",\"left\":\"0\",\"isLinked\":\"\"}},\"elements\":[],\"widgetType\":\"text-editor\"}],\"isInner\":\"\"}],\"isInner\":\"\"},{\"id\":\"52a2\",\"elType\":\"section\",\"settings\":[],\"elements\":[{\"id\":\"766d\",\"elType\":\"column\",\"settings\":{\"_column_size\":\"100\",\"gt3_carousel_nav_prev\":\"Prev\",\"gt3_carousel_nav_next\":\"Next\"},\"elements\":[{\"id\":\"6e84\",\"elType\":\"widget\",\"settings\":{\"tstm_author\":\"Denis Robinson\",\"item_align\":\"center\",\"content\":\"<p>Cum et essent similique. Inani propriae menandri sed in. Pericula expetendis has no, quo populo forensibus contentiones et, nibh error in per.<\\\/p>\"},\"elements\":[],\"widgetType\":\"gt3-core-blockquote\"}],\"isInner\":\"\"}],\"isInner\":\"\"},{\"id\":\"76ee\",\"elType\":\"section\",\"settings\":[],\"elements\":[{\"id\":\"c69\",\"elType\":\"column\",\"settings\":{\"_column_size\":\"100\",\"gt3_carousel_nav_prev\":\"Prev\",\"gt3_carousel_nav_next\":\"Next\"},\"elements\":[{\"id\":\"3b33\",\"elType\":\"widget\",\"settings\":{\"item_align\":\"center\",\"quote_items_color\":\"#f19d10\"},\"elements\":[],\"widgetType\":\"gt3-core-TestimonialsLite\"},{\"id\":\"6ef0\",\"elType\":\"widget\",\"settings\":{\"editor\":\"<p>As your budget progresses and evolves, continue referring to your SMART objectives. Stay focused and remember your goals \\u2013 they will always inform what your next step will be!<\\\/p>\"},\"elements\":[],\"widgetType\":\"text-editor\"}],\"isInner\":\"\"}],\"isInner\":\"\"}]"},{"meta_key":"_thumbnail_id","meta_value":"990"},{"meta_key":"_wp_old_date","meta_value":"2019-07-15"},{"meta_key":"_wxr_import_has_attachment_refs","meta_value":"1"},{"meta_key":"_edit_last","meta_value":"1"},{"meta_key":"_edit_lock","meta_value":"1602054177:1"},{"meta_key":"_elementor_controls_usage","meta_value":"a:10:{s:5:\"image\";a:3:{s:5:\"count\";i:2;s:15:\"control_percent\";i:1;s:8:\"controls\";a:2:{s:7:\"content\";a:1:{s:13:\"section_image\";a:2:{s:5:\"image\";i:2;s:10:\"image_size\";i:2;}}s:5:\"style\";a:1:{s:19:\"section_style_image\";a:1:{s:19:\"image_border_radius\";i:2;}}}}s:6:\"column\";a:3:{s:5:\"count\";i:14;s:15:\"control_percent\";i:0;s:8:\"controls\";a:2:{s:6:\"layout\";a:1:{s:6:\"layout\";a:2:{s:12:\"_inline_size\";i:4;s:21:\"space_between_widgets\";i:3;}}s:8:\"advanced\";a:1:{s:16:\"section_advanced\";a:1:{s:6:\"margin\";i:1;}}}}s:7:\"section\";a:3:{s:5:\"count\";i:11;s:15:\"control_percent\";i:0;s:8:\"controls\";a:2:{s:6:\"layout\";a:2:{s:17:\"section_structure\";a:1:{s:9:\"structure\";i:3;}s:14:\"section_layout\";a:1:{s:3:\"gap\";i:2;}}s:8:\"advanced\";a:1:{s:16:\"section_advanced\";a:1:{s:6:\"margin\";i:1;}}}}s:6:\"spacer\";a:3:{s:5:\"count\";i:1;s:15:\"control_percent\";i:0;s:8:\"controls\";a:1:{s:7:\"content\";a:1:{s:14:\"section_spacer\";a:1:{s:5:\"space\";i:1;}}}}s:11:\"text-editor\";a:3:{s:5:\"count\";i:14;s:15:\"control_percent\";i:0;s:8:\"controls\";a:3:{s:7:\"content\";a:1:{s:14:\"section_editor\";a:1:{s:6:\"editor\";i:14;}}s:8:\"advanced\";a:1:{s:14:\"_section_style\";a:1:{s:7:\"_margin\";i:8;}}s:5:\"style\";a:1:{s:13:\"section_style\";a:6:{s:10:\"text_color\";i:3;s:21:\"typography_typography\";i:3;s:20:\"typography_font_size\";i:3;s:22:\"typography_font_weight\";i:3;s:22:\"typography_line_height\";i:3;s:21:\"typography_font_style\";i:1;}}}}s:19:\"gt3-core-custommeta\";a:3:{s:5:\"count\";i:2;s:15:\"control_percent\";i:3;s:8:\"controls\";a:3:{s:7:\"content\";a:1:{s:13:\"basic_section\";a:2:{s:21:\"spacing_between_items\";i:1;s:5:\"items\";i:2;}}s:5:\"style\";a:1:{s:13:\"style_section\";a:12:{s:27:\"label_typography_typography\";i:2;s:26:\"label_typography_font_size\";i:2;s:28:\"label_typography_font_weight\";i:2;s:31:\"label_typography_text_transform\";i:2;s:28:\"label_typography_line_height\";i:1;s:27:\"value_typography_typography\";i:2;s:26:\"value_typography_font_size\";i:1;s:28:\"value_typography_font_weight\";i:2;s:31:\"value_typography_text_transform\";i:1;s:28:\"value_typography_line_height\";i:1;s:11:\"value_color\";i:2;s:9:\"icon_size\";i:1;}}s:8:\"advanced\";a:1:{s:14:\"_section_style\";a:1:{s:7:\"_margin\";i:1;}}}}s:16:\"gt3-core-sharing\";a:3:{s:5:\"count\";i:1;s:15:\"control_percent\";i:7;s:8:\"controls\";a:3:{s:7:\"content\";a:1:{s:13:\"basic_section\";a:4:{s:13:\"sharing_label\";i:1;s:13:\"select_layout\";i:1;s:11:\"icon_google\";i:1;s:13:\"icon_linkedin\";i:1;}}s:5:\"style\";a:1:{s:13:\"style_section\";a:13:{s:27:\"label_typography_typography\";i:1;s:26:\"label_typography_font_size\";i:1;s:28:\"label_typography_font_weight\";i:1;s:31:\"label_typography_text_transform\";i:1;s:28:\"label_typography_line_height\";i:1;s:11:\"label_color\";i:1;s:17:\"custom_link_color\";i:1;s:19:\"icon_facebook_color\";i:1;s:18:\"icon_twitter_color\";i:1;s:20:\"icon_pinterest_color\";i:1;s:17:\"icon_google_color\";i:1;s:16:\"icon_email_color\";i:1;s:19:\"icon_linkedin_color\";i:1;}}s:8:\"advanced\";a:1:{s:14:\"_section_style\";a:1:{s:7:\"_margin\";i:1;}}}}s:16:\"unlimited-charts\";a:3:{s:5:\"count\";i:2;s:15:\"control_percent\";i:8;s:8:\"controls\";a:1:{s:7:\"content\";a:3:{s:13:\"basic_section\";a:6:{s:6:\"labels\";i:2;s:5:\"items\";i:2;s:4:\"type\";i:1;s:16:\"cutoutPercentage\";i:1;s:8:\"rotation\";i:1;s:11:\"beginAtZero\";i:1;}s:14:\"legend_section\";a:3:{s:6:\"legend\";i:1;s:15:\"legend_position\";i:2;s:13:\"usePointStyle\";i:1;}s:14:\"scales_section\";a:11:{s:6:\"x_grid\";i:2;s:12:\"x_grid_color\";i:2;s:22:\"x_grid_label_font_size\";i:2;s:18:\"x_grid_label_color\";i:2;s:22:\"x_grid_ticks_font_size\";i:2;s:18:\"x_grid_ticks_color\";i:2;s:12:\"y_grid_color\";i:2;s:22:\"y_grid_label_font_size\";i:2;s:18:\"y_grid_label_color\";i:2;s:22:\"y_grid_ticks_font_size\";i:2;s:18:\"y_grid_ticks_color\";i:2;}}}}s:19:\"gt3-core-blockquote\";a:3:{s:5:\"count\";i:1;s:15:\"control_percent\";i:1;s:8:\"controls\";a:1:{s:7:\"content\";a:1:{s:20:\"section_main_section\";a:3:{s:11:\"tstm_author\";i:1;s:10:\"item_align\";i:1;s:7:\"content\";i:1;}}}}s:25:\"gt3-core-TestimonialsLite\";a:3:{s:5:\"count\";i:1;s:15:\"control_percent\";i:1;s:8:\"controls\";a:2:{s:7:\"content\";a:1:{s:15:\"general_section\";a:1:{s:10:\"item_align\";i:1;}}s:5:\"style\";a:1:{s:41:\"section_style_testimonial_content_section\";a:1:{s:17:\"quote_items_color\";i:1;}}}}}"},{"meta_key":"rs_page_bg_color","meta_value":""},{"meta_key":"mb_bubbles_block","meta_value":"default"},{"meta_key":"_wp_old_date","meta_value":"2019-07-10"},{"meta_key":"_gt3_usage_shortcodes","meta_value":"{\"mc4wp_form\":1}"}],"comments":[],"media":[978,1248,990]}