{"post_title":"pic_paralax_2","guid":"https:\/\/livewp.site\/wp\/md\/ewebot\/home-02\/pic_paralax_2\/","post_author":"","post_content":"","post_excerpt":"","post_id":2651,"pubDate":"Mon, 30 Sep 2019 12:48:49 +0000","post_date":"2019-09-30 12:48:49","post_date_gmt":"2019-09-30 12:48:49","comment_status":"open","ping_status":"closed","post_name":"pic_paralax_2","status":"inherit","post_parent":427,"menu_order":0,"post_type":"attachment","post_password":"","is_sticky":0,"terms":[],"postmeta":[{"meta_key":"_wp_attached_file","meta_value":"2019\/09\/pic_paralax_2.jpg"},{"meta_key":"_wp_attachment_metadata","meta_value":"a:5:{s:5:\"width\";i:2000;s:6:\"height\";i:667;s:4:\"file\";s:25:\"2019\/09\/pic_paralax_2.jpg\";s:5:\"sizes\";a:12:{s:6:\"medium\";a:4:{s:4:\"file\";s:25:\"pic_paralax_2-300x100.jpg\";s:5:\"width\";i:300;s:6:\"height\";i:100;s:9:\"mime-type\";s:10:\"image\/jpeg\";}s:5:\"large\";a:4:{s:4:\"file\";s:26:\"pic_paralax_2-1024x342.jpg\";s:5:\"width\";i:1024;s:6:\"height\";i:342;s:9:\"mime-type\";s:10:\"image\/jpeg\";}s:9:\"thumbnail\";a:4:{s:4:\"file\";s:25:\"pic_paralax_2-150x150.jpg\";s:5:\"width\";i:150;s:6:\"height\";i:150;s:9:\"mime-type\";s:10:\"image\/jpeg\";}s:12:\"medium_large\";a:4:{s:4:\"file\";s:25:\"pic_paralax_2-768x256.jpg\";s:5:\"width\";i:768;s:6:\"height\";i:256;s:9:\"mime-type\";s:10:\"image\/jpeg\";}s:9:\"1536x1536\";a:4:{s:4:\"file\";s:26:\"pic_paralax_2-1536x512.jpg\";s:5:\"width\";i:1536;s:6:\"height\";i:512;s:9:\"mime-type\";s:10:\"image\/jpeg\";}s:15:\"gt3theme_mobile\";a:4:{s:4:\"file\";s:25:\"pic_paralax_2-480x160.jpg\";s:5:\"width\";i:480;s:6:\"height\";i:160;s:9:\"mime-type\";s:10:\"image\/jpeg\";}s:21:\"woocommerce_thumbnail\";a:5:{s:4:\"file\";s:25:\"pic_paralax_2-300x400.jpg\";s:5:\"width\";i:300;s:6:\"height\";i:400;s:9:\"mime-type\";s:10:\"image\/jpeg\";s:9:\"uncropped\";b:0;}s:18:\"woocommerce_single\";a:4:{s:4:\"file\";s:26:\"pic_paralax_2-1200x400.jpg\";s:5:\"width\";i:1200;s:6:\"height\";i:400;s:9:\"mime-type\";s:10:\"image\/jpeg\";}s:29:\"woocommerce_gallery_thumbnail\";a:4:{s:4:\"file\";s:25:\"pic_paralax_2-400x400.jpg\";s:5:\"width\";i:400;s:6:\"height\";i:400;s:9:\"mime-type\";s:10:\"image\/jpeg\";}s:12:\"shop_catalog\";a:4:{s:4:\"file\";s:25:\"pic_paralax_2-300x400.jpg\";s:5:\"width\";i:300;s:6:\"height\";i:400;s:9:\"mime-type\";s:10:\"image\/jpeg\";}s:11:\"shop_single\";a:4:{s:4:\"file\";s:26:\"pic_paralax_2-1200x400.jpg\";s:5:\"width\";i:1200;s:6:\"height\";i:400;s:9:\"mime-type\";s:10:\"image\/jpeg\";}s:14:\"shop_thumbnail\";a:4:{s:4:\"file\";s:25:\"pic_paralax_2-400x400.jpg\";s:5:\"width\";i:400;s:6:\"height\";i:400;s:9:\"mime-type\";s:10:\"image\/jpeg\";}}s:10:\"image_meta\";a:12:{s:8:\"aperture\";s:1:\"0\";s:6:\"credit\";s:0:\"\";s:6:\"camera\";s:0:\"\";s:7:\"caption\";s:0:\"\";s:17:\"created_timestamp\";s:1:\"0\";s:9:\"copyright\";s:0:\"\";s:12:\"focal_length\";s:1:\"0\";s:3:\"iso\";s:1:\"0\";s:13:\"shutter_speed\";s:1:\"0\";s:5:\"title\";s:0:\"\";s:11:\"orientation\";s:1:\"0\";s:8:\"keywords\";a:0:{}}}"},{"meta_key":"solid_color","meta_value":"7245DC"},{"meta_key":"_edit_lock","meta_value":"1608213673:3"},{"meta_key":"_wp_old_slug","meta_value":"pic_paralax-2"},{"meta_key":"_emr_replace_author","meta_value":"3"},{"meta_key":"_edit_last","meta_value":"3"},{"meta_key":"_wp_page_template","meta_value":"default"}],"comments":[],"media":[],"attachment_url":"https:\/\/livewp.site\/wp\/md\/ewebot\/wp-content\/uploads\/sites\/64\/2019\/09\/pic_paralax_2.jpg"}