{"post_title":"pic_footer","guid":"https:\/\/livewp.site\/wp\/md\/ewebot\/pic_footer\/","post_author":"","post_content":"","post_excerpt":"","post_id":2692,"pubDate":"Thu, 26 Sep 2019 13:48:04 +0000","post_date":"2019-09-26 13:48:04","post_date_gmt":"2019-09-26 13:48:04","comment_status":"open","ping_status":"closed","post_name":"pic_footer","status":"inherit","post_parent":0,"menu_order":0,"post_type":"attachment","post_password":"","is_sticky":0,"terms":[],"postmeta":[{"meta_key":"_wp_attached_file","meta_value":"2019\/09\/pic_footer.jpg"},{"meta_key":"_wp_attachment_metadata","meta_value":"a:5:{s:5:\"width\";i:1920;s:6:\"height\";i:510;s:4:\"file\";s:22:\"2019\/09\/pic_footer.jpg\";s:5:\"sizes\";a:13:{s:9:\"thumbnail\";a:4:{s:4:\"file\";s:22:\"pic_footer-150x150.jpg\";s:5:\"width\";i:150;s:6:\"height\";i:150;s:9:\"mime-type\";s:10:\"image\/jpeg\";}s:6:\"medium\";a:4:{s:4:\"file\";s:21:\"pic_footer-300x80.jpg\";s:5:\"width\";i:300;s:6:\"height\";i:80;s:9:\"mime-type\";s:10:\"image\/jpeg\";}s:12:\"medium_large\";a:4:{s:4:\"file\";s:22:\"pic_footer-768x204.jpg\";s:5:\"width\";i:768;s:6:\"height\";i:204;s:9:\"mime-type\";s:10:\"image\/jpeg\";}s:5:\"large\";a:4:{s:4:\"file\";s:23:\"pic_footer-1024x272.jpg\";s:5:\"width\";i:1024;s:6:\"height\";i:272;s:9:\"mime-type\";s:10:\"image\/jpeg\";}s:29:\"gt3-admin-post-featured-image\";a:4:{s:4:\"file\";s:22:\"pic_footer-120x120.jpg\";s:5:\"width\";i:120;s:6:\"height\";i:120;s:9:\"mime-type\";s:10:\"image\/jpeg\";}s:17:\"gt3theme_notebook\";a:4:{s:4:\"file\";s:23:\"pic_footer-1366x363.jpg\";s:5:\"width\";i:1366;s:6:\"height\";i:363;s:9:\"mime-type\";s:10:\"image\/jpeg\";}s:12:\"gt3theme_fhd\";a:4:{s:4:\"file\";s:23:\"pic_footer-1920x510.jpg\";s:5:\"width\";i:1920;s:6:\"height\";i:510;s:9:\"mime-type\";s:10:\"image\/jpeg\";}s:21:\"woocommerce_thumbnail\";a:5:{s:4:\"file\";s:22:\"pic_footer-300x400.jpg\";s:5:\"width\";i:300;s:6:\"height\";i:400;s:9:\"mime-type\";s:10:\"image\/jpeg\";s:9:\"uncropped\";b:0;}s:18:\"woocommerce_single\";a:4:{s:4:\"file\";s:23:\"pic_footer-1200x319.jpg\";s:5:\"width\";i:1200;s:6:\"height\";i:319;s:9:\"mime-type\";s:10:\"image\/jpeg\";}s:29:\"woocommerce_gallery_thumbnail\";a:4:{s:4:\"file\";s:22:\"pic_footer-400x400.jpg\";s:5:\"width\";i:400;s:6:\"height\";i:400;s:9:\"mime-type\";s:10:\"image\/jpeg\";}s:12:\"shop_catalog\";a:4:{s:4:\"file\";s:22:\"pic_footer-300x400.jpg\";s:5:\"width\";i:300;s:6:\"height\";i:400;s:9:\"mime-type\";s:10:\"image\/jpeg\";}s:11:\"shop_single\";a:4:{s:4:\"file\";s:23:\"pic_footer-1200x319.jpg\";s:5:\"width\";i:1200;s:6:\"height\";i:319;s:9:\"mime-type\";s:10:\"image\/jpeg\";}s:14:\"shop_thumbnail\";a:4:{s:4:\"file\";s:22:\"pic_footer-400x400.jpg\";s:5:\"width\";i:400;s:6:\"height\";i:400;s:9:\"mime-type\";s:10:\"image\/jpeg\";}}s:10:\"image_meta\";a:12:{s:8:\"aperture\";s:1:\"0\";s:6:\"credit\";s:0:\"\";s:6:\"camera\";s:0:\"\";s:7:\"caption\";s:0:\"\";s:17:\"created_timestamp\";s:1:\"0\";s:9:\"copyright\";s:0:\"\";s:12:\"focal_length\";s:1:\"0\";s:3:\"iso\";s:1:\"0\";s:13:\"shutter_speed\";s:1:\"0\";s:5:\"title\";s:0:\"\";s:11:\"orientation\";s:1:\"0\";s:8:\"keywords\";a:0:{}}}"}],"comments":[],"media":[],"attachment_url":"https:\/\/livewp.site\/wp\/md\/ewebot\/wp-content\/uploads\/sites\/64\/2019\/09\/pic_footer.jpg"}