{"post_title":"","guid":"https:\/\/livewp.site\/wp\/md\/ewebot\/home-03\/home_03_img_01-2\/","post_author":"","post_content":"","post_excerpt":"","post_id":3116,"pubDate":"Tue, 08 Oct 2019 13:09:57 +0000","post_date":"2019-10-08 13:09:57","post_date_gmt":"2019-10-08 13:09:57","comment_status":"open","ping_status":"closed","post_name":"home_03_img_01-2","status":"inherit","post_parent":495,"menu_order":0,"post_type":"attachment","post_password":"","is_sticky":0,"terms":[],"postmeta":[{"meta_key":"_wp_attached_file","meta_value":"2019\/10\/home_03_img_01.png"},{"meta_key":"_wp_attachment_metadata","meta_value":"a:5:{s:5:\"width\";i:958;s:6:\"height\";i:995;s:4:\"file\";s:26:\"2019\/10\/home_03_img_01.png\";s:5:\"sizes\";a:7:{s:9:\"thumbnail\";a:4:{s:4:\"file\";s:26:\"home_03_img_01-150x150.png\";s:5:\"width\";i:150;s:6:\"height\";i:150;s:9:\"mime-type\";s:9:\"image\/png\";}s:6:\"medium\";a:4:{s:4:\"file\";s:26:\"home_03_img_01-289x300.png\";s:5:\"width\";i:289;s:6:\"height\";i:300;s:9:\"mime-type\";s:9:\"image\/png\";}s:12:\"medium_large\";a:4:{s:4:\"file\";s:26:\"home_03_img_01-768x798.png\";s:5:\"width\";i:768;s:6:\"height\";i:798;s:9:\"mime-type\";s:9:\"image\/png\";}s:21:\"woocommerce_thumbnail\";a:5:{s:4:\"file\";s:26:\"home_03_img_01-300x300.png\";s:5:\"width\";i:300;s:6:\"height\";i:300;s:9:\"mime-type\";s:9:\"image\/png\";s:9:\"uncropped\";b:0;}s:29:\"woocommerce_gallery_thumbnail\";a:4:{s:4:\"file\";s:26:\"home_03_img_01-400x400.png\";s:5:\"width\";i:400;s:6:\"height\";i:400;s:9:\"mime-type\";s:9:\"image\/png\";}s:12:\"shop_catalog\";a:4:{s:4:\"file\";s:26:\"home_03_img_01-300x300.png\";s:5:\"width\";i:300;s:6:\"height\";i:300;s:9:\"mime-type\";s:9:\"image\/png\";}s:14:\"shop_thumbnail\";a:4:{s:4:\"file\";s:26:\"home_03_img_01-400x400.png\";s:5:\"width\";i:400;s:6:\"height\";i:400;s:9:\"mime-type\";s:9:\"image\/png\";}}s:10:\"image_meta\";a:12:{s:8:\"aperture\";s:1:\"0\";s:6:\"credit\";s:0:\"\";s:6:\"camera\";s:0:\"\";s:7:\"caption\";s:0:\"\";s:17:\"created_timestamp\";s:1:\"0\";s:9:\"copyright\";s:0:\"\";s:12:\"focal_length\";s:1:\"0\";s:3:\"iso\";s:1:\"0\";s:13:\"shutter_speed\";s:1:\"0\";s:5:\"title\";s:0:\"\";s:11:\"orientation\";s:1:\"0\";s:8:\"keywords\";a:0:{}}}"}],"comments":[],"media":[],"attachment_url":"https:\/\/livewp.site\/wp\/md\/ewebot\/wp-content\/uploads\/sites\/64\/2019\/10\/home_03_img_01.png"}