{"post_title":"2.png","guid":"https:\/\/livewp.site\/wp\/md\/ewebot\/2-png\/","post_author":"","post_content":"","post_excerpt":"","post_id":3266,"pubDate":"Thu, 19 Dec 2019 06:27:33 +0000","post_date":"2019-12-19 06:27:33","post_date_gmt":"2019-12-19 06:27:33","comment_status":"open","ping_status":"closed","post_name":"2-png","status":"inherit","post_parent":0,"menu_order":0,"post_type":"attachment","post_password":"","is_sticky":0,"terms":[],"postmeta":[{"meta_key":"_wp_attached_file","meta_value":"2019\/12\/2.png"},{"meta_key":"_wp_attachment_metadata","meta_value":"a:5:{s:5:\"width\";i:346;s:6:\"height\";i:56;s:4:\"file\";s:13:\"2019\/12\/2.png\";s:5:\"sizes\";a:4:{s:6:\"medium\";a:4:{s:4:\"file\";s:12:\"2-300x49.png\";s:5:\"width\";i:300;s:6:\"height\";i:49;s:9:\"mime-type\";s:9:\"image\/png\";}s:9:\"thumbnail\";a:4:{s:4:\"file\";s:12:\"2-150x56.png\";s:5:\"width\";i:150;s:6:\"height\";i:56;s:9:\"mime-type\";s:9:\"image\/png\";}s:21:\"woocommerce_thumbnail\";a:5:{s:4:\"file\";s:12:\"2-300x56.png\";s:5:\"width\";i:300;s:6:\"height\";i:56;s:9:\"mime-type\";s:9:\"image\/png\";s:9:\"uncropped\";b:0;}s:12:\"shop_catalog\";a:4:{s:4:\"file\";s:12:\"2-300x56.png\";s:5:\"width\";i:300;s:6:\"height\";i:56;s:9:\"mime-type\";s:9:\"image\/png\";}}s:10:\"image_meta\";a:12:{s:8:\"aperture\";s:1:\"0\";s:6:\"credit\";s:0:\"\";s:6:\"camera\";s:0:\"\";s:7:\"caption\";s:0:\"\";s:17:\"created_timestamp\";s:1:\"0\";s:9:\"copyright\";s:0:\"\";s:12:\"focal_length\";s:1:\"0\";s:3:\"iso\";s:1:\"0\";s:13:\"shutter_speed\";s:1:\"0\";s:5:\"title\";s:0:\"\";s:11:\"orientation\";s:1:\"0\";s:8:\"keywords\";a:0:{}}}"},{"meta_key":"_elementor_source_image_hash","meta_value":"49c4545cf592faefe3db5624d04f9a0cc63de170"},{"meta_key":"_gt3_usage_shortcodes","meta_value":"{\"mc4wp_form\":1}"}],"comments":[],"media":[],"attachment_url":"https:\/\/livewp.site\/wp\/md\/ewebot\/wp-content\/uploads\/sites\/64\/2019\/12\/2.png"}