{"post_title":"figure_icon2_hover","guid":"https:\/\/livewp.site\/wp\/md\/ewebot\/home-04\/figure_icon2_hover\/","post_author":"","post_content":"","post_excerpt":"","post_id":3280,"pubDate":"Thu, 19 Dec 2019 06:30:35 +0000","post_date":"2019-12-19 06:30:35","post_date_gmt":"2019-12-19 06:30:35","comment_status":"open","ping_status":"closed","post_name":"figure_icon2_hover","status":"inherit","post_parent":3262,"menu_order":0,"post_type":"attachment","post_password":"","is_sticky":0,"terms":[],"postmeta":[{"meta_key":"_wp_attached_file","meta_value":"2019\/12\/figure_icon2_hover.png"},{"meta_key":"_wp_attachment_metadata","meta_value":"a:5:{s:5:\"width\";i:298;s:6:\"height\";i:282;s:4:\"file\";s:30:\"2019\/12\/figure_icon2_hover.png\";s:5:\"sizes\";a:1:{s:9:\"thumbnail\";a:4:{s:4:\"file\";s:30:\"figure_icon2_hover-150x150.png\";s:5:\"width\";i:150;s:6:\"height\";i:150;s:9:\"mime-type\";s:9:\"image\/png\";}}s:10:\"image_meta\";a:12:{s:8:\"aperture\";s:1:\"0\";s:6:\"credit\";s:0:\"\";s:6:\"camera\";s:0:\"\";s:7:\"caption\";s:0:\"\";s:17:\"created_timestamp\";s:1:\"0\";s:9:\"copyright\";s:0:\"\";s:12:\"focal_length\";s:1:\"0\";s:3:\"iso\";s:1:\"0\";s:13:\"shutter_speed\";s:1:\"0\";s:5:\"title\";s:0:\"\";s:11:\"orientation\";s:1:\"0\";s:8:\"keywords\";a:0:{}}}"}],"comments":[],"media":[],"attachment_url":"https:\/\/livewp.site\/wp\/md\/ewebot\/wp-content\/uploads\/sites\/64\/2019\/12\/figure_icon2_hover.png"}