{"post_title":"man_with_laptop","guid":"https:\/\/livewp.site\/wp\/md\/ewebot\/home-04\/man_with_laptop\/","post_author":"","post_content":"","post_excerpt":"","post_id":3283,"pubDate":"Thu, 19 Dec 2019 06:31:18 +0000","post_date":"2019-12-19 06:31:18","post_date_gmt":"2019-12-19 06:31:18","comment_status":"open","ping_status":"closed","post_name":"man_with_laptop","status":"inherit","post_parent":3262,"menu_order":0,"post_type":"attachment","post_password":"","is_sticky":0,"terms":[],"postmeta":[{"meta_key":"_wp_attached_file","meta_value":"2019\/12\/man_with_laptop.png"},{"meta_key":"_wp_attachment_metadata","meta_value":"a:5:{s:5:\"width\";i:280;s:6:\"height\";i:528;s:4:\"file\";s:27:\"2019\/12\/man_with_laptop.png\";s:5:\"sizes\";a:6:{s:6:\"medium\";a:4:{s:4:\"file\";s:27:\"man_with_laptop-159x300.png\";s:5:\"width\";i:159;s:6:\"height\";i:300;s:9:\"mime-type\";s:9:\"image\/png\";}s:9:\"thumbnail\";a:4:{s:4:\"file\";s:27:\"man_with_laptop-150x150.png\";s:5:\"width\";i:150;s:6:\"height\";i:150;s:9:\"mime-type\";s:9:\"image\/png\";}s:21:\"woocommerce_thumbnail\";a:5:{s:4:\"file\";s:27:\"man_with_laptop-280x400.png\";s:5:\"width\";i:280;s:6:\"height\";i:400;s:9:\"mime-type\";s:9:\"image\/png\";s:9:\"uncropped\";b:0;}s:29:\"woocommerce_gallery_thumbnail\";a:4:{s:4:\"file\";s:27:\"man_with_laptop-280x400.png\";s:5:\"width\";i:280;s:6:\"height\";i:400;s:9:\"mime-type\";s:9:\"image\/png\";}s:12:\"shop_catalog\";a:4:{s:4:\"file\";s:27:\"man_with_laptop-280x400.png\";s:5:\"width\";i:280;s:6:\"height\";i:400;s:9:\"mime-type\";s:9:\"image\/png\";}s:14:\"shop_thumbnail\";a:4:{s:4:\"file\";s:27:\"man_with_laptop-280x400.png\";s:5:\"width\";i:280;s:6:\"height\";i:400;s:9:\"mime-type\";s:9:\"image\/png\";}}s:10:\"image_meta\";a:12:{s:8:\"aperture\";s:1:\"0\";s:6:\"credit\";s:0:\"\";s:6:\"camera\";s:0:\"\";s:7:\"caption\";s:0:\"\";s:17:\"created_timestamp\";s:1:\"0\";s:9:\"copyright\";s:0:\"\";s:12:\"focal_length\";s:1:\"0\";s:3:\"iso\";s:1:\"0\";s:13:\"shutter_speed\";s:1:\"0\";s:5:\"title\";s:0:\"\";s:11:\"orientation\";s:1:\"0\";s:8:\"keywords\";a:0:{}}}"}],"comments":[],"media":[],"attachment_url":"https:\/\/livewp.site\/wp\/md\/ewebot\/wp-content\/uploads\/sites\/64\/2019\/12\/man_with_laptop.png"}