{"post_title":"element_02","guid":"https:\/\/livewp.site\/wp\/md\/ewebot\/home-05\/element_02\/","post_author":"","post_content":"","post_excerpt":"","post_id":3582,"pubDate":"Wed, 11 Mar 2020 15:09:39 +0000","post_date":"2020-03-11 15:09:39","post_date_gmt":"2020-03-11 15:09:39","comment_status":"open","ping_status":"closed","post_name":"element_02","status":"inherit","post_parent":3425,"menu_order":0,"post_type":"attachment","post_password":"","is_sticky":0,"terms":[],"postmeta":[{"meta_key":"_wp_attached_file","meta_value":"2020\/03\/element_02.png"},{"meta_key":"_wp_attachment_metadata","meta_value":"a:5:{s:5:\"width\";i:65;s:6:\"height\";i:355;s:4:\"file\";s:22:\"2020\/03\/element_02.png\";s:5:\"sizes\";a:2:{s:6:\"medium\";a:4:{s:4:\"file\";s:21:\"element_02-55x300.png\";s:5:\"width\";i:55;s:6:\"height\";i:300;s:9:\"mime-type\";s:9:\"image\/png\";}s:9:\"thumbnail\";a:4:{s:4:\"file\";s:21:\"element_02-65x150.png\";s:5:\"width\";i:65;s:6:\"height\";i:150;s:9:\"mime-type\";s:9:\"image\/png\";}}s:10:\"image_meta\";a:12:{s:8:\"aperture\";s:1:\"0\";s:6:\"credit\";s:0:\"\";s:6:\"camera\";s:0:\"\";s:7:\"caption\";s:0:\"\";s:17:\"created_timestamp\";s:1:\"0\";s:9:\"copyright\";s:0:\"\";s:12:\"focal_length\";s:1:\"0\";s:3:\"iso\";s:1:\"0\";s:13:\"shutter_speed\";s:1:\"0\";s:5:\"title\";s:0:\"\";s:11:\"orientation\";s:1:\"0\";s:8:\"keywords\";a:0:{}}}"}],"comments":[],"media":[],"attachment_url":"https:\/\/livewp.site\/wp\/md\/ewebot\/wp-content\/uploads\/sites\/64\/2020\/03\/element_02.png"}