{"post_title":"portfolio_img_01","guid":"https:\/\/livewp.site\/wp\/md\/ewebot\/portfolio\/online-media-management_112\/portfolio_img_01\/","post_author":"","post_content":"","post_excerpt":"","post_id":3727,"pubDate":"Thu, 12 Mar 2020 13:13:16 +0000","post_date":"2020-03-12 13:13:16","post_date_gmt":"2020-03-12 13:13:16","comment_status":"open","ping_status":"closed","post_name":"portfolio_img_01","status":"inherit","post_parent":3705,"menu_order":0,"post_type":"attachment","post_password":"","is_sticky":0,"terms":[],"postmeta":[{"meta_key":"_wp_attached_file","meta_value":"2020\/03\/portfolio_img_01.jpg"},{"meta_key":"_wp_attachment_metadata","meta_value":"a:5:{s:5:\"width\";i:1506;s:6:\"height\";i:1084;s:4:\"file\";s:28:\"2020\/03\/portfolio_img_01.jpg\";s:5:\"sizes\";a:10:{s:6:\"medium\";a:4:{s:4:\"file\";s:28:\"portfolio_img_01-300x216.jpg\";s:5:\"width\";i:300;s:6:\"height\";i:216;s:9:\"mime-type\";s:10:\"image\/jpeg\";}s:5:\"large\";a:4:{s:4:\"file\";s:29:\"portfolio_img_01-1024x737.jpg\";s:5:\"width\";i:1024;s:6:\"height\";i:737;s:9:\"mime-type\";s:10:\"image\/jpeg\";}s:9:\"thumbnail\";a:4:{s:4:\"file\";s:28:\"portfolio_img_01-150x150.jpg\";s:5:\"width\";i:150;s:6:\"height\";i:150;s:9:\"mime-type\";s:10:\"image\/jpeg\";}s:12:\"medium_large\";a:4:{s:4:\"file\";s:28:\"portfolio_img_01-768x553.jpg\";s:5:\"width\";i:768;s:6:\"height\";i:553;s:9:\"mime-type\";s:10:\"image\/jpeg\";}s:21:\"woocommerce_thumbnail\";a:5:{s:4:\"file\";s:28:\"portfolio_img_01-300x400.jpg\";s:5:\"width\";i:300;s:6:\"height\";i:400;s:9:\"mime-type\";s:10:\"image\/jpeg\";s:9:\"uncropped\";b:0;}s:18:\"woocommerce_single\";a:4:{s:4:\"file\";s:29:\"portfolio_img_01-1200x864.jpg\";s:5:\"width\";i:1200;s:6:\"height\";i:864;s:9:\"mime-type\";s:10:\"image\/jpeg\";}s:29:\"woocommerce_gallery_thumbnail\";a:4:{s:4:\"file\";s:28:\"portfolio_img_01-400x400.jpg\";s:5:\"width\";i:400;s:6:\"height\";i:400;s:9:\"mime-type\";s:10:\"image\/jpeg\";}s:12:\"shop_catalog\";a:4:{s:4:\"file\";s:28:\"portfolio_img_01-300x400.jpg\";s:5:\"width\";i:300;s:6:\"height\";i:400;s:9:\"mime-type\";s:10:\"image\/jpeg\";}s:11:\"shop_single\";a:4:{s:4:\"file\";s:29:\"portfolio_img_01-1200x864.jpg\";s:5:\"width\";i:1200;s:6:\"height\";i:864;s:9:\"mime-type\";s:10:\"image\/jpeg\";}s:14:\"shop_thumbnail\";a:4:{s:4:\"file\";s:28:\"portfolio_img_01-400x400.jpg\";s:5:\"width\";i:400;s:6:\"height\";i:400;s:9:\"mime-type\";s:10:\"image\/jpeg\";}}s:10:\"image_meta\";a:12:{s:8:\"aperture\";s:1:\"0\";s:6:\"credit\";s:0:\"\";s:6:\"camera\";s:0:\"\";s:7:\"caption\";s:0:\"\";s:17:\"created_timestamp\";s:1:\"0\";s:9:\"copyright\";s:0:\"\";s:12:\"focal_length\";s:1:\"0\";s:3:\"iso\";s:1:\"0\";s:13:\"shutter_speed\";s:1:\"0\";s:5:\"title\";s:0:\"\";s:11:\"orientation\";s:1:\"0\";s:8:\"keywords\";a:0:{}}}"},{"meta_key":"solid_color","meta_value":"566971"}],"comments":[],"media":[],"attachment_url":"https:\/\/livewp.site\/wp\/md\/ewebot\/wp-content\/uploads\/sites\/64\/2020\/03\/portfolio_img_01.jpg"}