{"post_title":"Contact Us","guid":"https:\/\/livewp.site\/wp\/md\/ewebot\/contact-us\/","post_author":"","post_content":"<h5>business<\/h5>\t\t\n\t\t\t<h2>Find the Perfect Solution for Your Business<\/h2>\t\t\n\t\t<p>Lorem Ipsum ogravida nibh vel velit auctor alinean sollicitudi orem quis bibendum auctor, nisi elit consequat ipsum, nec sagittis sem nibh id elit. Duis sed odio sit amet nibh porttitor aliquam ex est<\/p>\t\t\n\t\t\t\t\t\t\t\t\t\t\t\t<img width=\"1172\" height=\"633\" src=\"https:\/\/livewp.site\/wp\/md\/ewebot\/wp-content\/uploads\/sites\/64\/2019\/09\/contacts_01.jpg\" alt=\"\" loading=\"lazy\" srcset=\"https:\/\/livewp.site\/wp\/md\/ewebot\/wp-content\/uploads\/sites\/64\/2019\/09\/contacts_01.jpg 1172w, https:\/\/livewp.site\/wp\/md\/ewebot\/wp-content\/uploads\/sites\/64\/2019\/09\/contacts_01-300x162.jpg 300w, https:\/\/livewp.site\/wp\/md\/ewebot\/wp-content\/uploads\/sites\/64\/2019\/09\/contacts_01-768x415.jpg 768w, https:\/\/livewp.site\/wp\/md\/ewebot\/wp-content\/uploads\/sites\/64\/2019\/09\/contacts_01-1024x553.jpg 1024w\" sizes=\"(max-width: 1172px) 100vw, 1172px\" title=\"contacts_01\" \/>\t\t\t\t\t\t\t\t\t\t\t\t\t\t\n\t\t<h5>Get in touch<\/h5>\t\t\n\t\t\t<h2>Contact Us<\/h2>\t\t\n\t\t<p>I have worls-class, flexible support via live chat, email and hone. I guarantee that you\u2019ll be able to have any issue resolved within 24 hours.<\/p>\t\t\n\t\t\tPhone:8 800 2534 236Send Email:email@example.com<br>\nemail@yoursite.comAddress:27 Division St, New York, NY 10002,<br> United States\t\t\n\t\t\t<h2>Drop Us a Line<\/h2>\t\t\n\t\t<p>Programs provi patient peace mind when option.<\/p>\t\t\n\t\t\t[contact-form-7 id=\"1881\" title=\"Contact form 4\"]\t\t\n\t\t\t<iframe frameborder=\"0\" scrolling=\"no\" marginheight=\"0\" marginwidth=\"0\" src=\"https:\/\/maps.google.com\/maps?q=London%20Eye%2C%20London%2C%20United%20Kingdom&amp;t=m&amp;z=15&amp;output=embed&amp;iwloc=near\" title=\"%3$s\" aria-label=\"%3$s\"><\/iframe>\n\t\t\t<figure><img width=\"94\" height=\"82\" src=\"https:\/\/livewp.site\/wp\/md\/ewebot\/wp-content\/uploads\/sites\/64\/2019\/07\/img_box_10.png\" alt=\"\" loading=\"lazy\" title=\"img_box_10\" \/><\/figure><h2>Sing up for Newsletter<\/h2><p>and receive 40% discount on first project<\/p>\t\t\n\t\t\t[mc4wp_form id=\"9431\"]","post_excerpt":"","post_id":382,"pubDate":"Tue, 16 Jul 2019 11:36:11 +0000","post_date":"2019-07-16 11:36:11","post_date_gmt":"2019-07-16 11:36:11","comment_status":"closed","ping_status":"closed","post_name":"contact-us","status":"publish","post_parent":0,"menu_order":0,"post_type":"page","post_password":"","is_sticky":0,"terms":[],"postmeta":[{"meta_key":"mb_page_sidebar_layout","meta_value":"default"},{"meta_key":"mb_header_presets","meta_value":"0"},{"meta_key":"mb_page_title_conditional","meta_value":"default"},{"meta_key":"mb_page_title_use_feature_image","meta_value":"0"},{"meta_key":"mb_show_breadcrumbs","meta_value":"1"},{"meta_key":"mb_page_title_vertical_align","meta_value":"middle"},{"meta_key":"mb_page_title_horizontal_align","meta_value":"center"},{"meta_key":"mb_page_title_font_color","meta_value":"#ffffff"},{"meta_key":"mb_page_title_bg_color","meta_value":"#ffffff"},{"meta_key":"mb_page_title_bg_repeat","meta_value":"no-repeat"},{"meta_key":"mb_page_title_bg_size","meta_value":"cover"},{"meta_key":"mb_page_title_bg_attachment","meta_value":"scroll"},{"meta_key":"mb_page_title_bg_position","meta_value":"center center"},{"meta_key":"mb_page_title_height","meta_value":"260"},{"meta_key":"mb_page_title_top_border","meta_value":"0"},{"meta_key":"mb_page_title_top_border_color_opacity","meta_value":"1"},{"meta_key":"mb_page_title_bottom_border","meta_value":"0"},{"meta_key":"mb_page_title_bottom_border_color_opacity","meta_value":"1"},{"meta_key":"mb_page_title_bottom_margin","meta_value":"0"},{"meta_key":"mb_map_prefooter","meta_value":"default"},{"meta_key":"mb_footer_switch","meta_value":"default"},{"meta_key":"mb_footer_column","meta_value":"4"},{"meta_key":"mb_footer_column2","meta_value":"6-6"},{"meta_key":"mb_footer_column3","meta_value":"5-5-2"},{"meta_key":"mb_footer_column5","meta_value":"2-3-2-2-3"},{"meta_key":"mb_footer_align","meta_value":"left"},{"meta_key":"mb_padding_top","meta_value":"57"},{"meta_key":"mb_padding_bottom","meta_value":"57"},{"meta_key":"mb_padding_left","meta_value":"0"},{"meta_key":"mb_padding_right","meta_value":"0"},{"meta_key":"mb_footer_full_width","meta_value":"default"},{"meta_key":"mb_footer_bg_size","meta_value":"cover"},{"meta_key":"mb_footer_bg_color","meta_value":"#191a1c"},{"meta_key":"mb_footer_text_color","meta_value":"#ffffff"},{"meta_key":"mb_footer_heading_color","meta_value":"#9da1a5"},{"meta_key":"mb_footer_bg_repeat","meta_value":"repeat"},{"meta_key":"mb_footer_attachment","meta_value":"scroll"},{"meta_key":"mb_footer_bg_position","meta_value":"center center"},{"meta_key":"mb_footer_top_border","meta_value":"1"},{"meta_key":"mb_footer_top_border_color_opacity","meta_value":"0.1"},{"meta_key":"mb_copyright_switch","meta_value":"1"},{"meta_key":"mb_copyright_align","meta_value":"left"},{"meta_key":"mb_copyright_padding_top","meta_value":"20"},{"meta_key":"mb_copyright_padding_bottom","meta_value":"20"},{"meta_key":"mb_copyright_padding_left","meta_value":"0"},{"meta_key":"mb_copyright_padding_right","meta_value":"0"},{"meta_key":"mb_copyright_bg_color","meta_value":"#191a1c"},{"meta_key":"mb_copyright_text_color","meta_value":"#9da1a5"},{"meta_key":"mb_copyright_top_border","meta_value":"1"},{"meta_key":"mb_copyright_top_border_color_opacity","meta_value":"1"},{"meta_key":"mb_pre_footer_switch","meta_value":"0"},{"meta_key":"mb_pre_footer_align","meta_value":"left"},{"meta_key":"mb_pre_footer_padding_top","meta_value":"20"},{"meta_key":"mb_pre_footer_padding_bottom","meta_value":"20"},{"meta_key":"mb_pre_footer_padding_left","meta_value":"0"},{"meta_key":"mb_pre_footer_padding_right","meta_value":"0"},{"meta_key":"mb_pre_footer_bg_color","meta_value":"#191a1c"},{"meta_key":"mb_pre_footer_text_color","meta_value":"#9da1a5"},{"meta_key":"mb_pre_footer_bottom_border","meta_value":"1"},{"meta_key":"mb_pre_footer_bottom_border_color_opacity","meta_value":"1"},{"meta_key":"mb_preloader","meta_value":"default"},{"meta_key":"mb_preloader_type","meta_value":"linear"},{"meta_key":"mb_preloader_background","meta_value":"#191a1c"},{"meta_key":"mb_preloader_item_color","meta_value":"#ffffff"},{"meta_key":"mb_preloader_item_color2","meta_value":"#435bb2"},{"meta_key":"mb_preloader_item_width","meta_value":"120"},{"meta_key":"mb_preloader_item_stroke","meta_value":"2"},{"meta_key":"mb_preloader_item_logo_width","meta_value":"45"},{"meta_key":"mb_preloader_full","meta_value":"1"},{"meta_key":"_elementor_edit_mode","meta_value":"builder"},{"meta_key":"_elementor_template_type","meta_value":"wp-post"},{"meta_key":"_elementor_version","meta_value":"3.3.1"},{"meta_key":"_wp_page_template","meta_value":"default"},{"meta_key":"_elementor_data","meta_value":"[{\"id\":\"97ab970\",\"elType\":\"section\",\"settings\":{\"content_width\":{\"unit\":\"px\",\"size\":\"1200\",\"sizes\":[]},\"structure\":\"33\",\"background_position\":\"top center\",\"background_repeat\":\"no-repeat\",\"background_size\":\"cover\"},\"elements\":[{\"id\":\"fd85011\",\"elType\":\"column\",\"settings\":{\"_column_size\":\"25\",\"_inline_size\":\"21\",\"gt3_carousel_nav_prev\":\"Prev\",\"gt3_carousel_nav_next\":\"Next\"},\"elements\":[],\"isInner\":\"\"},{\"id\":\"795f762\",\"elType\":\"column\",\"settings\":{\"_column_size\":\"50\",\"_inline_size\":\"58\",\"space_between_widgets\":\"0\",\"gt3_carousel_nav_prev\":\"Prev\",\"gt3_carousel_nav_next\":\"Next\"},\"elements\":[{\"id\":\"1acea53\",\"elType\":\"widget\",\"settings\":{\"editor\":\"<h5>business<\\\/h5>\",\"align\":\"center\",\"typography_typography\":\"custom\",\"typography_font_size\":{\"unit\":\"px\",\"size\":\"14\",\"sizes\":[]},\"typography_text_transform\":\"uppercase\",\"typography_font_weight\":\"bold\",\"_margin\":{\"unit\":\"px\",\"top\":\"0\",\"right\":\"0\",\"bottom\":\"3\",\"left\":\"0\",\"isLinked\":\"\"}},\"elements\":[],\"widgetType\":\"text-editor\"},{\"id\":\"7a4c063\",\"elType\":\"widget\",\"settings\":{\"title\":\"Find the Perfect Solution for Your Business\",\"align\":\"center\",\"_margin\":{\"unit\":\"px\",\"top\":\"0\",\"right\":\"0\",\"bottom\":\"15\",\"left\":\"0\",\"isLinked\":\"\"},\"typography_typography\":\"custom\",\"typography_line_height\":{\"unit\":\"px\",\"size\":\"38\",\"sizes\":[]},\"_padding\":{\"unit\":\"%\",\"top\":\"0\",\"right\":\"19\",\"bottom\":\"0\",\"left\":\"19\",\"isLinked\":\"\"},\"_padding_mobile\":{\"unit\":\"px\",\"top\":\"0\",\"right\":\"0\",\"bottom\":\"0\",\"left\":\"0\",\"isLinked\":\"1\"}},\"elements\":[],\"widgetType\":\"heading\"},{\"id\":\"e9f8731\",\"elType\":\"widget\",\"settings\":{\"editor\":\"<p>Lorem Ipsum ogravida nibh vel velit auctor alinean sollicitudi orem quis bibendum auctor, nisi elit consequat ipsum, nec sagittis sem nibh id elit. Duis sed odio sit amet nibh porttitor aliquam ex est<\\\/p>\",\"align\":\"center\",\"_padding\":{\"unit\":\"%\",\"top\":\"\",\"right\":\"\",\"bottom\":\"\",\"left\":\"\",\"isLinked\":\"1\"}},\"elements\":[],\"widgetType\":\"text-editor\"}],\"isInner\":\"\"},{\"id\":\"b505c64\",\"elType\":\"column\",\"settings\":{\"_column_size\":\"25\",\"_inline_size\":\"21\",\"gt3_carousel_nav_prev\":\"Prev\",\"gt3_carousel_nav_next\":\"Next\"},\"elements\":[],\"isInner\":\"\"}],\"isInner\":\"\"},{\"id\":\"4471351\",\"elType\":\"section\",\"settings\":[],\"elements\":[{\"id\":\"b1c3b92\",\"elType\":\"column\",\"settings\":{\"_column_size\":\"100\",\"gt3_carousel_nav_prev\":\"Prev\",\"gt3_carousel_nav_next\":\"Next\"},\"elements\":[{\"id\":\"fdd6a61\",\"elType\":\"widget\",\"settings\":{\"image\":{\"url\":\"https:\\\/\\\/livewp.site\\\/wp\\\/md\\\/ewebot\\\/wp-content\\\/uploads\\\/sites\\\/64\\\/2019\\\/09\\\/contacts_01.jpg\",\"id\":\"2073\"},\"image_size\":\"full\",\"_margin\":{\"unit\":\"px\",\"top\":\"17\",\"right\":\"-1\",\"bottom\":\"0\",\"left\":\"-1\",\"isLinked\":\"\"},\"_margin_tablet\":{\"unit\":\"px\",\"top\":\"0\",\"right\":\"0\",\"bottom\":\"0\",\"left\":\"0\",\"isLinked\":\"1\"}},\"elements\":[],\"widgetType\":\"image\"},{\"id\":\"8c676b5\",\"elType\":\"widget\",\"settings\":{\"space\":{\"unit\":\"px\",\"size\":\"60\",\"sizes\":[]}},\"elements\":[],\"widgetType\":\"spacer\"}],\"isInner\":\"\"}],\"isInner\":\"\"},{\"id\":\"af3eb13\",\"elType\":\"section\",\"settings\":{\"structure\":\"30\"},\"elements\":[{\"id\":\"a15aad9\",\"elType\":\"column\",\"settings\":{\"_column_size\":\"33\",\"_inline_size\":\"41.334\",\"gt3_carousel_nav_prev\":\"Prev\",\"gt3_carousel_nav_next\":\"Next\",\"space_between_widgets\":\"0\"},\"elements\":[{\"id\":\"7ca78cd\",\"elType\":\"widget\",\"settings\":{\"editor\":\"<h5>Get in touch<\\\/h5>\",\"typography_typography\":\"custom\",\"typography_font_size\":{\"unit\":\"px\",\"size\":\"14\",\"sizes\":[]},\"typography_text_transform\":\"uppercase\",\"_margin\":{\"unit\":\"px\",\"top\":\"0\",\"right\":\"0\",\"bottom\":\"3\",\"left\":\"0\",\"isLinked\":\"\"},\"typography_font_weight\":\"700\"},\"elements\":[],\"widgetType\":\"text-editor\"},{\"id\":\"f7ab0d8\",\"elType\":\"widget\",\"settings\":{\"title\":\"Contact Us\",\"_margin\":{\"unit\":\"px\",\"top\":\"0\",\"right\":\"0\",\"bottom\":\"14\",\"left\":\"0\",\"isLinked\":\"\"},\"typography_typography\":\"custom\",\"typography_line_height\":{\"unit\":\"px\",\"size\":\"38\",\"sizes\":[]}},\"elements\":[],\"widgetType\":\"heading\"},{\"id\":\"3c0a276\",\"elType\":\"widget\",\"settings\":{\"editor\":\"<p>I have worls-class, flexible support via live chat, email and hone. I guarantee that you\\u2019ll be able to have any issue resolved within 24 hours.<\\\/p>\"},\"elements\":[],\"widgetType\":\"text-editor\"},{\"id\":\"5d1fa19\",\"elType\":\"widget\",\"settings\":{\"space\":{\"unit\":\"px\",\"size\":\"30\",\"sizes\":[]}},\"elements\":[],\"widgetType\":\"spacer\"},{\"id\":\"c2807bc\",\"elType\":\"widget\",\"settings\":{\"spacing_between_items\":{\"unit\":\"px\",\"size\":\"16\",\"sizes\":[]},\"items\":[{\"custom_meta_label\":\"Phone:\",\"custom_meta_value\":\"8 800 2534 236\",\"custom_colors\":\"yes\",\"custom_value_color\":\"#5747e4\",\"_id\":\"04db689\"},{\"custom_meta_label\":\"Send Email:\",\"custom_meta_value\":\"email@example.com<br>\\nemail@yoursite.com\",\"_id\":\"210ff16\"},{\"custom_meta_label\":\"Address:\",\"custom_meta_value\":\"27 Division St, New York, NY 10002,<br> United States\",\"_id\":\"30f9222\"}],\"label_typography_typography\":\"custom\",\"label_typography_font_family\":\"Nunito\",\"label_typography_font_size\":{\"unit\":\"px\",\"size\":\"16\",\"sizes\":[]},\"label_typography_font_weight\":\"bold\",\"label_typography_text_transform\":\"none\",\"label_typography_line_height\":{\"unit\":\"em\",\"size\":\"1.6\",\"sizes\":[]},\"label_color\":\"#3b3663\",\"value_typography_typography\":\"custom\",\"value_typography_font_size\":{\"unit\":\"px\",\"size\":\"16\",\"sizes\":[]},\"value_typography_font_weight\":\"400\",\"value_typography_line_height\":{\"unit\":\"em\",\"size\":\"1.5\",\"sizes\":[]},\"value_typography_letter_spacing\":{\"unit\":\"px\",\"size\":\"0\",\"sizes\":[]},\"icon_size\":{\"unit\":\"px\",\"size\":\"10\",\"sizes\":[]}},\"elements\":[],\"widgetType\":\"gt3-core-custommeta\"},{\"id\":\"96b973e\",\"elType\":\"widget\",\"settings\":{\"spacing_between_items\":{\"unit\":\"px\",\"size\":\"16\",\"sizes\":[]},\"label_typography_typography\":\"custom\",\"label_typography_font_family\":\"Nunito\",\"label_typography_font_size\":{\"unit\":\"px\",\"size\":\"16\",\"sizes\":[]},\"label_typography_font_weight\":\"bold\",\"label_typography_text_transform\":\"none\",\"label_typography_line_height\":{\"unit\":\"em\",\"size\":\"1.6\",\"sizes\":[]},\"label_color\":\"#3b3663\",\"value_typography_typography\":\"custom\",\"value_typography_font_size\":{\"unit\":\"px\",\"size\":\"16\",\"sizes\":[]},\"value_typography_font_weight\":\"400\",\"value_typography_line_height\":{\"unit\":\"em\",\"size\":\"1.5\",\"sizes\":[]},\"value_typography_letter_spacing\":{\"unit\":\"px\",\"size\":\"0\",\"sizes\":[]},\"icon_size\":{\"unit\":\"px\",\"size\":\"10\",\"sizes\":[]},\"items\":[{\"_id\":\"914ef92\"}]},\"elements\":[],\"widgetType\":\"gt3-core-custommeta\"}],\"isInner\":\"\"},{\"id\":\"baec281\",\"elType\":\"column\",\"settings\":{\"_column_size\":\"33\",\"_inline_size\":\"8.33\",\"gt3_carousel_nav_prev\":\"Prev\",\"gt3_carousel_nav_next\":\"Next\"},\"elements\":[],\"isInner\":\"\"},{\"id\":\"1e81522\",\"elType\":\"column\",\"settings\":{\"_column_size\":\"33\",\"_inline_size\":\"50\",\"gt3_carousel_nav_prev\":\"Prev\",\"gt3_carousel_nav_next\":\"Next\"},\"elements\":[{\"id\":\"0e7dee3\",\"elType\":\"section\",\"settings\":{\"margin_mobile\":{\"unit\":\"px\",\"top\":\"\",\"right\":\"0\",\"bottom\":\"\",\"left\":\"0\",\"isLinked\":\"1\"}},\"elements\":[{\"id\":\"8b975d4\",\"elType\":\"column\",\"settings\":{\"_column_size\":\"100\",\"space_between_widgets\":\"0\",\"gt3_carousel_nav_prev\":\"Prev\",\"gt3_carousel_nav_next\":\"Next\",\"background_background\":\"classic\",\"background_image\":{\"url\":\"https:\\\/\\\/livewp.site\\\/wp\\\/md\\\/ewebot\\\/wp-content\\\/uploads\\\/sites\\\/64\\\/2019\\\/07\\\/contacts_img_02.png\",\"id\":\"986\"},\"background_position\":\"top center\",\"background_repeat\":\"no-repeat\",\"background_size\":\"cover\",\"border_radius\":{\"unit\":\"px\",\"top\":\"10\",\"right\":\"10\",\"bottom\":\"10\",\"left\":\"10\",\"isLinked\":\"1\"},\"padding\":{\"unit\":\"px\",\"top\":\"43\",\"right\":\"50\",\"bottom\":\"35\",\"left\":\"50\",\"isLinked\":\"\"}},\"elements\":[{\"id\":\"c9a556c\",\"elType\":\"widget\",\"settings\":{\"title\":\"Drop Us a Line\",\"_margin\":{\"unit\":\"px\",\"top\":\"0\",\"right\":\"0\",\"bottom\":\"14\",\"left\":\"0\",\"isLinked\":\"\"},\"typography_typography\":\"custom\",\"typography_line_height\":{\"unit\":\"px\",\"size\":\"38\",\"sizes\":[]}},\"elements\":[],\"widgetType\":\"heading\"},{\"id\":\"5d82e16\",\"elType\":\"widget\",\"settings\":{\"editor\":\"<p>Programs provi patient peace mind when option.<\\\/p>\"},\"elements\":[],\"widgetType\":\"text-editor\"},{\"id\":\"ba9d379\",\"elType\":\"widget\",\"settings\":{\"space\":{\"unit\":\"px\",\"size\":\"27\",\"sizes\":[]}},\"elements\":[],\"widgetType\":\"spacer\"},{\"id\":\"c3a456a\",\"elType\":\"widget\",\"settings\":{\"html\":\"[contact-form-7 id=\\\"1881\\\" title=\\\"Contact form 4\\\"]\"},\"elements\":[],\"widgetType\":\"html\"}],\"isInner\":\"1\"}],\"isInner\":\"1\"},{\"id\":\"33e5731\",\"elType\":\"widget\",\"settings\":{\"space\":{\"unit\":\"px\",\"size\":\"90\",\"sizes\":[]}},\"elements\":[],\"widgetType\":\"spacer\"}],\"isInner\":\"\"}],\"isInner\":\"\"},{\"id\":\"959c609\",\"elType\":\"section\",\"settings\":{\"layout\":\"full_width\",\"gap\":\"no\"},\"elements\":[{\"id\":\"7f69d57\",\"elType\":\"column\",\"settings\":{\"_column_size\":\"100\",\"gt3_carousel_nav_prev\":\"Prev\",\"gt3_carousel_nav_next\":\"Next\",\"space_between_widgets\":\"0\"},\"elements\":[{\"id\":\"e585f79\",\"elType\":\"widget\",\"settings\":{\"address\":\"London Eye, London, United Kingdom\",\"zoom\":{\"unit\":\"px\",\"size\":\"15\",\"sizes\":[]},\"height\":{\"unit\":\"px\",\"size\":\"570\",\"sizes\":[]}},\"elements\":[],\"widgetType\":\"google_maps\"}],\"isInner\":\"\"}],\"isInner\":\"\"},{\"id\":\"5ce73a0\",\"elType\":\"section\",\"settings\":{\"structure\":\"20\",\"background_background\":\"classic\",\"background_color\":\"#f9f8ff\"},\"elements\":[{\"id\":\"07792a2\",\"elType\":\"column\",\"settings\":{\"_column_size\":\"50\",\"gt3_carousel_nav_prev\":\"Prev\",\"gt3_carousel_nav_next\":\"Next\"},\"elements\":[{\"id\":\"f9bd9f4\",\"elType\":\"widget\",\"settings\":{\"space\":{\"unit\":\"px\",\"size\":\"34\",\"sizes\":[]}},\"elements\":[],\"widgetType\":\"spacer\"},{\"id\":\"a31346b\",\"elType\":\"widget\",\"settings\":{\"image\":{\"url\":\"https:\\\/\\\/livewp.site\\\/wp\\\/md\\\/evvebot\\\/wp-content\\\/uploads\\\/sites\\\/63\\\/2019\\\/07\\\/img_box_10.png\",\"id\":\"1028\"},\"thumbnail_custom_dimension\":{\"width\":\"47\",\"height\":\"41\"},\"title_text\":\"Sing up for Newsletter\",\"description_text\":\"and receive 40% discount on first project\",\"default_position\":\"left\",\"title_size\":\"h2\",\"image_space\":{\"unit\":\"px\",\"top\":\"0\",\"right\":\"28\",\"bottom\":\"0\",\"left\":\"0\",\"isLinked\":\"\"},\"image_size\":{\"unit\":\"px\",\"size\":\"54\",\"sizes\":[]},\"content_vertical_alignment\":\"middle\",\"title_bottom_space\":{\"unit\":\"px\",\"size\":\"4\",\"sizes\":[]},\"title_color\":\"#3b3663\",\"description_color\":\"#3b3663\"},\"elements\":[],\"widgetType\":\"gt3-core-imagebox\"},{\"id\":\"68efd26\",\"elType\":\"widget\",\"settings\":{\"space\":{\"unit\":\"px\",\"size\":\"20\",\"sizes\":[]}},\"elements\":[],\"widgetType\":\"spacer\"}],\"isInner\":\"\"},{\"id\":\"2e39afc\",\"elType\":\"column\",\"settings\":{\"_column_size\":\"50\",\"gt3_carousel_nav_prev\":\"Prev\",\"gt3_carousel_nav_next\":\"Next\",\"content_position\":\"center\",\"margin\":{\"unit\":\"px\",\"top\":\"10\",\"right\":\"0\",\"bottom\":\"0\",\"left\":\"0\",\"isLinked\":\"\"}},\"elements\":[{\"id\":\"229da0c\",\"elType\":\"widget\",\"settings\":{\"html\":\"[mc4wp_form id=\\\"9431\\\"]\",\"_margin_mobile\":{\"unit\":\"px\",\"top\":\"0\",\"right\":\"0\",\"bottom\":\"60\",\"left\":\"0\",\"isLinked\":\"\"}},\"elements\":[],\"widgetType\":\"html\"}],\"isInner\":\"\"}],\"isInner\":\"\"}]"},{"meta_key":"_wxr_import_has_attachment_refs","meta_value":"1"},{"meta_key":"_edit_last","meta_value":"1"},{"meta_key":"_edit_lock","meta_value":"1628254402:3"},{"meta_key":"mb_bubbles_block","meta_value":"show"},{"meta_key":"mb_page_title_bg_image","meta_value":"2651"},{"meta_key":"_elementor_page_assets","meta_value":"a:0:{}"},{"meta_key":"_elementor_controls_usage","meta_value":"a:8:{s:6:\"column\";a:3:{s:5:\"count\";i:11;s:15:\"control_percent\";i:1;s:8:\"controls\";a:3:{s:6:\"layout\";a:1:{s:6:\"layout\";a:3:{s:12:\"_inline_size\";i:6;s:21:\"space_between_widgets\";i:4;s:16:\"content_position\";i:1;}}s:5:\"style\";a:2:{s:13:\"section_style\";a:5:{s:21:\"background_background\";i:1;s:16:\"background_image\";i:1;s:19:\"background_position\";i:1;s:17:\"background_repeat\";i:1;s:15:\"background_size\";i:1;}s:14:\"section_border\";a:1:{s:13:\"border_radius\";i:1;}}s:8:\"advanced\";a:1:{s:16:\"section_advanced\";a:2:{s:7:\"padding\";i:1;s:6:\"margin\";i:1;}}}}s:11:\"text-editor\";a:3:{s:5:\"count\";i:5;s:15:\"control_percent\";i:0;s:8:\"controls\";a:3:{s:7:\"content\";a:1:{s:14:\"section_editor\";a:1:{s:6:\"editor\";i:5;}}s:5:\"style\";a:1:{s:13:\"section_style\";a:5:{s:5:\"align\";i:2;s:21:\"typography_typography\";i:2;s:20:\"typography_font_size\";i:2;s:25:\"typography_text_transform\";i:2;s:22:\"typography_font_weight\";i:2;}}s:8:\"advanced\";a:1:{s:14:\"_section_style\";a:2:{s:7:\"_margin\";i:2;s:8:\"_padding\";i:1;}}}}s:7:\"heading\";a:3:{s:5:\"count\";i:3;s:15:\"control_percent\";i:2;s:8:\"controls\";a:3:{s:7:\"content\";a:1:{s:13:\"section_title\";a:2:{s:5:\"title\";i:3;s:5:\"align\";i:1;}}s:8:\"advanced\";a:1:{s:14:\"_section_style\";a:3:{s:7:\"_margin\";i:3;s:8:\"_padding\";i:1;s:15:\"_padding_mobile\";i:1;}}s:5:\"style\";a:1:{s:19:\"section_title_style\";a:2:{s:21:\"typography_typography\";i:3;s:22:\"typography_line_height\";i:3;}}}}s:7:\"section\";a:3:{s:5:\"count\";i:6;s:15:\"control_percent\";i:1;s:8:\"controls\";a:3:{s:6:\"layout\";a:2:{s:14:\"section_layout\";a:3:{s:13:\"content_width\";i:1;s:6:\"layout\";i:1;s:3:\"gap\";i:1;}s:17:\"section_structure\";a:1:{s:9:\"structure\";i:3;}}s:5:\"style\";a:1:{s:18:\"section_background\";a:5:{s:19:\"background_position\";i:1;s:17:\"background_repeat\";i:1;s:15:\"background_size\";i:1;s:21:\"background_background\";i:1;s:16:\"background_color\";i:1;}}s:8:\"advanced\";a:1:{s:16:\"section_advanced\";a:1:{s:13:\"margin_mobile\";i:1;}}}}s:5:\"image\";a:3:{s:5:\"count\";i:1;s:15:\"control_percent\";i:1;s:8:\"controls\";a:2:{s:7:\"content\";a:1:{s:13:\"section_image\";a:2:{s:5:\"image\";i:1;s:10:\"image_size\";i:1;}}s:8:\"advanced\";a:1:{s:14:\"_section_style\";a:2:{s:7:\"_margin\";i:1;s:14:\"_margin_tablet\";i:1;}}}}s:6:\"spacer\";a:3:{s:5:\"count\";i:6;s:15:\"control_percent\";i:0;s:8:\"controls\";a:1:{s:7:\"content\";a:1:{s:14:\"section_spacer\";a:1:{s:5:\"space\";i:6;}}}}s:4:\"html\";a:3:{s:5:\"count\";i:2;s:15:\"control_percent\";i:1;s:8:\"controls\";a:2:{s:7:\"content\";a:1:{s:13:\"section_title\";a:1:{s:4:\"html\";i:2;}}s:8:\"advanced\";a:1:{s:14:\"_section_style\";a:1:{s:14:\"_margin_mobile\";i:1;}}}}s:11:\"google_maps\";a:3:{s:5:\"count\";i:1;s:15:\"control_percent\";i:1;s:8:\"controls\";a:1:{s:7:\"content\";a:1:{s:11:\"section_map\";a:2:{s:4:\"zoom\";i:1;s:6:\"height\";i:1;}}}}}"},{"meta_key":"_gt3_usage_shortcodes","meta_value":"{\"contact-form-7\":1,\"mc4wp_form\":2}"}],"comments":[],"media":[2073,1028,2651]}