{"post_title":"Home 04","guid":"https:\/\/livewp.site\/wp\/md\/ewebot\/?elementor_library=home_04","post_author":"","post_content":"<a href=\"https:\/\/livewp.site\/wp\/md\/ewebot\/\">\n\t\t\t\t<img src=\"https:\/\/livewp.site\/wp\/md\/ewebot\/wp-content\/uploads\/sites\/64\/2019\/12\/logo_retina_white.png\" alt=\"\" title=\"logo_retina_white\"\/>\t\t\t<\/a>\n\t\t\t<nav>\n\t\t\t\t<ul id=\"menu-main-menu\"><li id=\"menu-item-1474\"><a href=\"#\">Home<\/a>\n<ul><li><\/li>\n\t<li id=\"menu-item-6094\"><a href=\"#\">HOME VARIANTS 1-4<\/a>\n\t<ul>\n\t\t<li id=\"menu-item-1505\"><a href=\"https:\/\/livewp.site\/wp\/md\/ewebot\/home-01\/\">Homepage 01Classic<\/a><\/li>\n\t\t<li id=\"menu-item-1500\"><a href=\"https:\/\/livewp.site\/wp\/md\/ewebot\/home-02\/\">Homepage 02<\/a><\/li>\n\t\t<li id=\"menu-item-1499\"><a href=\"https:\/\/livewp.site\/wp\/md\/ewebot\/home-03\/\">Homepage 03<\/a><\/li>\n\t\t<li id=\"menu-item-3391\"><a href=\"https:\/\/livewp.site\/wp\/md\/ewebot\/home-04\/\">Homepage 04HOT<\/a><\/li>\n\t<\/ul>\n<\/li>\n\t<li id=\"menu-item-6095\"><a href=\"#\">HOME VARIANTS 5-7<\/a>\n\t<ul>\n\t\t<li id=\"menu-item-3939\"><a href=\"https:\/\/livewp.site\/wp\/md\/ewebot\/home-05\/\">Homepage 05Popular<\/a><\/li>\n\t\t<li id=\"menu-item-5589\"><a href=\"https:\/\/livewp.site\/wp\/md\/ewebot\/home-06\/\">Homepage 06NEW<\/a><\/li>\n\t\t<li id=\"menu-item-6006\"><a href=\"https:\/\/livewp.site\/wp\/md\/ewebot\/\">Homepage 07NEW<\/a><\/li>\n\t\t<li id=\"menu-item-6408\"><a href=\"https:\/\/livewp.site\/wp\/md\/ewebot\/home-08\/\">Homepage 08NEW<\/a><\/li>\n\t<\/ul>\n<\/li>\n<\/ul>\n<\/li>\n<li id=\"menu-item-1475\"><a href=\"#\">Pages<\/a>\n<ul>\n\t<li id=\"menu-item-1508\"><a href=\"https:\/\/livewp.site\/wp\/md\/ewebot\/about-us\/\">About Us<\/a><\/li>\n\t<li id=\"menu-item-3168\"><a href=\"#\">Our Case Studies<\/a>\n\t<ul>\n\t\t<li id=\"menu-item-1504\"><a href=\"https:\/\/livewp.site\/wp\/md\/ewebot\/our-case-studies\/\">Case Studies Grid<\/a><\/li>\n\t\t<li id=\"menu-item-3169\"><a href=\"https:\/\/livewp.site\/wp\/md\/ewebot\/our-case-studies-2\/\">Case Studies Packery<\/a><\/li>\n\t\t<li id=\"menu-item-2319\"><a href=\"https:\/\/livewp.site\/wp\/md\/ewebot\/portfolio\/online-media-management\/\">Single Cases<\/a><\/li>\n\t<\/ul>\n<\/li>\n\t<li id=\"menu-item-1509\"><a href=\"https:\/\/livewp.site\/wp\/md\/ewebot\/our-team\/\">Our Team<\/a>\n\t<ul>\n\t\t<li id=\"menu-item-2320\"><a href=\"https:\/\/livewp.site\/wp\/md\/ewebot\/team\/sandra-willson\/\">Single Team<\/a><\/li>\n\t<\/ul>\n<\/li>\n\t<li id=\"menu-item-2318\"><a href=\"#\">FAQ<\/a>\n\t<ul>\n\t\t<li id=\"menu-item-1502\"><a href=\"https:\/\/livewp.site\/wp\/md\/ewebot\/faq\/\">FAQ Variant I<\/a><\/li>\n\t\t<li id=\"menu-item-1501\"><a href=\"https:\/\/livewp.site\/wp\/md\/ewebot\/faq-2\/\">FAQ Variant II<\/a><\/li>\n\t<\/ul>\n<\/li>\n\t<li id=\"menu-item-1511\"><a href=\"https:\/\/livewp.site\/wp\/md\/ewebot\/pricing-plans\/\">Pricing Plans<\/a><\/li>\n\t<li id=\"menu-item-1506\"><a href=\"https:\/\/livewp.site\/wp\/md\/ewebot\/coming-soon\/\">Coming soon<\/a><\/li>\n\t<li id=\"menu-item-1507\"><a href=\"https:\/\/livewp.site\/wp\/md\/ewebot\/typography\/\">Typography<\/a><\/li>\n\t<li id=\"menu-item-2321\"><a href=\"https:\/\/livewp.site\/wp\/md\/ewebot\/page_404\/\">404<\/a><\/li>\n<\/ul>\n<\/li>\n<li id=\"menu-item-1535\"><a href=\"#\">Services<\/a>\n<ul>\n\t<li id=\"menu-item-1510\"><a href=\"https:\/\/livewp.site\/wp\/md\/ewebot\/services\/\">Services<\/a><\/li>\n\t<li id=\"menu-item-1514\"><a href=\"https:\/\/livewp.site\/wp\/md\/ewebot\/ppc-services\/\">PPC Services<\/a><\/li>\n\t<li id=\"menu-item-1515\"><a href=\"https:\/\/livewp.site\/wp\/md\/ewebot\/seo-services\/\">SEO Services<\/a><\/li>\n\t<li id=\"menu-item-1513\"><a href=\"https:\/\/livewp.site\/wp\/md\/ewebot\/smm-services\/\">SMM Services<\/a><\/li>\n<\/ul>\n<\/li>\n<li id=\"menu-item-4840\"><a href=\"#\">Blog<\/a>\n<ul>\n\t<li id=\"menu-item-1516\"><a href=\"https:\/\/livewp.site\/wp\/md\/ewebot\/blog\/\">All News<\/a><\/li>\n\t<li id=\"menu-item-2805\"><a href=\"https:\/\/livewp.site\/wp\/md\/ewebot\/blog-packery\/\">Blog Packery<\/a>\n\t<ul>\n\t\t<li id=\"menu-item-2820\"><a href=\"https:\/\/livewp.site\/wp\/md\/ewebot\/blog-packery-2\/\">Blog Packery 2<\/a><\/li>\n\t\t<li id=\"menu-item-2819\"><a href=\"https:\/\/livewp.site\/wp\/md\/ewebot\/blog-packery-3\/\">Blog Packery 3<\/a><\/li>\n\t<\/ul>\n<\/li>\n\t<li id=\"menu-item-2323\"><a href=\"https:\/\/livewp.site\/wp\/md\/ewebot\/how-to-increase-your-roi-through-scientific-sem\/\">Single News<\/a><\/li>\n<\/ul>\n<\/li>\n<li id=\"menu-item-1479\"><a href=\"#\">Shop<\/a>\n<ul>\n\t<li id=\"menu-item-1512\"><a href=\"https:\/\/livewp.site\/wp\/md\/ewebot\/shop\/\">All Products<\/a><\/li>\n\t<li id=\"menu-item-2324\"><a href=\"https:\/\/livewp.site\/wp\/md\/ewebot\/product\/search-engine-for-growth\/\">Single Products<\/a><\/li>\n<\/ul>\n<\/li>\n<li id=\"menu-item-1503\"><a href=\"https:\/\/livewp.site\/wp\/md\/ewebot\/contact-us\/\">Contacts<\/a><\/li>\n<\/ul>\t\t\t<\/nav>\n\t\t<p><a href=\"tel:+88002534236\" style=\"font-size: 14px\">Call Us: 8 800 2563 123<\/a><\/p>\t\t\n\t\t\t<i><\/i>\n<form role=\"search\" method=\"get\" action=\"https:\/\/livewp.site\/wp\/md\/ewebot\/\">\n\t<label for=\"search-form-5fbbb35fa2cb2\">Search<\/label>\n    <input id=\"search-form-5fbbb35fa2cb2\" type=\"text\" name=\"s\" placeholder=\"Search\">\n    <input type=\"submit\" value=\"Search\">\n<\/form>","post_excerpt":"","post_id":4061,"pubDate":"Mon, 27 Apr 2020 12:19:22 +0000","post_date":"2020-04-27 12:19:22","post_date_gmt":"2020-04-27 12:19:22","comment_status":"closed","ping_status":"closed","post_name":"home_04","status":"publish","post_parent":0,"menu_order":0,"post_type":"elementor_library","post_password":"","is_sticky":0,"terms":[60],"postmeta":[{"meta_key":"_elementor_edit_mode","meta_value":"builder"},{"meta_key":"_elementor_template_type","meta_value":"wpda-header"},{"meta_key":"_elementor_version","meta_value":"3.0.13"},{"meta_key":"_edit_lock","meta_value":"1620806244:465"},{"meta_key":"_wp_page_template","meta_value":"default"},{"meta_key":"_elementor_data","meta_value":"[{\"id\":\"0a67ec5\",\"elType\":\"section\",\"settings\":{\"stretch_section\":\"section-stretched\",\"layout\":\"full_width\",\"gap\":\"no\",\"height\":\"min-height\",\"custom_height\":{\"unit\":\"px\",\"size\":\"108\",\"sizes\":[]},\"content_position\":\"middle\",\"padding\":{\"unit\":\"%\",\"top\":\"0\",\"right\":\"2\",\"bottom\":\"0\",\"left\":\"2\",\"isLinked\":\"\"},\"padding_mobile\":{\"unit\":\"px\",\"top\":\"0\",\"right\":\"10\",\"bottom\":\"0\",\"left\":\"10\",\"isLinked\":\"\"}},\"elements\":[{\"id\":\"b06f7b4\",\"elType\":\"column\",\"settings\":{\"_column_size\":\"100\",\"gt3_carousel_nav_prev\":\"Prev\",\"gt3_carousel_nav_next\":\"Next\"},\"elements\":[{\"id\":\"7308339\",\"elType\":\"section\",\"settings\":{\"layout\":\"full_width\",\"content_position\":\"middle\",\"structure\":\"20\",\"padding\":{\"unit\":\"px\",\"top\":\"0\",\"right\":\"22\",\"bottom\":\"0\",\"left\":\"22\",\"isLinked\":\"\"}},\"elements\":[{\"id\":\"fa5d267\",\"elType\":\"column\",\"settings\":{\"_column_size\":\"50\",\"_inline_size\":\"69.651\",\"_inline_size_tablet\":\"40\",\"_inline_size_mobile\":\"100\",\"content_position_mobile\":\"center\",\"gt3_carousel_nav_prev\":\"Prev\",\"gt3_carousel_nav_next\":\"Next\",\"align_mobile\":\"space-between\",\"space_between_widgets\":\"0\",\"padding\":{\"unit\":\"px\",\"top\":\"0\",\"right\":\"0\",\"bottom\":\"0\",\"left\":\"0\",\"isLinked\":\"1\"},\"content_position\":\"center\",\"content_position_tablet\":\"center\"},\"elements\":[{\"id\":\"8c82de0\",\"elType\":\"widget\",\"settings\":{\"header_logo\":{\"url\":\"https:\\\/\\\/livewp.site\\\/wp\\\/md\\\/ewebot\\\/wp-content\\\/uploads\\\/sites\\\/64\\\/2019\\\/12\\\/logo_retina_white.png\",\"id\":\"3298\"},\"logo_height_custom\":\"yes\",\"logo_height\":{\"unit\":\"px\",\"size\":\"48\",\"sizes\":[]},\"align\":\"left\",\"_margin\":{\"unit\":\"px\",\"top\":\"0\",\"right\":\"68\",\"bottom\":\"0\",\"left\":\"0\",\"isLinked\":\"\"},\"_element_width\":\"auto\"},\"elements\":[],\"widgetType\":\"wpda-header-logo\"},{\"id\":\"904fd5c\",\"elType\":\"widget\",\"settings\":{\"menu_select\":\"main-menu\",\"custom_settings\":\"yes\",\"menu_text_color\":\"#FFFFFF\",\"menu_text_color_active\":\"#F47514\",\"submenu_bg\":\"#FFFFFF\",\"submenu_text_color\":\"#696687\",\"submenu_text_color_active\":\"#F47514\",\"spacing_between_items\":{\"unit\":\"px\",\"size\":\"8\",\"sizes\":[]},\"_element_width\":\"auto\",\"submenu_width\":{\"unit\":\"px\",\"size\":\"220\",\"sizes\":[]},\"menu_text_color_mobile\":\"#3B3663\",\"custom_settings_mobile\":\"yes\",\"menu_text_color_active_mobile\":\"#F47514\",\"mobile_menu_bg\":\"#FFFFFF\",\"submenu_text_color_mobile\":\"#696687\",\"submenu_text_color_active_mobile\":\"#F47514\",\"mobile_icon_color\":\"#FFFFFF\",\"mobile_icon_color_active\":\"#3B3663\",\"_element_vertical_align\":\"center\",\"_element_vertical_align_tablet\":\"center\",\"_element_vertical_align_mobile\":\"center\"},\"elements\":[],\"widgetType\":\"wpda-builder-menu\"}],\"isInner\":\"1\"},{\"id\":\"c23f07b\",\"elType\":\"column\",\"settings\":{\"_column_size\":\"50\",\"_inline_size\":\"30.34\",\"content_position\":\"center\",\"align\":\"flex-end\",\"gt3_carousel_nav_prev\":\"Prev\",\"gt3_carousel_nav_next\":\"Next\",\"_inline_size_tablet\":\"60\",\"_inline_size_mobile\":\"100\",\"content_position_mobile\":\"center\",\"align_mobile\":\"space-between\",\"space_between_widgets\":\"0\",\"padding\":{\"unit\":\"px\",\"top\":\"0\",\"right\":\"0\",\"bottom\":\"0\",\"left\":\"0\",\"isLinked\":\"1\"},\"heading_color\":\"#FFFFFF\",\"color_text\":\"#FFFFFF\",\"color_link\":\"#FFFFFF\",\"color_link_hover\":\"#F47514\",\"hide_mobile_column\":\"hidden-phone\"},\"elements\":[{\"id\":\"f39f114\",\"elType\":\"widget\",\"settings\":{\"editor\":\"<p><a href=\\\"tel:+88002534236\\\" style=\\\"font-size: 14px\\\">Call Us: <span style=\\\"font-weight: 500;font-size: 16px\\\" class=\\\"gt3_font-weight\\\">8 800 2563 123<\\\/span><\\\/a><\\\/p>\",\"_element_width\":\"auto\",\"_element_vertical_align\":\"flex-end\",\"_element_width_tablet\":\"auto\"},\"elements\":[],\"widgetType\":\"text-editor\"},{\"id\":\"769a008\",\"elType\":\"widget\",\"settings\":{\"_margin\":{\"unit\":\"px\",\"top\":\"0\",\"right\":\"27\",\"bottom\":\"0\",\"left\":\"41\",\"isLinked\":\"\"},\"_element_width\":\"auto\",\"_element_vertical_align\":\"center\",\"_element_width_tablet\":\"auto\",\"align\":\"right\"},\"elements\":[],\"widgetType\":\"wpda-builder-search\"},{\"id\":\"238f234\",\"elType\":\"widget\",\"settings\":{\"sidebar\":\"sidebar_header-sidebar\",\"_element_width\":\"auto\",\"_element_width_tablet\":\"auto\",\"_margin\":{\"unit\":\"px\",\"top\":\"1\",\"right\":\"0\",\"bottom\":\"0\",\"left\":\"0\",\"isLinked\":\"\"}},\"elements\":[],\"widgetType\":\"wpda-builder-burger-sidebar\"}],\"isInner\":\"1\"}],\"isInner\":\"1\"}],\"isInner\":\"\"}],\"isInner\":\"\"}]"},{"meta_key":"_edit_last","meta_value":"1"},{"meta_key":"slide_template","meta_value":""},{"meta_key":"rs_page_bg_color","meta_value":""},{"meta_key":"_wp_old_slug","meta_value":"header_02"},{"meta_key":"_wp_old_slug","meta_value":"header_04"},{"meta_key":"_wp_old_slug","meta_value":"default"},{"meta_key":"_wp_old_slug","meta_value":"test"},{"meta_key":"_elementor_page_settings","meta_value":"a:3:{s:14:\"header_over_bg\";s:3:\"yes\";s:21:\"header_over_bg_tablet\";s:3:\"yes\";s:21:\"header_over_bg_mobile\";s:3:\"yes\";}"},{"meta_key":"_elementor_controls_usage","meta_value":"a:3:{s:6:\"column\";a:3:{s:5:\"count\";i:3;s:15:\"control_percent\";i:0;s:8:\"controls\";a:3:{s:6:\"layout\";a:1:{s:6:\"layout\";a:9:{s:12:\"_inline_size\";i:2;s:19:\"_inline_size_tablet\";i:2;s:19:\"_inline_size_mobile\";i:2;s:23:\"content_position_mobile\";i:2;s:12:\"align_mobile\";i:2;s:21:\"space_between_widgets\";i:2;s:16:\"content_position\";i:2;s:23:\"content_position_tablet\";i:1;s:5:\"align\";i:1;}}s:8:\"advanced\";a:1:{s:16:\"section_advanced\";a:2:{s:7:\"padding\";i:2;s:18:\"hide_mobile_column\";i:1;}}s:5:\"style\";a:1:{s:12:\"section_typo\";a:4:{s:13:\"heading_color\";i:1;s:10:\"color_text\";i:1;s:10:\"color_link\";i:1;s:16:\"color_link_hover\";i:1;}}}}s:11:\"text-editor\";a:3:{s:5:\"count\";i:1;s:15:\"control_percent\";i:2;s:8:\"controls\";a:2:{s:7:\"content\";a:1:{s:14:\"section_editor\";a:1:{s:6:\"editor\";i:1;}}s:8:\"advanced\";a:1:{s:17:\"_section_position\";a:3:{s:14:\"_element_width\";i:1;s:23:\"_element_vertical_align\";i:1;s:21:\"_element_width_tablet\";i:1;}}}}s:7:\"section\";a:3:{s:5:\"count\";i:2;s:15:\"control_percent\";i:2;s:8:\"controls\";a:2:{s:6:\"layout\";a:2:{s:14:\"section_layout\";a:6:{s:6:\"layout\";i:2;s:16:\"content_position\";i:2;s:15:\"stretch_section\";i:1;s:3:\"gap\";i:1;s:6:\"height\";i:1;s:13:\"custom_height\";i:1;}s:17:\"section_structure\";a:1:{s:9:\"structure\";i:1;}}s:8:\"advanced\";a:1:{s:16:\"section_advanced\";a:2:{s:7:\"padding\";i:2;s:14:\"padding_mobile\";i:1;}}}}}"}],"comments":[],"media":[3298]}