{"post_title":"Header 02","guid":"https:\/\/livewp.site\/wp\/md\/ewebot\/?elementor_library=header_02","post_author":"","post_content":"<a href=\"https:\/\/livewp.site\/wp\/md\/ewebot\/\">\n\t\t\t\t<img src=\"https:\/\/livewp.site\/wp\/md\/ewebot\/wp-content\/uploads\/sites\/64\/2019\/08\/logo_retina.png\" alt=\"\" title=\"logo_retina\" \/>\t\t\t<\/a>\n\t\t\t<nav>\n\t\t\t\t<ul id=\"menu-main-menu\"><li id=\"menu-item-1474\"><a href=\"#\">Home<\/a>\n<ul>\n\t<li id=\"menu-item-1505\"><a href=\"https:\/\/livewp.site\/wp\/md\/ewebot\/home-01\/\">Home Variant 01Classic<\/a><\/li>\n\t<li id=\"menu-item-1500\"><a href=\"https:\/\/livewp.site\/wp\/md\/ewebot\/home-02\/\">Home Variant 02<\/a><\/li>\n\t<li id=\"menu-item-1499\"><a href=\"https:\/\/livewp.site\/wp\/md\/ewebot\/home-03\/\">Home Variant 03<\/a><\/li>\n\t<li id=\"menu-item-3391\"><a href=\"https:\/\/livewp.site\/wp\/md\/ewebot\/home-04\/\">Home Variant 04HOT<\/a><\/li>\n\t<li id=\"menu-item-3939\"><a href=\"https:\/\/livewp.site\/wp\/md\/ewebot\/\">Home Variant 05NEW<\/a><\/li>\n<\/ul>\n<\/li>\n<li id=\"menu-item-1475\"><a href=\"#\">Pages<\/a>\n<ul>\n\t<li id=\"menu-item-1508\"><a href=\"https:\/\/livewp.site\/wp\/md\/ewebot\/about-us\/\">About Us<\/a><\/li>\n\t<li id=\"menu-item-3168\"><a href=\"#\">Our Case Studies<\/a>\n\t<ul>\n\t\t<li id=\"menu-item-1504\"><a href=\"https:\/\/livewp.site\/wp\/md\/ewebot\/our-case-studies\/\">Case Studies Grid<\/a><\/li>\n\t\t<li id=\"menu-item-3169\"><a href=\"https:\/\/livewp.site\/wp\/md\/ewebot\/our-case-studies-2\/\">Case Studies Packery<\/a><\/li>\n\t\t<li id=\"menu-item-2319\"><a href=\"https:\/\/livewp.site\/wp\/md\/ewebot\/portfolio\/online-media-management\/\">Single Cases<\/a><\/li>\n\t<\/ul>\n<\/li>\n\t<li id=\"menu-item-1509\"><a href=\"https:\/\/livewp.site\/wp\/md\/ewebot\/our-team\/\">Our Team<\/a>\n\t<ul>\n\t\t<li id=\"menu-item-2320\"><a href=\"https:\/\/livewp.site\/wp\/md\/ewebot\/team\/sandra-willson\/\">Single Team<\/a><\/li>\n\t<\/ul>\n<\/li>\n\t<li id=\"menu-item-2318\"><a href=\"#\">FAQ<\/a>\n\t<ul>\n\t\t<li id=\"menu-item-1502\"><a href=\"https:\/\/livewp.site\/wp\/md\/ewebot\/faq\/\">FAQ Variant I<\/a><\/li>\n\t\t<li id=\"menu-item-1501\"><a href=\"https:\/\/livewp.site\/wp\/md\/ewebot\/faq-2\/\">FAQ Variant II<\/a><\/li>\n\t<\/ul>\n<\/li>\n\t<li id=\"menu-item-1511\"><a href=\"https:\/\/livewp.site\/wp\/md\/ewebot\/pricing-plans\/\">Pricing Plans<\/a><\/li>\n\t<li id=\"menu-item-1506\"><a href=\"https:\/\/livewp.site\/wp\/md\/ewebot\/coming-soon\/\">Coming soon<\/a><\/li>\n\t<li id=\"menu-item-1507\"><a href=\"https:\/\/livewp.site\/wp\/md\/ewebot\/typography\/\">Typography<\/a><\/li>\n\t<li id=\"menu-item-2321\"><a href=\"https:\/\/livewp.site\/wp\/md\/ewebot\/page_404\/\">404<\/a><\/li>\n<\/ul>\n<\/li>\n<li id=\"menu-item-1535\"><a href=\"#\">Services<\/a>\n<ul>\n\t<li id=\"menu-item-1510\"><a href=\"https:\/\/livewp.site\/wp\/md\/ewebot\/services\/\">Services<\/a><\/li>\n\t<li id=\"menu-item-1514\"><a href=\"https:\/\/livewp.site\/wp\/md\/ewebot\/ppc-services\/\">PPC Services<\/a><\/li>\n\t<li id=\"menu-item-1515\"><a href=\"https:\/\/livewp.site\/wp\/md\/ewebot\/seo-services\/\">SEO Services<\/a><\/li>\n\t<li id=\"menu-item-1513\"><a href=\"https:\/\/livewp.site\/wp\/md\/ewebot\/smm-services\/\">SMM Services<\/a><\/li>\n<\/ul>\n<\/li>\n<li id=\"menu-item-1478\"><a href=\"#\">Blog<\/a>\n<ul>\n\t<li id=\"menu-item-1516\"><a href=\"https:\/\/livewp.site\/wp\/md\/ewebot\/blog\/\">All News<\/a><\/li>\n\t<li id=\"menu-item-2805\"><a href=\"https:\/\/livewp.site\/wp\/md\/ewebot\/blog-packery\/\">Blog Packery<\/a>\n\t<ul>\n\t\t<li id=\"menu-item-2820\"><a href=\"https:\/\/livewp.site\/wp\/md\/ewebot\/blog-packery-2\/\">Blog Packery 2<\/a><\/li>\n\t\t<li id=\"menu-item-2819\"><a href=\"https:\/\/livewp.site\/wp\/md\/ewebot\/blog-packery-3\/\">Blog Packery 3<\/a><\/li>\n\t<\/ul>\n<\/li>\n\t<li id=\"menu-item-2323\"><a href=\"https:\/\/livewp.site\/wp\/md\/ewebot\/how-to-increase-your-roi-through-scientific-sem\/\">Single News<\/a><\/li>\n<\/ul>\n<\/li>\n<li id=\"menu-item-1479\"><a href=\"#\">Shop<\/a>\n<ul>\n\t<li id=\"menu-item-1512\"><a href=\"https:\/\/livewp.site\/wp\/md\/ewebot\/shop\/\">All Products<\/a><\/li>\n\t<li id=\"menu-item-2324\"><a href=\"https:\/\/livewp.site\/wp\/md\/ewebot\/product\/search-engine-for-growth\/\">Single Products<\/a><\/li>\n<\/ul>\n<\/li>\n<li id=\"menu-item-1503\"><a href=\"https:\/\/livewp.site\/wp\/md\/ewebot\/contast-us\/\">Contacts<\/a><\/li>\n<\/ul>\t\t\t<\/nav>\n\t\t<a href=\"#\">\n\t\t\t\t\t\t\t\t\t\t\tCall Us: +1 800-326-4538\n\t\t<\/a>","post_excerpt":"","post_id":4084,"pubDate":"Mon, 27 Apr 2020 13:38:22 +0000","post_date":"2020-04-27 13:38:22","post_date_gmt":"2020-04-27 13:38:22","comment_status":"closed","ping_status":"closed","post_name":"header_02","status":"publish","post_parent":0,"menu_order":0,"post_type":"elementor_library","post_password":"","is_sticky":0,"terms":[60],"postmeta":[{"meta_key":"_elementor_edit_mode","meta_value":"builder"},{"meta_key":"_elementor_template_type","meta_value":"wpda-header"},{"meta_key":"_elementor_version","meta_value":"2.9.8"},{"meta_key":"_edit_lock","meta_value":"1608626461:465"},{"meta_key":"_wp_page_template","meta_value":"default"},{"meta_key":"_elementor_data","meta_value":"[{\"id\":\"71c09d5\",\"elType\":\"section\",\"settings\":{\"height\":\"min-height\",\"custom_height\":{\"unit\":\"px\",\"size\":\"108\",\"sizes\":[]},\"background_background\":\"classic\"},\"elements\":[{\"id\":\"8b0afe4\",\"elType\":\"column\",\"settings\":{\"_column_size\":\"100\",\"gt3_carousel_nav_prev\":\"Prev\",\"gt3_carousel_nav_next\":\"Next\"},\"elements\":[{\"id\":\"cc89ee6\",\"elType\":\"section\",\"settings\":{\"structure\":\"20\",\"padding\":{\"unit\":\"px\",\"top\":\"0\",\"right\":\"10\",\"bottom\":\"0\",\"left\":\"10\",\"isLinked\":\"\"},\"content_position\":\"space-between\",\"background_background\":\"classic\"},\"elements\":[{\"id\":\"309e1ee\",\"elType\":\"column\",\"settings\":{\"_column_size\":\"50\",\"_inline_size\":\"79\",\"_inline_size_tablet\":\"69\",\"content_position\":\"center\",\"align\":\"space-between\",\"space_between_widgets\":\"0\",\"gt3_carousel_nav_prev\":\"Prev\",\"gt3_carousel_nav_next\":\"Next\",\"padding\":{\"unit\":\"px\",\"top\":\"0\",\"right\":\"0\",\"bottom\":\"0\",\"left\":\"0\",\"isLinked\":\"1\"}},\"elements\":[{\"id\":\"bde2f57\",\"elType\":\"widget\",\"settings\":{\"header_logo\":{\"url\":\"https:\\\/\\\/livewp.site\\\/wp\\\/md\\\/ewebot\\\/wp-content\\\/uploads\\\/sites\\\/64\\\/2019\\\/08\\\/logo_retina.png\",\"id\":\"1455\"},\"logo_height_custom\":\"yes\",\"logo_height\":{\"unit\":\"px\",\"size\":\"48\",\"sizes\":[]},\"align\":\"left\",\"align_mobile\":\"center\",\"_element_width\":\"auto\"},\"elements\":[],\"widgetType\":\"wpda-header-logo\"},{\"id\":\"0a0d18f\",\"elType\":\"widget\",\"settings\":{\"menu_select\":\"main-menu\",\"custom_settings\":\"yes\",\"menu_text_color\":\"#FFFFFF\",\"menu_text_color_active\":\"#FFFFFF\",\"spacing_between_items\":{\"unit\":\"px\",\"size\":\"10\",\"sizes\":[]},\"submenu_text_color\":\"#696687\",\"submenu_text_color_active\":\"#F47514\",\"custom_settings_mobile\":\"yes\",\"menu_text_color_mobile\":\"#696687\",\"menu_text_color_active_mobile\":\"#F47514\",\"mobile_menu_bg\":\"#FFFFFF\",\"submenu_text_color_mobile\":\"#696687\",\"submenu_text_color_active_mobile\":\"#F47514\",\"mobile_icon_color\":\"#FFFFFF\",\"mobile_icon_color_active\":\"#F47514\",\"_element_width\":\"auto\",\"_margin\":{\"unit\":\"px\",\"top\":\"0\",\"right\":\"42\",\"bottom\":\"0\",\"left\":\"0\",\"isLinked\":\"\"},\"_margin_tablet\":{\"unit\":\"px\",\"top\":\"-7\",\"right\":\"52\",\"bottom\":\"0\",\"left\":\"0\",\"isLinked\":\"\"},\"_margin_mobile\":{\"unit\":\"px\",\"top\":\"0\",\"right\":\"0\",\"bottom\":\"0\",\"left\":\"0\",\"isLinked\":\"\"},\"submenu_width\":{\"unit\":\"px\",\"size\":\"220\",\"sizes\":[]}},\"elements\":[],\"widgetType\":\"wpda-builder-menu\"}],\"isInner\":\"1\"},{\"id\":\"7b64b10\",\"elType\":\"column\",\"settings\":{\"_column_size\":\"50\",\"_inline_size\":\"21\",\"_inline_size_tablet\":\"31\",\"content_position\":\"center\",\"align\":\"flex-end\",\"space_between_widgets\":\"0\",\"gt3_carousel_nav_prev\":\"Prev\",\"gt3_carousel_nav_next\":\"Next\",\"padding\":{\"unit\":\"px\",\"top\":\"0\",\"right\":\"0\",\"bottom\":\"0\",\"left\":\"0\",\"isLinked\":\"1\"},\"hide_mobile_column\":\"hidden-phone\"},\"elements\":[{\"id\":\"46b305d\",\"elType\":\"widget\",\"settings\":{\"button_title\":\"Call Us: +1 800-326-4538\",\"button_size_elementor\":\"custom\",\"padding_size\":{\"unit\":\"px\",\"top\":\"9\",\"right\":\"18\",\"bottom\":\"9\",\"left\":\"18\",\"isLinked\":\"\"},\"button_alignment\":\"right\",\"btn_border_rounded\":\"yes\",\"btn_border_radius\":\"5px\",\"title_typography_typography\":\"custom\",\"title_typography_font_size\":{\"unit\":\"px\",\"size\":\"12\",\"sizes\":[]},\"title_typography_font_weight\":\"500\",\"title_typography_letter_spacing\":{\"unit\":\"px\",\"size\":\"0.2\",\"sizes\":[]},\"border_color\":\"#FFFFFF\",\"button_title_color\":\"#6254E7\",\"button_background_color_background\":\"classic\",\"button_background_color_color\":\"#FFFFFF\",\"icon_color_hover\":\"#FFFFFF\",\"border_color_hover\":\"#FFFFFF\",\"button_title_color_hover\":\"#FFFFFF\",\"button_background_color_hover_background\":\"classic\",\"button_background_color_hover_color\":\"rgba(255, 255, 255, 0)\",\"_margin\":{\"unit\":\"px\",\"top\":\"0\",\"right\":\"-1\",\"bottom\":\"0\",\"left\":\"0\",\"isLinked\":\"\"}},\"elements\":[],\"widgetType\":\"gt3-core-button\"}],\"isInner\":\"1\"}],\"isInner\":\"1\"}],\"isInner\":\"\"}],\"isInner\":\"\"}]"},{"meta_key":"_edit_last","meta_value":"1"},{"meta_key":"slide_template","meta_value":""},{"meta_key":"rs_page_bg_color","meta_value":""},{"meta_key":"_wp_old_slug","meta_value":"header_03-2"},{"meta_key":"_elementor_page_settings","meta_value":"a:3:{s:14:\"header_over_bg\";s:3:\"yes\";s:21:\"header_over_bg_tablet\";s:3:\"yes\";s:21:\"header_over_bg_mobile\";s:3:\"yes\";}"},{"meta_key":"_elementor_controls_usage","meta_value":"a:2:{s:6:\"column\";a:3:{s:5:\"count\";i:3;s:15:\"control_percent\";i:0;s:8:\"controls\";a:2:{s:6:\"layout\";a:1:{s:6:\"layout\";a:5:{s:12:\"_inline_size\";i:2;s:19:\"_inline_size_tablet\";i:2;s:16:\"content_position\";i:2;s:5:\"align\";i:2;s:21:\"space_between_widgets\";i:2;}}s:8:\"advanced\";a:1:{s:16:\"section_advanced\";a:2:{s:7:\"padding\";i:2;s:18:\"hide_mobile_column\";i:1;}}}}s:7:\"section\";a:3:{s:5:\"count\";i:2;s:15:\"control_percent\";i:1;s:8:\"controls\";a:3:{s:6:\"layout\";a:2:{s:17:\"section_structure\";a:1:{s:9:\"structure\";i:1;}s:14:\"section_layout\";a:3:{s:16:\"content_position\";i:1;s:6:\"height\";i:1;s:13:\"custom_height\";i:1;}}s:8:\"advanced\";a:1:{s:16:\"section_advanced\";a:1:{s:7:\"padding\";i:1;}}s:5:\"style\";a:1:{s:18:\"section_background\";a:1:{s:21:\"background_background\";i:2;}}}}}"},{"meta_key":"_wpda-builder-active","meta_value":"1"},{"meta_key":"_wpda-builder-conditions","meta_value":"[{\"type\":\"include\",\"key\":\"is_404\",\"value\":[]}]"}],"comments":[],"media":[1455]}