{"post_title":"Empty","guid":"https:\/\/livewp.site\/wp\/md\/ewebot\/?elementor_library=empty","post_author":"","post_content":"","post_excerpt":"","post_id":4107,"pubDate":"Mon, 27 Apr 2020 14:13:40 +0000","post_date":"2020-04-27 14:13:40","post_date_gmt":"2020-04-27 14:13:40","comment_status":"closed","ping_status":"closed","post_name":"empty","status":"publish","post_parent":0,"menu_order":0,"post_type":"elementor_library","post_password":"","is_sticky":0,"terms":[60],"postmeta":[{"meta_key":"_elementor_edit_mode","meta_value":"builder"},{"meta_key":"_elementor_template_type","meta_value":"wpda-header"},{"meta_key":"_elementor_version","meta_value":"3.0.14"},{"meta_key":"_edit_lock","meta_value":"1608626464:465"},{"meta_key":"_wp_page_template","meta_value":"default"},{"meta_key":"_elementor_data","meta_value":"[]"}],"comments":[],"media":[]}