{"post_title":"Footer Home 02","guid":"https:\/\/livewp.site\/wp\/md\/ewebot\/?elementor_library=footer_home_02","post_author":"","post_content":"<a href=\"https:\/\/livewp.site\/wp\/md\/ewebot\/\">\n\t\t\t\t<img src=\"https:\/\/livewp.site\/wp\/md\/ewebot\/wp-content\/uploads\/sites\/64\/2019\/08\/logo_retina.png\" alt=\"\" title=\"logo_retina\"\/>\t\t\t<\/a>\n\t\t\t<figure><img width=\"58\" height=\"74\" src=\"https:\/\/livewp.site\/wp\/md\/ewebot\/wp-content\/uploads\/sites\/64\/2019\/08\/img_box_29.png\" alt=\"\" loading=\"lazy\" title=\"img_box_29\" \/><\/figure><h6>8 800 2534 236<\/h6><p>email@yoursite.com<\/p>\t\t\n\t\t\t<figure><img width=\"76\" height=\"74\" src=\"https:\/\/livewp.site\/wp\/md\/ewebot\/wp-content\/uploads\/sites\/64\/2019\/08\/img_box_30.png\" alt=\"\" loading=\"lazy\" title=\"img_box_30\" \/><\/figure><p>27 Division St, New York, NY<br>\n10002, United States<\/p>\t\t\n\t\t<h4>About<\/h4><p>Ewebot have much planned for the future, working with great clients and continued software development.<\/p>\t\t\n\t\t\t\t\t<a target=\"_blank\" rel=\"noopener\">\n\t\t\t\t\t\tTwitter\n\t\t\t\t\t\t\t\t\t\t\t<\/a>\n\t\t\t\t\t<a target=\"_blank\" rel=\"noopener\">\n\t\t\t\t\t\tFacebook-f\n\t\t\t\t\t\t\t\t\t\t\t<\/a>\n\t\t\t\t\t<a target=\"_blank\" rel=\"noopener\">\n\t\t\t\t\t\tGoogle-plus-g\n\t\t\t\t\t\t\t\t\t\t\t<\/a>\n\t\t\t\t\t<a target=\"_blank\" rel=\"noopener\">\n\t\t\t\t\t\tPinterest-p\n\t\t\t\t\t\t\t\t\t\t\t<\/a>\n\t\t\t\t\t<a target=\"_blank\" rel=\"noopener\">\n\t\t\t\t\t\tLinkedin-in\n\t\t\t\t\t\t\t\t\t\t\t<\/a>\n\t\t<h4>Services<\/h4>\t\t\n\t\t\t<nav>\n\t\t\t\t<ul id=\"menu-services\"><li id=\"menu-item-4114\"><a href=\"#\">SEO Marketing<\/a><\/li>\n<li id=\"menu-item-4115\"><a href=\"#\">SEO Services<\/a><\/li>\n<li id=\"menu-item-4116\"><a href=\"#\">Pay Per Click<\/a><\/li>\n<li id=\"menu-item-4117\"><a href=\"#\">Social Media<\/a><\/li>\n<li id=\"menu-item-4118\"><a href=\"#\">SEO Audit<\/a><\/li>\n<\/ul>\t\t\t<\/nav>\n\t\t<h4>Community<\/h4>\t\t\n\t\t\t<nav>\n\t\t\t\t<ul id=\"menu-community\"><li id=\"menu-item-4119\"><a href=\"#\">Our Product<\/a><\/li>\n<li id=\"menu-item-4120\"><a href=\"#\">Documentation<\/a><\/li>\n<li id=\"menu-item-4121\"><a href=\"#\">Our Services<\/a><\/li>\n<li id=\"menu-item-4122\"><a href=\"#\">Company<\/a><\/li>\n<li id=\"menu-item-4123\"><a href=\"#\">What We Do?<\/a><\/li>\n<\/ul>\t\t\t<\/nav>\n\t\t<h4>Quick Links<\/h4>\t\t\n\t\t\t<nav>\n\t\t\t\t<ul id=\"menu-quick-links\"><li id=\"menu-item-1517\"><a href=\"https:\/\/livewp.site\/wp\/md\/ewebot\/home-02\/\">Home<\/a><\/li>\n<li id=\"menu-item-1518\"><a href=\"https:\/\/livewp.site\/wp\/md\/ewebot\/about-us\/\">About Us<\/a><\/li>\n<li id=\"menu-item-1519\"><a href=\"https:\/\/livewp.site\/wp\/md\/ewebot\/services\/\">Main Services<\/a><\/li>\n<li id=\"menu-item-1490\"><a href=\"https:\/\/livewp.site\/wp\/md\/ewebot\/pricing-plans\/\">Pricing<\/a><\/li>\n<li id=\"menu-item-1491\"><a href=\"https:\/\/livewp.site\/wp\/md\/ewebot\/our-case-studies\/\">Our Cases<\/a><\/li>\n<\/ul>\t\t\t<\/nav>\n\t\t<p style=\"text-align: center;\">\u00a9 2021 \u2014 Ewebot by GT3Themes. All Rights Reserved.<\/p>","post_excerpt":"","post_id":4110,"pubDate":"Tue, 28 Apr 2020 06:27:01 +0000","post_date":"2020-04-28 06:27:01","post_date_gmt":"2020-04-28 06:27:01","comment_status":"closed","ping_status":"closed","post_name":"footer_home_02","status":"publish","post_parent":0,"menu_order":0,"post_type":"elementor_library","post_password":"","is_sticky":0,"terms":[61],"postmeta":[{"meta_key":"_elementor_edit_mode","meta_value":"builder"},{"meta_key":"_elementor_template_type","meta_value":"wpda-footer"},{"meta_key":"_elementor_version","meta_value":"3.1.1"},{"meta_key":"_edit_lock","meta_value":"1628252153:3"},{"meta_key":"_wp_page_template","meta_value":"default"},{"meta_key":"_elementor_data","meta_value":"[{\"id\":\"1f1a41e\",\"elType\":\"section\",\"settings\":{\"background_background\":\"classic\",\"background_image\":{\"url\":\"https:\/\/livewp.site\/wp\/md\/ewebot\/wp-content\/uploads\/sites\/64\/2020\/04\/main_footer_bg.jpg\",\"id\":8170},\"background_position\":\"center center\",\"background_repeat\":\"no-repeat\",\"background_size\":\"cover\"},\"elements\":[{\"id\":\"bf10177\",\"elType\":\"column\",\"settings\":{\"_column_size\":\"100\",\"gt3_carousel_nav_prev\":\"Prev\",\"gt3_carousel_nav_next\":\"Next\",\"space_between_widgets\":\"0\",\"space_between_widgets_mobile\":\"0\"},\"elements\":[{\"id\":\"b50a47f\",\"elType\":\"section\",\"settings\":{\"content_position\":\"middle\",\"heading_color\":\"#FFFFFF\",\"color_text\":\"#F0F0F0\",\"color_link\":\"#F0F0F0\",\"color_link_hover\":\"#F47514\",\"text_align\":\"left\",\"structure\":\"20\",\"border_border\":\"solid\",\"border_width\":{\"unit\":\"px\",\"top\":\"0\",\"right\":\"0\",\"bottom\":\"1\",\"left\":\"0\",\"isLinked\":\"\"},\"border_color\":\"rgba(255, 255, 255, 0.1)\"},\"elements\":[{\"id\":\"d3eaf9a\",\"elType\":\"column\",\"settings\":{\"_column_size\":\"50\",\"gt3_carousel_nav_prev\":\"Prev\",\"gt3_carousel_nav_next\":\"Next\",\"space_between_widgets\":\"0\",\"_inline_size_tablet\":\"24\",\"content_position_mobile\":\"center\",\"align_mobile\":\"center\",\"space_between_widgets_mobile\":\"0\",\"_inline_size\":\"30\"},\"elements\":[{\"id\":\"715c482\",\"elType\":\"widget\",\"settings\":{\"space\":{\"unit\":\"px\",\"size\":\"30\",\"sizes\":[]}},\"elements\":[],\"widgetType\":\"spacer\"},{\"id\":\"9680a26\",\"elType\":\"widget\",\"settings\":{\"header_logo\":{\"url\":\"https:\/\/livewp.site\/wp\/md\/ewebot\/wp-content\/uploads\/sites\/64\/2019\/08\/logo_retina.png\",\"id\":\"1455\"},\"logo_height_custom\":\"yes\",\"logo_height\":{\"unit\":\"px\",\"size\":\"48\",\"sizes\":[]},\"align_mobile\":\"center\"},\"elements\":[],\"widgetType\":\"wpda-header-logo\"},{\"id\":\"57b6a96\",\"elType\":\"widget\",\"settings\":{\"space\":{\"unit\":\"px\",\"size\":\"20\",\"sizes\":[]},\"space_mobile\":{\"unit\":\"px\",\"size\":\"0\",\"sizes\":[]}},\"elements\":[],\"widgetType\":\"spacer\"}],\"isInner\":\"1\"},{\"id\":\"7babad7\",\"elType\":\"column\",\"settings\":{\"_column_size\":\"50\",\"_inline_size\":\"70\",\"content_position\":\"top\",\"align\":\"flex-end\",\"space_between_widgets\":\"0\",\"gt3_carousel_nav_prev\":\"Prev\",\"gt3_carousel_nav_next\":\"Next\",\"_inline_size_tablet\":\"76\",\"_inline_size_mobile\":\"100\",\"space_between_widgets_mobile\":\"0\",\"padding_mobile\":{\"unit\":\"px\",\"top\":\"0\",\"right\":\"0\",\"bottom\":\"0\",\"left\":\"0\",\"isLinked\":\"1\"}},\"elements\":[{\"id\":\"47b350d\",\"elType\":\"widget\",\"settings\":{\"space\":{\"unit\":\"px\",\"size\":\"35\",\"sizes\":[]},\"space_mobile\":{\"unit\":\"px\",\"size\":\"0\",\"sizes\":[]}},\"elements\":[],\"widgetType\":\"spacer\"},{\"id\":\"554c80a\",\"elType\":\"widget\",\"settings\":{\"image\":{\"url\":\"https:\/\/livewp.site\/wp\/md\/ewebot\/wp-content\/uploads\/sites\/64\/2019\/08\/img_box_29.png\",\"id\":\"1444\"},\"title_text\":\"8 800 2534 236\",\"description_text\":\"email@yoursite.com\",\"default_position\":\"left\",\"image_space\":{\"unit\":\"px\",\"top\":\"0\",\"right\":\"17\",\"bottom\":\"0\",\"left\":\"0\",\"isLinked\":\"\"},\"image_size\":{\"unit\":\"px\",\"size\":\"38\",\"sizes\":[]},\"title_bottom_space\":{\"unit\":\"px\",\"size\":\"0\",\"sizes\":[]},\"title_color\":\"#FFFFFF\",\"title_typography_typography\":\"custom\",\"title_typography_font_size\":{\"unit\":\"px\",\"size\":\"18\",\"sizes\":[]},\"title_typography_font_weight\":\"400\",\"description_color\":\"#FFFFFF\",\"description_typography_typography\":\"custom\",\"description_typography_font_family\":\"Rubik\",\"description_typography_font_size\":{\"unit\":\"px\",\"size\":\"16\",\"sizes\":[]},\"description_typography_font_weight\":\"400\",\"_margin\":{\"unit\":\"px\",\"top\":\"0\",\"right\":\"62\",\"bottom\":\"9\",\"left\":\"0\",\"isLinked\":\"\"},\"_element_width\":\"auto\",\"_element_width_tablet\":\"auto\",\"title_typography_line_height\":{\"unit\":\"px\",\"size\":\"30\",\"sizes\":[]},\"_element_width_mobile\":\"inherit\"},\"elements\":[],\"widgetType\":\"gt3-core-imagebox\"},{\"id\":\"3e4def9\",\"elType\":\"widget\",\"settings\":{\"image\":{\"url\":\"https:\/\/livewp.site\/wp\/md\/ewebot\/wp-content\/uploads\/sites\/64\/2019\/08\/img_box_30.png\",\"id\":\"1445\"},\"title_text\":\"\",\"description_text\":\"27 Division St, New York, NY<br>\\n10002, United States\",\"default_position\":\"left\",\"image_space\":{\"unit\":\"px\",\"top\":\"0\",\"right\":\"18\",\"bottom\":\"0\",\"left\":\"0\",\"isLinked\":\"\"},\"image_size\":{\"unit\":\"px\",\"size\":\"48\",\"sizes\":[]},\"title_bottom_space\":{\"unit\":\"px\",\"size\":\"2\",\"sizes\":[]},\"title_color\":\"#FFFFFF\",\"title_typography_font_size\":{\"unit\":\"px\",\"size\":\"18\",\"sizes\":[]},\"title_typography_font_weight\":\"400\",\"description_color\":\"#FFFFFF\",\"description_typography_typography\":\"custom\",\"description_typography_font_family\":\"Rubik\",\"description_typography_font_size\":{\"unit\":\"px\",\"size\":\"16\",\"sizes\":[]},\"description_typography_font_weight\":\"400\",\"description_typography_line_height\":{\"unit\":\"px\",\"size\":\"\",\"sizes\":[]},\"_margin\":{\"unit\":\"px\",\"top\":\"0\",\"right\":\"0\",\"bottom\":\"13\",\"left\":\"0\",\"isLinked\":\"\"},\"_element_width\":\"auto\",\"_element_width_tablet\":\"auto\",\"_element_width_mobile\":\"inherit\"},\"elements\":[],\"widgetType\":\"gt3-core-imagebox\"}],\"isInner\":\"1\"}],\"isInner\":\"1\"},{\"id\":\"cb19c3f\",\"elType\":\"section\",\"settings\":{\"structure\":\"40\",\"heading_color\":\"#FFFFFF\",\"color_text\":\"#F0F0F0\",\"color_link\":\"#F0F0F0\",\"color_link_hover\":\"#F47514\"},\"elements\":[{\"id\":\"c7b7f8b\",\"elType\":\"column\",\"settings\":{\"_column_size\":\"25\",\"gt3_carousel_nav_prev\":\"Prev\",\"gt3_carousel_nav_next\":\"Next\",\"space_between_widgets\":\"0\"},\"elements\":[{\"id\":\"0d591c3\",\"elType\":\"widget\",\"settings\":{\"space\":{\"unit\":\"px\",\"size\":\"35\",\"sizes\":[]}},\"elements\":[],\"widgetType\":\"spacer\"},{\"id\":\"3149677\",\"elType\":\"widget\",\"settings\":{\"editor\":\"<h4>About<\/h4>\",\"text_color\":\"#FFFFFF\",\"typography_typography\":\"custom\",\"typography_font_size\":{\"unit\":\"px\",\"size\":\"20\",\"sizes\":[]},\"typography_font_weight\":\"800\",\"typography_line_height\":{\"unit\":\"px\",\"size\":\"26\",\"sizes\":[]},\"typography_letter_spacing\":{\"unit\":\"px\",\"size\":\"0\",\"sizes\":[]},\"_margin\":{\"unit\":\"px\",\"top\":\"0\",\"right\":\"0\",\"bottom\":\"23\",\"left\":\"0\",\"isLinked\":\"\"}},\"elements\":[],\"widgetType\":\"text-editor\"},{\"id\":\"2641689\",\"elType\":\"widget\",\"settings\":{\"editor\":\"<p>Ewebot have much planned for the future, working with great clients and continued software development.<\/p>\",\"typography_typography\":\"custom\",\"typography_font_size\":{\"unit\":\"px\",\"size\":\"16\",\"sizes\":[]},\"typography_line_height\":{\"unit\":\"px\",\"size\":\"\",\"sizes\":[]},\"_margin\":{\"unit\":\"px\",\"top\":\"0\",\"right\":\"0\",\"bottom\":\"33\",\"left\":\"0\",\"isLinked\":\"\"}},\"elements\":[],\"widgetType\":\"text-editor\"},{\"id\":\"33054d3\",\"elType\":\"widget\",\"settings\":{\"social_icon_list\":[{\"social_icon\":{\"value\":\"fab fa-twitter\",\"library\":\"fa-brands\"},\"_id\":\"91c0e5f\"},{\"social_icon\":{\"value\":\"fab fa-facebook-f\",\"library\":\"fa-brands\"},\"_id\":\"5ffa149\"},{\"social_icon\":{\"value\":\"fab fa-google-plus-g\",\"library\":\"fa-brands\"},\"_id\":\"affb931\"},{\"social_icon\":{\"value\":\"fab fa-pinterest-p\",\"library\":\"fa-brands\"},\"_id\":\"473615c\"},{\"social_icon\":{\"value\":\"fab fa-linkedin-in\",\"library\":\"fa-brands\"},\"_id\":\"ababeec\"}],\"shape\":\"square\",\"align\":\"left\",\"icon_color\":\"custom\",\"icon_primary_color\":\"rgba(240, 240, 240, 0)\",\"icon_secondary_color\":\"#F0F0F0\",\"icon_size\":{\"unit\":\"px\",\"size\":\"16\",\"sizes\":[]},\"icon_padding\":{\"unit\":\"em\",\"size\":\"0\",\"sizes\":[]},\"icon_spacing\":{\"unit\":\"px\",\"size\":\"18\",\"sizes\":[]},\"hover_secondary_color\":\"#F46E15\",\"_margin\":{\"unit\":\"px\",\"top\":\"0\",\"right\":\"0\",\"bottom\":\"0\",\"left\":\"0\",\"isLinked\":false}},\"elements\":[],\"widgetType\":\"social-icons\"}],\"isInner\":\"1\"},{\"id\":\"2553905\",\"elType\":\"column\",\"settings\":{\"_column_size\":\"25\",\"gt3_carousel_nav_prev\":\"Prev\",\"gt3_carousel_nav_next\":\"Next\",\"space_between_widgets\":\"0\"},\"elements\":[{\"id\":\"8f1042e\",\"elType\":\"widget\",\"settings\":{\"space\":{\"unit\":\"px\",\"size\":\"35\",\"sizes\":[]}},\"elements\":[],\"widgetType\":\"spacer\"},{\"id\":\"0ed0b2b\",\"elType\":\"widget\",\"settings\":{\"editor\":\"<h4>Services<\/h4>\",\"text_color\":\"#FFFFFF\",\"typography_typography\":\"custom\",\"typography_font_size\":{\"unit\":\"px\",\"size\":\"20\",\"sizes\":[]},\"typography_font_weight\":\"800\",\"typography_line_height\":{\"unit\":\"px\",\"size\":\"26\",\"sizes\":[]},\"typography_letter_spacing\":{\"unit\":\"px\",\"size\":\"0\",\"sizes\":[]},\"_margin\":{\"unit\":\"px\",\"top\":\"0\",\"right\":\"0\",\"bottom\":\"10\",\"left\":\"0\",\"isLinked\":\"\"}},\"elements\":[],\"widgetType\":\"text-editor\"},{\"id\":\"da1e5f6\",\"elType\":\"widget\",\"settings\":{\"menu_select\":\"services\",\"align\":\"left\"},\"elements\":[],\"widgetType\":\"wpda-builder-menu\"}],\"isInner\":\"1\"},{\"id\":\"df42308\",\"elType\":\"column\",\"settings\":{\"_column_size\":\"25\",\"gt3_carousel_nav_prev\":\"Prev\",\"gt3_carousel_nav_next\":\"Next\",\"space_between_widgets\":\"0\"},\"elements\":[{\"id\":\"1483eb9\",\"elType\":\"widget\",\"settings\":{\"space\":{\"unit\":\"px\",\"size\":\"35\",\"sizes\":[]}},\"elements\":[],\"widgetType\":\"spacer\"},{\"id\":\"27a447b\",\"elType\":\"widget\",\"settings\":{\"editor\":\"<h4>Community<\/h4>\",\"text_color\":\"#FFFFFF\",\"typography_typography\":\"custom\",\"typography_font_size\":{\"unit\":\"px\",\"size\":\"20\",\"sizes\":[]},\"typography_font_weight\":\"800\",\"typography_line_height\":{\"unit\":\"px\",\"size\":\"26\",\"sizes\":[]},\"typography_letter_spacing\":{\"unit\":\"px\",\"size\":\"0\",\"sizes\":[]},\"_margin\":{\"unit\":\"px\",\"top\":\"0\",\"right\":\"0\",\"bottom\":\"10\",\"left\":\"0\",\"isLinked\":\"\"}},\"elements\":[],\"widgetType\":\"text-editor\"},{\"id\":\"87c5085\",\"elType\":\"widget\",\"settings\":{\"menu_select\":\"community\",\"align\":\"left\"},\"elements\":[],\"widgetType\":\"wpda-builder-menu\"}],\"isInner\":\"1\"},{\"id\":\"360e1c4\",\"elType\":\"column\",\"settings\":{\"_column_size\":\"25\",\"gt3_carousel_nav_prev\":\"Prev\",\"gt3_carousel_nav_next\":\"Next\",\"space_between_widgets\":\"0\"},\"elements\":[{\"id\":\"aa54bce\",\"elType\":\"widget\",\"settings\":{\"space\":{\"unit\":\"px\",\"size\":\"35\",\"sizes\":[]}},\"elements\":[],\"widgetType\":\"spacer\"},{\"id\":\"a764dfc\",\"elType\":\"widget\",\"settings\":{\"editor\":\"<h4>Quick Links<\/h4>\",\"text_color\":\"#FFFFFF\",\"typography_typography\":\"custom\",\"typography_font_size\":{\"unit\":\"px\",\"size\":\"20\",\"sizes\":[]},\"typography_font_weight\":\"800\",\"typography_line_height\":{\"unit\":\"px\",\"size\":\"26\",\"sizes\":[]},\"typography_letter_spacing\":{\"unit\":\"px\",\"size\":\"0\",\"sizes\":[]},\"_margin\":{\"unit\":\"px\",\"top\":\"0\",\"right\":\"0\",\"bottom\":\"10\",\"left\":\"0\",\"isLinked\":\"\"}},\"elements\":[],\"widgetType\":\"text-editor\"},{\"id\":\"5413d9d\",\"elType\":\"widget\",\"settings\":{\"menu_select\":\"quick-links\",\"align\":\"left\"},\"elements\":[],\"widgetType\":\"wpda-builder-menu\"}],\"isInner\":\"1\"}],\"isInner\":\"1\"},{\"id\":\"e23a8f5\",\"elType\":\"widget\",\"settings\":{\"editor\":\"<p style=\\\"text-align: center;\\\">\\u00a9 2021 \\u2014 Ewebot by GT3Themes. All Rights Reserved.<\/p>\",\"text_color\":\"#F0F0F0\",\"typography_typography\":\"custom\",\"typography_font_size\":{\"unit\":\"px\",\"size\":\"14\",\"sizes\":[]},\"typography_line_height\":{\"unit\":\"em\",\"size\":\"1.4\",\"sizes\":[]},\"_margin\":{\"unit\":\"px\",\"top\":\"37\",\"right\":\"0\",\"bottom\":\"0\",\"left\":\"0\",\"isLinked\":\"\"}},\"elements\":[],\"widgetType\":\"text-editor\"}],\"isInner\":\"\"}],\"isInner\":\"\"}]"},{"meta_key":"_edit_last","meta_value":"1"},{"meta_key":"slide_template","meta_value":""},{"meta_key":"rs_page_bg_color","meta_value":""},{"meta_key":"_wp_old_slug","meta_value":"footer_home_01"},{"meta_key":"_wpda-builder-active","meta_value":"1"},{"meta_key":"_wpda-builder-conditions","meta_value":"[{\"type\":\"include\",\"key\":\"all\",\"value\":[]}]"},{"meta_key":"_elementor_controls_usage","meta_value":"a:8:{s:6:\"spacer\";a:3:{s:5:\"count\";i:7;s:15:\"control_percent\";i:0;s:8:\"controls\";a:1:{s:7:\"content\";a:1:{s:14:\"section_spacer\";a:2:{s:5:\"space\";i:7;s:12:\"space_mobile\";i:2;}}}}s:16:\"wpda-header-logo\";a:3:{s:5:\"count\";i:1;s:15:\"control_percent\";i:2;s:8:\"controls\";a:1:{s:7:\"content\";a:1:{s:12:\"logo_section\";a:4:{s:11:\"header_logo\";i:1;s:18:\"logo_height_custom\";i:1;s:11:\"logo_height\";i:1;s:12:\"align_mobile\";i:1;}}}}s:6:\"column\";a:3:{s:5:\"count\";i:7;s:15:\"control_percent\";i:1;s:8:\"controls\";a:2:{s:6:\"layout\";a:1:{s:6:\"layout\";a:9:{s:21:\"space_between_widgets\";i:7;s:19:\"_inline_size_tablet\";i:2;s:23:\"content_position_mobile\";i:1;s:12:\"align_mobile\";i:1;s:28:\"space_between_widgets_mobile\";i:3;s:12:\"_inline_size\";i:2;s:16:\"content_position\";i:1;s:5:\"align\";i:1;s:19:\"_inline_size_mobile\";i:1;}}s:8:\"advanced\";a:1:{s:16:\"section_advanced\";a:1:{s:14:\"padding_mobile\";i:1;}}}}s:17:\"gt3-core-imagebox\";a:3:{s:5:\"count\";i:2;s:15:\"control_percent\";i:6;s:8:\"controls\";a:3:{s:7:\"content\";a:1:{s:21:\"section_image_section\";a:4:{s:5:\"image\";i:2;s:10:\"title_text\";i:2;s:16:\"description_text\";i:2;s:16:\"default_position\";i:2;}}s:5:\"style\";a:2:{s:27:\"section_style_image_section\";a:2:{s:11:\"image_space\";i:2;s:10:\"image_size\";i:2;}s:29:\"section_style_content_section\";a:12:{s:18:\"title_bottom_space\";i:2;s:11:\"title_color\";i:2;s:27:\"title_typography_typography\";i:1;s:26:\"title_typography_font_size\";i:2;s:28:\"title_typography_font_weight\";i:2;s:17:\"description_color\";i:2;s:33:\"description_typography_typography\";i:2;s:34:\"description_typography_font_family\";i:2;s:32:\"description_typography_font_size\";i:2;s:34:\"description_typography_font_weight\";i:2;s:28:\"title_typography_line_height\";i:1;s:34:\"description_typography_line_height\";i:1;}}s:8:\"advanced\";a:2:{s:14:\"_section_style\";a:1:{s:7:\"_margin\";i:2;}s:17:\"_section_position\";a:3:{s:14:\"_element_width\";i:2;s:21:\"_element_width_tablet\";i:2;s:21:\"_element_width_mobile\";i:2;}}}}s:7:\"section\";a:3:{s:5:\"count\";i:3;s:15:\"control_percent\";i:1;s:8:\"controls\";a:2:{s:6:\"layout\";a:2:{s:14:\"section_layout\";a:1:{s:16:\"content_position\";i:1;}s:17:\"section_structure\";a:1:{s:9:\"structure\";i:2;}}s:5:\"style\";a:3:{s:12:\"section_typo\";a:5:{s:13:\"heading_color\";i:2;s:10:\"color_text\";i:2;s:10:\"color_link\";i:2;s:16:\"color_link_hover\";i:2;s:10:\"text_align\";i:1;}s:14:\"section_border\";a:3:{s:13:\"border_border\";i:1;s:12:\"border_width\";i:1;s:12:\"border_color\";i:1;}s:18:\"section_background\";a:5:{s:21:\"background_background\";i:1;s:16:\"background_image\";i:1;s:19:\"background_position\";i:1;s:17:\"background_repeat\";i:1;s:15:\"background_size\";i:1;}}}}s:11:\"text-editor\";a:3:{s:5:\"count\";i:6;s:15:\"control_percent\";i:2;s:8:\"controls\";a:3:{s:7:\"content\";a:1:{s:14:\"section_editor\";a:1:{s:6:\"editor\";i:6;}}s:5:\"style\";a:1:{s:13:\"section_style\";a:6:{s:10:\"text_color\";i:5;s:21:\"typography_typography\";i:6;s:20:\"typography_font_size\";i:6;s:22:\"typography_font_weight\";i:4;s:22:\"typography_line_height\";i:6;s:25:\"typography_letter_spacing\";i:4;}}s:8:\"advanced\";a:1:{s:14:\"_section_style\";a:1:{s:7:\"_margin\";i:6;}}}}s:12:\"social-icons\";a:3:{s:5:\"count\";i:1;s:15:\"control_percent\";i:4;s:8:\"controls\";a:3:{s:7:\"content\";a:1:{s:19:\"section_social_icon\";a:3:{s:16:\"social_icon_list\";i:1;s:5:\"shape\";i:1;s:5:\"align\";i:1;}}s:5:\"style\";a:2:{s:20:\"section_social_style\";a:6:{s:10:\"icon_color\";i:1;s:18:\"icon_primary_color\";i:1;s:20:\"icon_secondary_color\";i:1;s:9:\"icon_size\";i:1;s:12:\"icon_padding\";i:1;s:12:\"icon_spacing\";i:1;}s:20:\"section_social_hover\";a:1:{s:21:\"hover_secondary_color\";i:1;}}s:8:\"advanced\";a:1:{s:14:\"_section_style\";a:1:{s:7:\"_margin\";i:1;}}}}s:17:\"wpda-builder-menu\";a:3:{s:5:\"count\";i:3;s:15:\"control_percent\";i:1;s:8:\"controls\";a:1:{s:7:\"content\";a:1:{s:12:\"menu_section\";a:2:{s:11:\"menu_select\";i:3;s:5:\"align\";i:3;}}}}}"}],"comments":[],"media":[1455,1444,1445]}