{"post_title":"Company","guid":"https:\/\/livewp.site\/wp\/md\/ewebot\/company\/","post_author":"","post_content":"","post_excerpt":"","post_id":4122,"pubDate":"Tue, 28 Apr 2020 07:19:02 +0000","post_date":"2020-04-28 07:19:02","post_date_gmt":"2020-04-28 07:19:02","comment_status":"closed","ping_status":"closed","post_name":"company","status":"publish","post_parent":0,"menu_order":4,"post_type":"nav_menu_item","post_password":"","is_sticky":0,"terms":[63],"postmeta":[{"meta_key":"_menu_item_type","meta_value":"custom"},{"meta_key":"_menu_item_menu_item_parent","meta_value":"0"},{"meta_key":"_menu_item_object_id","meta_value":"4122"},{"meta_key":"_menu_item_object","meta_value":"custom"},{"meta_key":"_menu_item_target","meta_value":""},{"meta_key":"_menu_item_classes","meta_value":"a:1:{i:0;s:0:\"\";}"},{"meta_key":"_menu_item_xfn","meta_value":""},{"meta_key":"_menu_item_url","meta_value":"#"},{"meta_key":"_menu_item_label_text","meta_value":""},{"meta_key":"_menu_item_label_color","meta_value":""},{"meta_key":"_menu_item_label_bg_color","meta_value":""},{"meta_key":"_menu_item_padding_left","meta_value":""},{"meta_key":"_menu_item_padding_right","meta_value":""},{"meta_key":"_menu_item_sidebar","meta_value":""}],"comments":[],"media":[]}