{"post_title":"Faq","guid":"https:\/\/livewp.site\/wp\/md\/ewebot\/faq\/","post_author":"","post_content":"<h5>Faq<\/h5>\t\t\n\t\t\t<h2>Most Popular Questions<\/h2>\t\t\n\t\t\t\t\t\t\t\t\t\t\t\t<a href=\"\">How to learn digital marketing?<\/a>\n\t\t\t\t\t<p>ANe summo dictas pertinacia nam. Illum cetero vocent ei vim, case regione signiferumque vim te. Ex mea quem munere lobortis. Duis aute irure dolor in reprehenderit in voluptate velit esse cillum.<\/p>\n\t\t\t\t\t\t\t\t\t\t\t\t<a href=\"\">Can I use the demos made by Ewebot?<\/a>\n\t\t\t\t\tANe summo dictas pertinacia nam. Illum cetero vocent ei vim, case regione signiferumque vim te. Ex mea quem munere lobortis. Duis aute irure dolor in reprehenderit in voluptate velit esse cillum.\n\t\t\t\t\t\t\t\t\t\t\t\t<a href=\"\">Why didn\u2019t you showcase my submission?<\/a>\n\t\t\t\t\tANe summo dictas pertinacia nam. Illum cetero vocent ei vim, case regione signiferumque vim te. Ex mea quem munere lobortis. Duis aute irure dolor in reprehenderit in voluptate velit esse cillum.\n\t\t\t\t\t\t\t\t\t\t\t\t<a href=\"\">What everybody ought to know about digital marketing?<\/a>\n\t\t\t\t\tANe summo dictas pertinacia nam. Illum cetero vocent ei vim, case regione signiferumque vim te. Ex mea quem munere lobortis. Duis aute irure dolor in reprehenderit in voluptate velit esse cillum.\n\t\t\t\t\t\t\t\t\t\t\t\t<a href=\"\">What are digital marketing?<\/a>\n\t\t\t\t\tANe summo dictas pertinacia nam. Illum cetero vocent ei vim, case regione signiferumque vim te. Ex mea quem munere lobortis. Duis aute irure dolor in reprehenderit in voluptate velit esse cillum.\n\t\t\t\t\t\t\t\t\t\t<img width=\"330\" height=\"901\" src=\"https:\/\/livewp.site\/wp\/md\/ewebot\/wp-content\/uploads\/sites\/64\/2019\/09\/FAQ_2_bg_img.png\" alt=\"\" loading=\"lazy\" srcset=\"https:\/\/livewp.site\/wp\/md\/ewebot\/wp-content\/uploads\/sites\/64\/2019\/09\/FAQ_2_bg_img.png 330w, https:\/\/livewp.site\/wp\/md\/ewebot\/wp-content\/uploads\/sites\/64\/2019\/09\/FAQ_2_bg_img-110x300.png 110w\" sizes=\"(max-width: 330px) 100vw, 330px\" title=\"FAQ_2_bg_img\" \/>\t\t\t\t\t\t\t\t\t\t\t\n\t\t<h5>Contact Us<\/h5>\t\t\n\t\t\t<h2>Drop Us a Line<\/h2>\t\t\n\t\t<p>Programs provi patient peace mind when option.<\/p>\t\t\n\t\t\t[contact-form-7 id=\"1225\" title=\"Contact form 3\"]","post_excerpt":"","post_id":419,"pubDate":"Tue, 16 Jul 2019 13:52:48 +0000","post_date":"2019-07-16 13:52:48","post_date_gmt":"2019-07-16 13:52:48","comment_status":"closed","ping_status":"closed","post_name":"faq","status":"publish","post_parent":0,"menu_order":0,"post_type":"page","post_password":"","is_sticky":0,"terms":[],"postmeta":[{"meta_key":"mb_page_sidebar_layout","meta_value":"default"},{"meta_key":"mb_header_presets","meta_value":"default"},{"meta_key":"mb_page_title_conditional","meta_value":"yes"},{"meta_key":"mb_page_title_use_feature_image","meta_value":"0"},{"meta_key":"mb_show_breadcrumbs","meta_value":"1"},{"meta_key":"mb_page_title_vertical_align","meta_value":"middle"},{"meta_key":"mb_page_title_horizontal_align","meta_value":"center"},{"meta_key":"mb_page_title_font_color","meta_value":"#ffffff"},{"meta_key":"mb_page_title_bg_color","meta_value":"#ffffff"},{"meta_key":"mb_page_title_bg_repeat","meta_value":"no-repeat"},{"meta_key":"mb_page_title_bg_size","meta_value":"cover"},{"meta_key":"mb_page_title_bg_attachment","meta_value":"scroll"},{"meta_key":"mb_page_title_bg_position","meta_value":"center center"},{"meta_key":"mb_page_title_height","meta_value":"260"},{"meta_key":"mb_page_title_top_border","meta_value":"0"},{"meta_key":"mb_page_title_top_border_color_opacity","meta_value":"1"},{"meta_key":"mb_page_title_bottom_border","meta_value":"0"},{"meta_key":"mb_page_title_bottom_border_color_opacity","meta_value":"1"},{"meta_key":"mb_page_title_bottom_margin","meta_value":"80"},{"meta_key":"mb_map_prefooter","meta_value":"default"},{"meta_key":"mb_footer_switch","meta_value":"default"},{"meta_key":"mb_footer_column","meta_value":"4"},{"meta_key":"mb_footer_column2","meta_value":"6-6"},{"meta_key":"mb_footer_column3","meta_value":"5-5-2"},{"meta_key":"mb_footer_column5","meta_value":"2-3-2-2-3"},{"meta_key":"mb_footer_align","meta_value":"left"},{"meta_key":"mb_padding_top","meta_value":"57"},{"meta_key":"mb_padding_bottom","meta_value":"57"},{"meta_key":"mb_padding_left","meta_value":"0"},{"meta_key":"mb_padding_right","meta_value":"0"},{"meta_key":"mb_footer_full_width","meta_value":"default"},{"meta_key":"mb_footer_bg_size","meta_value":"cover"},{"meta_key":"mb_footer_bg_color","meta_value":"#191a1c"},{"meta_key":"mb_footer_text_color","meta_value":"#ffffff"},{"meta_key":"mb_footer_heading_color","meta_value":"#9da1a5"},{"meta_key":"mb_footer_bg_repeat","meta_value":"repeat"},{"meta_key":"mb_footer_attachment","meta_value":"scroll"},{"meta_key":"mb_footer_bg_position","meta_value":"center center"},{"meta_key":"mb_footer_top_border","meta_value":"1"},{"meta_key":"mb_footer_top_border_color_opacity","meta_value":"0.1"},{"meta_key":"mb_copyright_switch","meta_value":"1"},{"meta_key":"mb_copyright_align","meta_value":"left"},{"meta_key":"mb_copyright_padding_top","meta_value":"20"},{"meta_key":"mb_copyright_padding_bottom","meta_value":"20"},{"meta_key":"mb_copyright_padding_left","meta_value":"0"},{"meta_key":"mb_copyright_padding_right","meta_value":"0"},{"meta_key":"mb_copyright_bg_color","meta_value":"#191a1c"},{"meta_key":"mb_copyright_text_color","meta_value":"#9da1a5"},{"meta_key":"mb_copyright_top_border","meta_value":"1"},{"meta_key":"mb_copyright_top_border_color_opacity","meta_value":"1"},{"meta_key":"mb_pre_footer_switch","meta_value":"0"},{"meta_key":"mb_pre_footer_align","meta_value":"left"},{"meta_key":"mb_pre_footer_padding_top","meta_value":"20"},{"meta_key":"mb_pre_footer_padding_bottom","meta_value":"20"},{"meta_key":"mb_pre_footer_padding_left","meta_value":"0"},{"meta_key":"mb_pre_footer_padding_right","meta_value":"0"},{"meta_key":"mb_pre_footer_bg_color","meta_value":"#191a1c"},{"meta_key":"mb_pre_footer_text_color","meta_value":"#9da1a5"},{"meta_key":"mb_pre_footer_bottom_border","meta_value":"1"},{"meta_key":"mb_pre_footer_bottom_border_color_opacity","meta_value":"1"},{"meta_key":"mb_preloader","meta_value":"default"},{"meta_key":"mb_preloader_type","meta_value":"linear"},{"meta_key":"mb_preloader_background","meta_value":"#191a1c"},{"meta_key":"mb_preloader_item_color","meta_value":"#ffffff"},{"meta_key":"mb_preloader_item_color2","meta_value":"#435bb2"},{"meta_key":"mb_preloader_item_width","meta_value":"120"},{"meta_key":"mb_preloader_item_stroke","meta_value":"2"},{"meta_key":"mb_preloader_item_logo_width","meta_value":"45"},{"meta_key":"mb_preloader_full","meta_value":"1"},{"meta_key":"slide_template","meta_value":"default"},{"meta_key":"_elementor_edit_mode","meta_value":"builder"},{"meta_key":"_elementor_template_type","meta_value":"wp-page"},{"meta_key":"_elementor_version","meta_value":"3.1.0"},{"meta_key":"_wp_page_template","meta_value":"default"},{"meta_key":"_elementor_data","meta_value":"[{\"id\":\"8b37e1a\",\"elType\":\"section\",\"settings\":{\"structure\":\"20\",\"background_position\":\"top center\",\"background_repeat\":\"no-repeat\",\"background_size\":\"cover\"},\"elements\":[{\"id\":\"60726cb\",\"elType\":\"column\",\"settings\":{\"_column_size\":\"50\",\"_inline_size\":\"66.67\",\"space_between_widgets\":\"0\",\"gt3_carousel_nav_prev\":\"Prev\",\"gt3_carousel_nav_next\":\"Next\"},\"elements\":[{\"id\":\"5e023f7\",\"elType\":\"widget\",\"settings\":{\"editor\":\"<h5>Faq<\\\/h5>\",\"typography_typography\":\"custom\",\"typography_font_size\":{\"unit\":\"px\",\"size\":\"14\",\"sizes\":[]},\"typography_text_transform\":\"uppercase\",\"_margin\":{\"unit\":\"px\",\"top\":\"0\",\"right\":\"0\",\"bottom\":\"3\",\"left\":\"0\",\"isLinked\":\"\"},\"typography_font_weight\":\"700\"},\"elements\":[],\"widgetType\":\"text-editor\"},{\"id\":\"5a8bd10\",\"elType\":\"widget\",\"settings\":{\"title\":\"Most Popular Questions\",\"typography_typography\":\"custom\",\"typography_line_height\":{\"unit\":\"px\",\"size\":\"38\",\"sizes\":[]}},\"elements\":[],\"widgetType\":\"heading\"},{\"id\":\"68046f0\",\"elType\":\"widget\",\"settings\":{\"tabs\":[{\"tab_title\":\"How to learn digital marketing?\",\"tab_content\":\"<p><span class=\\\"gt3_dropcaps\\\" style=\\\"color: #ffffff\\\">A<\\\/span>Ne summo dictas pertinacia nam. Illum cetero vocent ei vim, case regione signiferumque vim te. Ex mea quem munere lobortis. Duis aute irure dolor in reprehenderit in voluptate velit esse cillum.<\\\/p>\",\"_id\":\"e5ddd63\",\"tab_active\":\"active\"},{\"tab_title\":\"Can I use the demos made by Ewebot?\",\"tab_content\":\"<span class=\\\"gt3_dropcaps\\\">A<\\\/span>Ne summo dictas pertinacia nam. Illum cetero vocent ei vim, case regione signiferumque vim te. Ex mea quem munere lobortis. Duis aute irure dolor in reprehenderit in voluptate velit esse cillum.\",\"_id\":\"88466a0\",\"tab_active\":\"active\"},{\"tab_title\":\"Why didn\\u2019t you showcase my submission?\",\"tab_content\":\"<span class=\\\"gt3_dropcaps\\\">A<\\\/span>Ne summo dictas pertinacia nam. Illum cetero vocent ei vim, case regione signiferumque vim te. Ex mea quem munere lobortis. Duis aute irure dolor in reprehenderit in voluptate velit esse cillum.\",\"_id\":\"d455541\",\"tab_active\":\"active\"},{\"tab_title\":\"What everybody ought to know about digital marketing?\",\"tab_content\":\"<span class=\\\"gt3_dropcaps\\\">A<\\\/span>Ne summo dictas pertinacia nam. Illum cetero vocent ei vim, case regione signiferumque vim te. Ex mea quem munere lobortis. Duis aute irure dolor in reprehenderit in voluptate velit esse cillum.\",\"_id\":\"e70c9e2\",\"tab_active\":\"active\"},{\"tab_title\":\"What are digital marketing?\",\"tab_content\":\"<span class=\\\"gt3_dropcaps\\\">A<\\\/span>Ne summo dictas pertinacia nam. Illum cetero vocent ei vim, case regione signiferumque vim te. Ex mea quem munere lobortis. Duis aute irure dolor in reprehenderit in voluptate velit esse cillum.\",\"_id\":\"76bfb6f\",\"tab_active\":\"active\"}],\"add_question_marker\":\"yes\",\"selected_icon\":{\"value\":\"\",\"library\":\"\"},\"border_width\":{\"unit\":\"px\",\"size\":\"0\",\"sizes\":[]},\"space_between\":{\"unit\":\"px\",\"size\":\"27\",\"sizes\":[]},\"title_color\":\"#3b3663\",\"tab_active_color\":\"#3b3663\",\"title_typography_typography\":\"custom\",\"title_typography_font_family\":\"Nunito\",\"title_typography_font_size\":{\"unit\":\"px\",\"size\":\"18\",\"sizes\":[]},\"title_typography_font_weight\":\"bold\",\"title_typography_line_height\":{\"unit\":\"px\",\"size\":\"27\",\"sizes\":[]},\"title_typography_letter_spacing\":{\"unit\":\"px\",\"size\":\"0\",\"sizes\":[]},\"title_padding\":{\"unit\":\"px\",\"top\":\"10\",\"right\":\"0\",\"bottom\":\"4\",\"left\":\"0\",\"isLinked\":\"\"},\"content_typography_typography\":\"custom\",\"content_typography_font_size\":{\"unit\":\"px\",\"size\":\"16\",\"sizes\":[]},\"content_typography_font_weight\":\"400\",\"content_typography_line_height\":{\"unit\":\"px\",\"size\":\"24\",\"sizes\":[]},\"content_typography_letter_spacing\":{\"unit\":\"px\",\"size\":\"0\",\"sizes\":[]},\"content_padding\":{\"unit\":\"px\",\"top\":\"18\",\"right\":\"0\",\"bottom\":\"16\",\"left\":\"60\",\"isLinked\":\"\"},\"question_marker\":\"Q\",\"question_marker_bg_color\":\"#f0ac0e\",\"question_marker_color\":\"#ffffff\",\"_margin\":{\"unit\":\"px\",\"top\":\"40\",\"right\":\"0\",\"bottom\":\"0\",\"left\":\"0\",\"isLinked\":\"\"}},\"elements\":[],\"widgetType\":\"toggle\"},{\"id\":\"e28b3fd\",\"elType\":\"widget\",\"settings\":{\"space\":{\"unit\":\"px\",\"size\":\"67\",\"sizes\":[]}},\"elements\":[],\"widgetType\":\"spacer\"}],\"isInner\":\"\"},{\"id\":\"9181627\",\"elType\":\"column\",\"settings\":{\"_column_size\":\"50\",\"_inline_size\":\"33.33\",\"space_between_widgets\":\"0\",\"gt3_carousel_nav_prev\":\"Prev\",\"gt3_carousel_nav_next\":\"Next\"},\"elements\":[{\"id\":\"ab8fc62\",\"elType\":\"widget\",\"settings\":{\"image\":{\"url\":\"https:\\\/\\\/livewp.site\\\/wp\\\/md\\\/ewebot\\\/wp-content\\\/uploads\\\/sites\\\/64\\\/2019\\\/09\\\/FAQ_2_bg_img.png\",\"id\":\"2472\"},\"image_size\":\"full\",\"align\":\"right\",\"_margin\":{\"unit\":\"px\",\"top\":\"9\",\"right\":\"-35\",\"bottom\":\"0\",\"left\":\"0\",\"isLinked\":\"\"},\"_margin_tablet\":{\"unit\":\"px\",\"top\":\"0\",\"right\":\"0\",\"bottom\":\"0\",\"left\":\"0\",\"isLinked\":\"1\"}},\"elements\":[],\"widgetType\":\"image\"}],\"isInner\":\"\"}],\"isInner\":\"\"},{\"id\":\"d7f4afe\",\"elType\":\"section\",\"settings\":[],\"elements\":[{\"id\":\"3c59c6c\",\"elType\":\"column\",\"settings\":{\"_column_size\":\"100\",\"space_between_widgets\":\"0\",\"gt3_carousel_nav_prev\":\"Prev\",\"gt3_carousel_nav_next\":\"Next\",\"background_background\":\"classic\",\"background_image\":{\"url\":\"https:\\\/\\\/livewp.site\\\/wp\\\/md\\\/ewebot\\\/wp-content\\\/uploads\\\/sites\\\/64\\\/2019\\\/07\\\/contacts_img_03.png\",\"id\":\"987\"},\"background_position\":\"center center\",\"background_repeat\":\"no-repeat\",\"background_size\":\"cover\",\"border_radius\":{\"unit\":\"px\",\"top\":\"10\",\"right\":\"10\",\"bottom\":\"10\",\"left\":\"10\",\"isLinked\":\"1\"}},\"elements\":[{\"id\":\"9d2b8ce\",\"elType\":\"widget\",\"settings\":{\"space\":{\"unit\":\"px\",\"size\":\"61\",\"sizes\":[]}},\"elements\":[],\"widgetType\":\"spacer\"},{\"id\":\"b7a1b42\",\"elType\":\"widget\",\"settings\":{\"editor\":\"<h5>Contact Us<\\\/h5>\",\"typography_typography\":\"custom\",\"typography_font_size\":{\"unit\":\"px\",\"size\":\"14\",\"sizes\":[]},\"typography_text_transform\":\"uppercase\",\"_margin\":{\"unit\":\"px\",\"top\":\"0\",\"right\":\"0\",\"bottom\":\"3\",\"left\":\"0\",\"isLinked\":\"\"},\"align\":\"center\",\"typography_font_weight\":\"700\"},\"elements\":[],\"widgetType\":\"text-editor\"},{\"id\":\"f5ee4fb\",\"elType\":\"widget\",\"settings\":{\"title\":\"Drop Us a Line\",\"_margin\":{\"unit\":\"px\",\"top\":\"0\",\"right\":\"0\",\"bottom\":\"14\",\"left\":\"0\",\"isLinked\":\"\"},\"typography_typography\":\"custom\",\"typography_line_height\":{\"unit\":\"px\",\"size\":\"38\",\"sizes\":[]},\"align\":\"center\"},\"elements\":[],\"widgetType\":\"heading\"},{\"id\":\"85937d8\",\"elType\":\"widget\",\"settings\":{\"editor\":\"<p>Programs provi patient peace mind when option.<\\\/p>\",\"align\":\"center\"},\"elements\":[],\"widgetType\":\"text-editor\"},{\"id\":\"e5a8eb2\",\"elType\":\"widget\",\"settings\":{\"space\":{\"unit\":\"px\",\"size\":\"18\",\"sizes\":[]}},\"elements\":[],\"widgetType\":\"spacer\"},{\"id\":\"8617ddc\",\"elType\":\"section\",\"settings\":{\"structure\":\"30\"},\"elements\":[{\"id\":\"52002d6\",\"elType\":\"column\",\"settings\":{\"_column_size\":\"33\",\"_inline_size\":\"16\",\"gt3_carousel_nav_prev\":\"Prev\",\"gt3_carousel_nav_next\":\"Next\"},\"elements\":[],\"isInner\":\"1\"},{\"id\":\"84fbb58\",\"elType\":\"column\",\"settings\":{\"_column_size\":\"33\",\"_inline_size\":\"67.332\",\"gt3_carousel_nav_prev\":\"Prev\",\"gt3_carousel_nav_next\":\"Next\"},\"elements\":[{\"id\":\"a42e9ee\",\"elType\":\"widget\",\"settings\":{\"html\":\"[contact-form-7 id=\\\"1225\\\" title=\\\"Contact form 3\\\"]\"},\"elements\":[],\"widgetType\":\"html\"}],\"isInner\":\"1\"},{\"id\":\"da0c45f\",\"elType\":\"column\",\"settings\":{\"_column_size\":\"33\",\"_inline_size\":\"16\",\"gt3_carousel_nav_prev\":\"Prev\",\"gt3_carousel_nav_next\":\"Next\"},\"elements\":[],\"isInner\":\"1\"}],\"isInner\":\"1\"},{\"id\":\"036ef2f\",\"elType\":\"widget\",\"settings\":{\"space\":{\"unit\":\"px\",\"size\":\"45\",\"sizes\":[]}},\"elements\":[],\"widgetType\":\"spacer\"}],\"isInner\":\"\"}],\"isInner\":\"\"},{\"id\":\"8a221ca\",\"elType\":\"section\",\"settings\":[],\"elements\":[{\"id\":\"1e4786d\",\"elType\":\"column\",\"settings\":{\"_column_size\":\"100\",\"gt3_carousel_nav_prev\":\"Prev\",\"gt3_carousel_nav_next\":\"Next\"},\"elements\":[{\"id\":\"1357770\",\"elType\":\"widget\",\"settings\":{\"space\":{\"unit\":\"px\",\"size\":\"80\",\"sizes\":[]}},\"elements\":[],\"widgetType\":\"spacer\"}],\"isInner\":\"\"}],\"isInner\":\"\"}]"},{"meta_key":"_edit_last","meta_value":"2"},{"meta_key":"_edit_lock","meta_value":"1627974385:1"},{"meta_key":"mb_bubbles_block","meta_value":"default"},{"meta_key":"mb_page_title_bg_image","meta_value":"2651"},{"meta_key":"_elementor_controls_usage","meta_value":"a:8:{s:11:\"text-editor\";a:3:{s:5:\"count\";i:3;s:15:\"control_percent\";i:1;s:8:\"controls\";a:3:{s:7:\"content\";a:1:{s:14:\"section_editor\";a:1:{s:6:\"editor\";i:3;}}s:5:\"style\";a:1:{s:13:\"section_style\";a:5:{s:21:\"typography_typography\";i:2;s:20:\"typography_font_size\";i:2;s:25:\"typography_text_transform\";i:2;s:22:\"typography_font_weight\";i:2;s:5:\"align\";i:2;}}s:8:\"advanced\";a:1:{s:14:\"_section_style\";a:1:{s:7:\"_margin\";i:2;}}}}s:7:\"heading\";a:3:{s:5:\"count\";i:2;s:15:\"control_percent\";i:2;s:8:\"controls\";a:3:{s:7:\"content\";a:1:{s:13:\"section_title\";a:2:{s:5:\"title\";i:2;s:5:\"align\";i:1;}}s:5:\"style\";a:1:{s:19:\"section_title_style\";a:2:{s:21:\"typography_typography\";i:2;s:22:\"typography_line_height\";i:2;}}s:8:\"advanced\";a:1:{s:14:\"_section_style\";a:1:{s:7:\"_margin\";i:1;}}}}s:6:\"toggle\";a:3:{s:5:\"count\";i:1;s:15:\"control_percent\";i:8;s:8:\"controls\";a:3:{s:7:\"content\";a:1:{s:14:\"section_toggle\";a:5:{s:4:\"tabs\";i:1;s:19:\"add_question_marker\";i:1;s:13:\"selected_icon\";i:1;s:24:\"question_marker_bg_color\";i:1;s:21:\"question_marker_color\";i:1;}}s:5:\"style\";a:3:{s:20:\"section_toggle_style\";a:2:{s:12:\"border_width\";i:1;s:13:\"space_between\";i:1;}s:26:\"section_toggle_style_title\";a:9:{s:11:\"title_color\";i:1;s:16:\"tab_active_color\";i:1;s:27:\"title_typography_typography\";i:1;s:28:\"title_typography_font_family\";i:1;s:26:\"title_typography_font_size\";i:1;s:28:\"title_typography_font_weight\";i:1;s:28:\"title_typography_line_height\";i:1;s:31:\"title_typography_letter_spacing\";i:1;s:13:\"title_padding\";i:1;}s:28:\"section_toggle_style_content\";a:6:{s:29:\"content_typography_typography\";i:1;s:28:\"content_typography_font_size\";i:1;s:30:\"content_typography_font_weight\";i:1;s:30:\"content_typography_line_height\";i:1;s:33:\"content_typography_letter_spacing\";i:1;s:15:\"content_padding\";i:1;}}s:8:\"advanced\";a:1:{s:14:\"_section_style\";a:1:{s:7:\"_margin\";i:1;}}}}s:6:\"spacer\";a:3:{s:5:\"count\";i:5;s:15:\"control_percent\";i:0;s:8:\"controls\";a:1:{s:7:\"content\";a:1:{s:14:\"section_spacer\";a:1:{s:5:\"space\";i:5;}}}}s:6:\"column\";a:3:{s:5:\"count\";i:7;s:15:\"control_percent\";i:0;s:8:\"controls\";a:2:{s:6:\"layout\";a:1:{s:6:\"layout\";a:2:{s:12:\"_inline_size\";i:5;s:21:\"space_between_widgets\";i:3;}}s:5:\"style\";a:2:{s:13:\"section_style\";a:5:{s:21:\"background_background\";i:1;s:16:\"background_image\";i:1;s:19:\"background_position\";i:1;s:17:\"background_repeat\";i:1;s:15:\"background_size\";i:1;}s:14:\"section_border\";a:1:{s:13:\"border_radius\";i:1;}}}}s:5:\"image\";a:3:{s:5:\"count\";i:1;s:15:\"control_percent\";i:2;s:8:\"controls\";a:2:{s:7:\"content\";a:1:{s:13:\"section_image\";a:3:{s:5:\"image\";i:1;s:10:\"image_size\";i:1;s:5:\"align\";i:1;}}s:8:\"advanced\";a:1:{s:14:\"_section_style\";a:2:{s:7:\"_margin\";i:1;s:14:\"_margin_tablet\";i:1;}}}}s:7:\"section\";a:3:{s:5:\"count\";i:4;s:15:\"control_percent\";i:0;s:8:\"controls\";a:2:{s:6:\"layout\";a:1:{s:17:\"section_structure\";a:1:{s:9:\"structure\";i:2;}}s:5:\"style\";a:1:{s:18:\"section_background\";a:3:{s:19:\"background_position\";i:1;s:17:\"background_repeat\";i:1;s:15:\"background_size\";i:1;}}}}s:4:\"html\";a:3:{s:5:\"count\";i:1;s:15:\"control_percent\";i:0;s:8:\"controls\";a:1:{s:7:\"content\";a:1:{s:13:\"section_title\";a:1:{s:4:\"html\";i:1;}}}}}"},{"meta_key":"_gt3_usage_shortcodes","meta_value":"{\"contact-form-7\":1,\"mc4wp_form\":1}"}],"comments":[],"media":[2472,2651]}