{"post_title":"Home 01 Price Tab 2","guid":"https:\/\/livewp.site\/wp\/md\/ewebot\/?elementor_library=home_01_price2","post_author":"","post_content":"$8950\t\t\t\t\t\n\t\t\t\t\t\t\t\t\t<h3>Basic Plan<\/h3>\n\t\t\t\t<p style=\"text-align: center\">Strategy &amp; Research<\/p><p style=\"text-align: center\">Business &amp; Finance Analysing<\/p><p style=\"text-align: center\">SEO Optimization<\/p>\n\t\t\t\t\t\t<a href=\"#\">\n\t\t\t\t\t\t\t\t\t\t\t\t\t\t\t\tGet started\n\t\t\t\t\t\t<\/a>\n\t\t\t\t$29990\t\t\t\t\t\n\t\t\t\t\t\t\t\t\t<h3>Standart Plan<\/h3>\n\t\t\t\t<p style=\"text-align: center\">Strategy &amp; Research<\/p><p style=\"text-align: center\">Business &amp; Finance Analysing<\/p><p style=\"text-align: center\">SEO Optimization<\/p>\n\t\t\t\t\t\t<a href=\"#\">\n\t\t\t\t\t\t\t\t\t\t\t\t\t\t\t\tGet started\n\t\t\t\t\t\t<\/a>\n\t\t\t\t$59950\t\t\t\t\t\n\t\t\t\t\t\t\t\t\t<h3>Standart Plan<\/h3>\n\t\t\t\t<p style=\"text-align: center\">Strategy &amp; Research<\/p><p style=\"text-align: center\">Business &amp; Finance Analysing<\/p><p style=\"text-align: center\">SEO Optimization<\/p>\n\t\t\t\t\t\t<a href=\"#\">\n\t\t\t\t\t\t\t\t\t\t\t\t\t\t\t\tGet started\n\t\t\t\t\t\t<\/a>","post_excerpt":"","post_id":4286,"pubDate":"Mon, 04 May 2020 11:50:38 +0000","post_date":"2020-05-04 11:50:38","post_date_gmt":"2020-05-04 11:50:38","comment_status":"closed","ping_status":"closed","post_name":"home_01_price2","status":"publish","post_parent":0,"menu_order":0,"post_type":"elementor_library","post_password":"","is_sticky":0,"terms":[64],"postmeta":[{"meta_key":"_elementor_edit_mode","meta_value":"builder"},{"meta_key":"_elementor_template_type","meta_value":"gt3-tabs"},{"meta_key":"_elementor_version","meta_value":"2.9.8"},{"meta_key":"_edit_lock","meta_value":"1588836230:1"},{"meta_key":"_wp_page_template","meta_value":"default"},{"meta_key":"_elementor_data","meta_value":"[{\"id\":\"11e4e98\",\"elType\":\"section\",\"settings\":[],\"elements\":[{\"id\":\"0e46dfa\",\"elType\":\"column\",\"settings\":{\"_column_size\":\"100\",\"_inline_size\":\"\",\"gt3_carousel_nav_prev\":\"Prev\",\"gt3_carousel_nav_next\":\"Next\"},\"elements\":[{\"id\":\"c9be05c\",\"elType\":\"section\",\"settings\":{\"structure\":\"30\"},\"elements\":[{\"id\":\"7f1be92\",\"elType\":\"column\",\"settings\":{\"_column_size\":\"33\",\"gt3_carousel_nav_prev\":\"Prev\",\"gt3_carousel_nav_next\":\"Next\",\"margin\":{\"unit\":\"px\",\"top\":\"0\",\"right\":\"0\",\"bottom\":\"0\",\"left\":\"0\",\"isLinked\":\"1\"}},\"elements\":[{\"id\":\"6350f9a\",\"elType\":\"widget\",\"settings\":{\"title\":\"Basic Plan\",\"price_prefix\":\"$\",\"price\":\"89\",\"price_suffix\":\"50\",\"content\":\"<p style=\\\"text-align: center\\\">Strategy &amp; Research<\\\/p><p style=\\\"text-align: center\\\">Business &amp; Finance Analysing<\\\/p><p style=\\\"text-align: center\\\">SEO Optimization<\\\/p>\",\"button_text\":\"Get started\",\"image_size\":{\"unit\":\"px\",\"size\":\"0\",\"sizes\":[]},\"title_color\":\"#3b3663\",\"title_typography_typography\":\"custom\",\"title_typography_font_size\":{\"unit\":\"px\",\"size\":\"24\",\"sizes\":[]},\"title_typography_font_weight\":\"bold\",\"title_typography_line_height\":{\"unit\":\"px\",\"size\":\"26\",\"sizes\":[]},\"image_size_2\":{\"unit\":\"px\",\"size\":\"0\",\"sizes\":[]},\"price_color\":\"#ffffff\",\"price_typography_typography\":\"custom\",\"price_typography_font_family\":\"Nunito\",\"price_typography_font_size\":{\"unit\":\"px\",\"size\":\"35\",\"sizes\":[]},\"price_typography_line_height\":{\"unit\":\"px\",\"size\":\"\",\"sizes\":[]},\"content_color\":\"#696687\",\"content_typography_typography\":\"custom\",\"content_typography_font_size\":{\"unit\":\"px\",\"size\":\"18\",\"sizes\":[]},\"content_typography_font_weight\":\"400\",\"content_typography_line_height\":{\"unit\":\"px\",\"size\":\"35\",\"sizes\":[]},\"button_typography_typography\":\"custom\",\"button_typography_font_size\":{\"unit\":\"px\",\"size\":\"12\",\"sizes\":[]},\"button_typography_font_weight\":\"500\",\"button_typography_letter_spacing\":{\"unit\":\"px\",\"size\":\"0.2\",\"sizes\":[]},\"button_border_en\":\"yes\",\"button_border\":\"solid\",\"button_border_radius\":{\"unit\":\"px\",\"size\":\"5\",\"sizes\":[]},\"btn_color\":\"#ffffff\",\"button_border_color\":\"#f38013\",\"btn_color_hover\":\"#ffffff\",\"btn_bg_color_hover\":\"#f47514\",\"button_border_color_hover\":\"#f38013\",\"package_is_active\":\"yes\",\"_background_background\":\"classic\",\"_background_color\":\"#ffffff\",\"_margin\":{\"unit\":\"px\",\"top\":\"0\",\"right\":\"0\",\"bottom\":\"0\",\"left\":\"0\",\"isLinked\":\"1\"},\"price_item_prefix_typography_typography\":\"custom\",\"price_item_prefix_typography_font_weight\":\"bold\",\"price_item_suffix_typography_typography\":\"custom\",\"price_item_suffix_typography_font_weight\":\"bold\",\"_padding\":{\"unit\":\"px\",\"top\":\"32\",\"right\":\"10\",\"bottom\":\"22\",\"left\":\"10\",\"isLinked\":\"\"}},\"elements\":[],\"widgetType\":\"gt3-core-pricebox\"}],\"isInner\":\"1\"},{\"id\":\"62f594f\",\"elType\":\"column\",\"settings\":{\"_column_size\":\"33\",\"gt3_carousel_nav_prev\":\"Prev\",\"gt3_carousel_nav_next\":\"Next\",\"margin\":{\"unit\":\"px\",\"top\":\"0\",\"right\":\"0\",\"bottom\":\"0\",\"left\":\"0\",\"isLinked\":\"1\"}},\"elements\":[{\"id\":\"3136fc6\",\"elType\":\"widget\",\"settings\":{\"title\":\"Standart Plan\",\"price_prefix\":\"$\",\"price\":\"299\",\"price_suffix\":\"90\",\"content\":\"<p style=\\\"text-align: center\\\">Strategy &amp; Research<\\\/p><p style=\\\"text-align: center\\\">Business &amp; Finance Analysing<\\\/p><p style=\\\"text-align: center\\\">SEO Optimization<\\\/p>\",\"button_text\":\"Get started\",\"image_size\":{\"unit\":\"px\",\"size\":\"0\",\"sizes\":[]},\"title_color\":\"#3b3663\",\"title_typography_typography\":\"custom\",\"title_typography_font_size\":{\"unit\":\"px\",\"size\":\"24\",\"sizes\":[]},\"title_typography_font_weight\":\"bold\",\"title_typography_line_height\":{\"unit\":\"px\",\"size\":\"26\",\"sizes\":[]},\"image_size_2\":{\"unit\":\"px\",\"size\":\"0\",\"sizes\":[]},\"price_color\":\"#ffffff\",\"price_typography_typography\":\"custom\",\"price_typography_font_family\":\"Nunito\",\"price_typography_font_size\":{\"unit\":\"px\",\"size\":\"35\",\"sizes\":[]},\"price_typography_line_height\":{\"unit\":\"px\",\"size\":\"\",\"sizes\":[]},\"content_color\":\"#696687\",\"content_typography_typography\":\"custom\",\"content_typography_font_size\":{\"unit\":\"px\",\"size\":\"18\",\"sizes\":[]},\"content_typography_font_weight\":\"400\",\"content_typography_line_height\":{\"unit\":\"px\",\"size\":\"35\",\"sizes\":[]},\"button_typography_typography\":\"custom\",\"button_typography_font_size\":{\"unit\":\"px\",\"size\":\"12\",\"sizes\":[]},\"button_typography_font_weight\":\"500\",\"button_typography_letter_spacing\":{\"unit\":\"px\",\"size\":\"0.2\",\"sizes\":[]},\"button_border_en\":\"yes\",\"button_border\":\"solid\",\"button_border_radius\":{\"unit\":\"px\",\"size\":\"5\",\"sizes\":[]},\"btn_color\":\"#685be8\",\"btn_bg_color\":\"rgba(255,255,255,0)\",\"button_border_color\":\"#685be8\",\"btn_color_hover\":\"#ffffff\",\"btn_bg_color_hover\":\"#685be8\",\"button_border_color_hover\":\"#685be8\",\"_background_background\":\"classic\",\"_background_color\":\"#f9f8ff\",\"_border_radius\":{\"unit\":\"px\",\"top\":\"5\",\"right\":\"5\",\"bottom\":\"5\",\"left\":\"5\",\"isLinked\":\"1\"},\"_margin\":{\"unit\":\"px\",\"top\":\"0\",\"right\":\"0\",\"bottom\":\"0\",\"left\":\"0\",\"isLinked\":\"1\"},\"price_item_prefix_typography_typography\":\"custom\",\"price_item_prefix_typography_font_weight\":\"bold\",\"price_item_suffix_typography_typography\":\"custom\",\"price_item_suffix_typography_font_weight\":\"bold\",\"_padding\":{\"unit\":\"px\",\"top\":\"32\",\"right\":\"10\",\"bottom\":\"22\",\"left\":\"10\",\"isLinked\":\"\"}},\"elements\":[],\"widgetType\":\"gt3-core-pricebox\"}],\"isInner\":\"1\"},{\"id\":\"c638192\",\"elType\":\"column\",\"settings\":{\"_column_size\":\"33\",\"gt3_carousel_nav_prev\":\"Prev\",\"gt3_carousel_nav_next\":\"Next\",\"margin\":{\"unit\":\"px\",\"top\":\"0\",\"right\":\"0\",\"bottom\":\"0\",\"left\":\"0\",\"isLinked\":\"1\"}},\"elements\":[{\"id\":\"4a59ab7\",\"elType\":\"widget\",\"settings\":{\"title\":\"Standart Plan\",\"price_prefix\":\"$\",\"price\":\"599\",\"price_suffix\":\"50\",\"content\":\"<p style=\\\"text-align: center\\\">Strategy &amp; Research<\\\/p><p style=\\\"text-align: center\\\">Business &amp; Finance Analysing<\\\/p><p style=\\\"text-align: center\\\">SEO Optimization<\\\/p>\",\"button_text\":\"Get started\",\"image_size\":{\"unit\":\"px\",\"size\":\"0\",\"sizes\":[]},\"title_color\":\"#3b3663\",\"title_typography_typography\":\"custom\",\"title_typography_font_size\":{\"unit\":\"px\",\"size\":\"24\",\"sizes\":[]},\"title_typography_font_weight\":\"bold\",\"title_typography_line_height\":{\"unit\":\"px\",\"size\":\"26\",\"sizes\":[]},\"image_size_2\":{\"unit\":\"px\",\"size\":\"0\",\"sizes\":[]},\"price_color\":\"#ffffff\",\"price_typography_typography\":\"custom\",\"price_typography_font_family\":\"Nunito\",\"price_typography_font_size\":{\"unit\":\"px\",\"size\":\"35\",\"sizes\":[]},\"price_typography_line_height\":{\"unit\":\"px\",\"size\":\"\",\"sizes\":[]},\"content_color\":\"#696687\",\"content_typography_typography\":\"custom\",\"content_typography_font_size\":{\"unit\":\"px\",\"size\":\"18\",\"sizes\":[]},\"content_typography_font_weight\":\"400\",\"content_typography_line_height\":{\"unit\":\"px\",\"size\":\"35\",\"sizes\":[]},\"button_typography_typography\":\"custom\",\"button_typography_font_size\":{\"unit\":\"px\",\"size\":\"12\",\"sizes\":[]},\"button_typography_font_weight\":\"500\",\"button_typography_letter_spacing\":{\"unit\":\"px\",\"size\":\"0.2\",\"sizes\":[]},\"button_border_en\":\"yes\",\"button_border\":\"solid\",\"button_border_radius\":{\"unit\":\"px\",\"size\":\"5\",\"sizes\":[]},\"btn_color\":\"#ffffff\",\"button_border_color\":\"#f38013\",\"btn_color_hover\":\"#ffffff\",\"btn_bg_color_hover\":\"#f47514\",\"button_border_color_hover\":\"#f38013\",\"package_is_active\":\"yes\",\"_background_background\":\"classic\",\"_background_color\":\"#ffffff\",\"_margin\":{\"unit\":\"px\",\"top\":\"0\",\"right\":\"0\",\"bottom\":\"0\",\"left\":\"0\",\"isLinked\":\"1\"},\"price_item_prefix_typography_typography\":\"custom\",\"price_item_prefix_typography_font_weight\":\"bold\",\"price_item_suffix_typography_typography\":\"custom\",\"price_item_suffix_typography_font_weight\":\"bold\",\"_padding\":{\"unit\":\"px\",\"top\":\"32\",\"right\":\"10\",\"bottom\":\"22\",\"left\":\"10\",\"isLinked\":\"\"}},\"elements\":[],\"widgetType\":\"gt3-core-pricebox\"}],\"isInner\":\"1\"}],\"isInner\":\"1\"}],\"isInner\":\"\"}],\"isInner\":\"\"}]"},{"meta_key":"_elementor_controls_usage","meta_value":"a:3:{s:17:\"gt3-core-pricebox\";a:3:{s:5:\"count\";i:3;s:15:\"control_percent\";i:8;s:8:\"controls\";a:3:{s:7:\"content\";a:1:{s:13:\"basic_section\";a:6:{s:5:\"title\";i:3;s:5:\"price\";i:3;s:12:\"price_suffix\";i:3;s:7:\"content\";i:3;s:11:\"button_text\";i:3;s:17:\"package_is_active\";i:2;}}s:5:\"style\";a:8:{s:27:\"image_style_section_section\";a:1:{s:10:\"image_size\";i:3;}s:26:\"text_style_section_section\";a:5:{s:11:\"title_color\";i:3;s:27:\"title_typography_typography\";i:3;s:26:\"title_typography_font_size\";i:3;s:28:\"title_typography_font_weight\";i:3;s:28:\"title_typography_line_height\";i:3;}s:29:\"image_style_section_2_section\";a:1:{s:12:\"image_size_2\";i:3;}s:27:\"price_style_section_section\";a:5:{s:11:\"price_color\";i:3;s:27:\"price_typography_typography\";i:3;s:28:\"price_typography_font_family\";i:3;s:26:\"price_typography_font_size\";i:3;s:28:\"price_typography_line_height\";i:3;}s:29:\"content_style_section_section\";a:5:{s:13:\"content_color\";i:3;s:29:\"content_typography_typography\";i:3;s:28:\"content_typography_font_size\";i:3;s:30:\"content_typography_font_weight\";i:3;s:30:\"content_typography_line_height\";i:3;}s:28:\"button_style_section_section\";a:4:{s:28:\"button_typography_typography\";i:3;s:27:\"button_typography_font_size\";i:3;s:29:\"button_typography_font_weight\";i:3;s:32:\"button_typography_letter_spacing\";i:3;}s:39:\"price_item_prefix_style_section_section\";a:2:{s:39:\"price_item_prefix_typography_typography\";i:3;s:40:\"price_item_prefix_typography_font_weight\";i:3;}s:39:\"price_item_suffix_style_section_section\";a:2:{s:39:\"price_item_suffix_typography_typography\";i:3;s:40:\"price_item_suffix_typography_font_weight\";i:3;}}s:8:\"advanced\";a:3:{s:19:\"_section_background\";a:2:{s:22:\"_background_background\";i:3;s:17:\"_background_color\";i:3;}s:14:\"_section_style\";a:2:{s:7:\"_margin\";i:3;s:8:\"_padding\";i:3;}s:15:\"_section_border\";a:1:{s:14:\"_border_radius\";i:1;}}}}s:6:\"column\";a:3:{s:5:\"count\";i:4;s:15:\"control_percent\";i:0;s:8:\"controls\";a:1:{s:8:\"advanced\";a:1:{s:16:\"section_advanced\";a:1:{s:6:\"margin\";i:3;}}}}s:7:\"section\";a:3:{s:5:\"count\";i:2;s:15:\"control_percent\";i:0;s:8:\"controls\";a:1:{s:6:\"layout\";a:1:{s:17:\"section_structure\";a:1:{s:9:\"structure\";i:1;}}}}}"},{"meta_key":"_edit_last","meta_value":"1"},{"meta_key":"slide_template","meta_value":""},{"meta_key":"rs_page_bg_color","meta_value":""}],"comments":[],"media":[]}