{"post_title":"Home 02 Price Tab 1","guid":"https:\/\/livewp.site\/wp\/md\/ewebot\/?elementor_library=home_02_price1","post_author":"","post_content":"<h3>Basic Plan<\/h3>\n\t\t\t\t$2450\t\t\t\n\t\t\t\t<p style=\"text-align: center\">SEO Audits<\/p><p style=\"text-align: center\">SEO Management<\/p><p style=\"text-align: center\">SEO Copywriting<\/p><p style=\"text-align: center\">Link Building<\/p><p style=\"text-align: center\">Site Migration<\/p>\n\t\t\t\t\t\t<a href=\"#\">\n\t\t\t\t\t\t\t\t\t\t\t\t\t\t\t\tGet started\n\t\t\t\t\t\t<\/a>\n\t\t\t\t\t\t\t\t\t<h3>Standart Plan<\/h3>\n\t\t\t\t$5990\t\t\t\n\t\t\t\t<p style=\"text-align: center\">SEO Audits<\/p><p style=\"text-align: center\">SEO Management<\/p><p style=\"text-align: center\">SEO Copywriting<\/p><p style=\"text-align: center\">Link Building<\/p><p style=\"text-align: center\">Site Migration<\/p>\n\t\t\t\t\t\t<a href=\"#\">\n\t\t\t\t\t\t\t\t\t\t\t\t\t\t\t\tGet started\n\t\t\t\t\t\t<\/a>\n\t\t\t\t\t\t\t\t\t<h3>Premium Plan<\/h3>\n\t\t\t\t$8950\t\t\t\n\t\t\t\t<p style=\"text-align: center\">SEO Audits<\/p><p style=\"text-align: center\">SEO Management<\/p><p style=\"text-align: center\">SEO Copywriting<\/p><p style=\"text-align: center\">Link Building<\/p><p style=\"text-align: center\">Site Migration<\/p>\n\t\t\t\t\t\t<a href=\"#\">\n\t\t\t\t\t\t\t\t\t\t\t\t\t\t\t\tGet started\n\t\t\t\t\t\t<\/a>","post_excerpt":"","post_id":4291,"pubDate":"Mon, 04 May 2020 11:54:46 +0000","post_date":"2020-05-04 11:54:46","post_date_gmt":"2020-05-04 11:54:46","comment_status":"closed","ping_status":"closed","post_name":"home_02_price1","status":"publish","post_parent":0,"menu_order":0,"post_type":"elementor_library","post_password":"","is_sticky":0,"terms":[64],"postmeta":[{"meta_key":"_elementor_edit_mode","meta_value":"builder"},{"meta_key":"_elementor_template_type","meta_value":"gt3-tabs"},{"meta_key":"_elementor_version","meta_value":"2.9.8"},{"meta_key":"_edit_lock","meta_value":"1611138616:1"},{"meta_key":"_wp_page_template","meta_value":"default"},{"meta_key":"_elementor_data","meta_value":"[{\"id\":\"2a717d7\",\"elType\":\"section\",\"settings\":[],\"elements\":[{\"id\":\"bfd49f7\",\"elType\":\"column\",\"settings\":{\"_column_size\":\"100\",\"gt3_carousel_nav_prev\":\"Prev\",\"gt3_carousel_nav_next\":\"Next\"},\"elements\":[{\"id\":\"a020fd9\",\"elType\":\"section\",\"settings\":{\"structure\":\"30\",\"margin\":{\"unit\":\"px\",\"top\":\"\",\"right\":\"0\",\"bottom\":\"\",\"left\":\"0\",\"isLinked\":\"1\"},\"margin_mobile\":{\"unit\":\"px\",\"top\":\"0\",\"right\":\"0\",\"bottom\":\"0\",\"left\":\"0\",\"isLinked\":\"1\"},\"padding_mobile\":{\"unit\":\"px\",\"top\":\"0\",\"right\":\"0\",\"bottom\":\"0\",\"left\":\"0\",\"isLinked\":\"1\"},\"padding\":{\"unit\":\"px\",\"top\":\"32\",\"right\":\"0\",\"bottom\":\"90\",\"left\":\"0\",\"isLinked\":\"\"},\"gap\":\"no\"},\"elements\":[{\"id\":\"5d5fc86\",\"elType\":\"column\",\"settings\":{\"_column_size\":\"33\",\"gt3_carousel_nav_prev\":\"Prev\",\"gt3_carousel_nav_next\":\"Next\",\"padding_tablet\":{\"unit\":\"px\",\"top\":\"\",\"right\":\"\",\"bottom\":\"\",\"left\":\"\",\"isLinked\":\"1\"},\"margin\":{\"unit\":\"px\",\"top\":\"0\",\"right\":\"0\",\"bottom\":\"0\",\"left\":\"0\",\"isLinked\":\"1\"}},\"elements\":[{\"id\":\"8870f4e\",\"elType\":\"widget\",\"settings\":{\"title\":\"Basic Plan\",\"price_prefix\":\"$\",\"price\":\"24\",\"price_suffix\":\"50\",\"content\":\"<p style=\\\"text-align: center\\\">SEO Audits<\\\/p><p style=\\\"text-align: center\\\">SEO Management<\\\/p><p style=\\\"text-align: center\\\">SEO Copywriting<\\\/p><p style=\\\"text-align: center\\\">Link Building<\\\/p><p style=\\\"text-align: center\\\">Site Migration<\\\/p>\",\"button_text\":\"Get started\",\"button_border_en\":\"yes\",\"button_border\":\"solid\",\"button_border_radius\":{\"unit\":\"px\",\"size\":\"4\",\"sizes\":[]},\"btn_color\":\"#685be8\",\"btn_bg_color\":\"#ffffff\",\"button_border_color\":\"#6254e7\",\"btn_color_hover\":\"#ffffff\",\"btn_bg_color_hover\":\"#685be8\",\"button_border_color_hover\":\"rgba(104,91,232,0)\",\"title_typography_typography\":\"custom\",\"title_typography_font_weight\":\"bold\",\"title_typography_line_height\":{\"unit\":\"px\",\"size\":\"26\",\"sizes\":[]},\"button_typography_typography\":\"custom\",\"button_typography_font_size\":{\"unit\":\"px\",\"size\":\"12\",\"sizes\":[]},\"button_typography_letter_spacing\":{\"unit\":\"px\",\"size\":\"0.2\",\"sizes\":[]},\"price_typography_typography\":\"custom\",\"price_typography_font_size\":{\"unit\":\"px\",\"size\":\"66\",\"sizes\":[]},\"view_type\":\"type3\",\"title_typography_font_size\":{\"unit\":\"px\",\"size\":\"24\",\"sizes\":[]},\"price_item_prefix_typography_typography\":\"custom\",\"price_item_prefix_typography_font_weight\":\"bold\",\"price_item_suffix_typography_typography\":\"custom\",\"price_item_suffix_typography_font_weight\":\"bold\",\"price_typography_font_weight\":\"bold\",\"_background_background\":\"classic\",\"_background_color\":\"#f9f8ff\"},\"elements\":[],\"widgetType\":\"gt3-core-pricebox\"}],\"isInner\":\"1\"},{\"id\":\"aa5660f\",\"elType\":\"column\",\"settings\":{\"_column_size\":\"33\",\"gt3_carousel_nav_prev\":\"Prev\",\"gt3_carousel_nav_next\":\"Next\",\"border_border\":\"solid\",\"border_width\":{\"unit\":\"px\",\"top\":\"0\",\"right\":\"0\",\"bottom\":\"0\",\"left\":\"0\",\"isLinked\":\"1\"},\"border_radius\":{\"unit\":\"px\",\"top\":\"10\",\"right\":\"10\",\"bottom\":\"10\",\"left\":\"10\",\"isLinked\":\"1\"},\"padding_tablet\":{\"unit\":\"px\",\"top\":\"\",\"right\":\"\",\"bottom\":\"\",\"left\":\"\",\"isLinked\":\"1\"},\"margin\":{\"unit\":\"px\",\"top\":\"\",\"right\":\"\",\"bottom\":\"\",\"left\":\"\",\"isLinked\":\"1\"},\"margin_mobile\":{\"unit\":\"px\",\"top\":\"0\",\"right\":\"0\",\"bottom\":\"0\",\"left\":\"0\",\"isLinked\":\"1\"}},\"elements\":[{\"id\":\"a7e04b0\",\"elType\":\"widget\",\"settings\":{\"title\":\"Standart Plan\",\"price_prefix\":\"$\",\"price\":\"59\",\"price_suffix\":\"90\",\"content\":\"<p style=\\\"text-align: center\\\">SEO Audits<\\\/p><p style=\\\"text-align: center\\\">SEO Management<\\\/p><p style=\\\"text-align: center\\\">SEO Copywriting<\\\/p><p style=\\\"text-align: center\\\">Link Building<\\\/p><p style=\\\"text-align: center\\\">Site Migration<\\\/p>\",\"button_text\":\"Get started\",\"button_border_en\":\"yes\",\"button_border\":\"solid\",\"button_border_radius\":{\"unit\":\"px\",\"size\":\"5\",\"sizes\":[]},\"btn_color\":\"#ffffff\",\"btn_bg_color\":\"#f47514\",\"button_border_color\":\"rgba(244,117,20,0.7)\",\"btn_color_hover\":\"#ffffff\",\"btn_bg_color_hover\":\"#f47514\",\"button_border_color_hover\":\"rgba(244,117,20,0.7)\",\"header_img\":{\"url\":\"\",\"id\":\"\"},\"header_img_2\":{\"url\":\"\",\"id\":\"\"},\"package_is_active\":\"yes\",\"title_typography_typography\":\"custom\",\"title_typography_font_weight\":\"bold\",\"title_typography_line_height\":{\"unit\":\"px\",\"size\":\"26\",\"sizes\":[]},\"price_typography_typography\":\"custom\",\"price_typography_font_size\":{\"unit\":\"px\",\"size\":\"66\",\"sizes\":[]},\"button_typography_typography\":\"custom\",\"button_typography_font_size\":{\"unit\":\"px\",\"size\":\"12\",\"sizes\":[]},\"button_typography_letter_spacing\":{\"unit\":\"px\",\"size\":\"0.2\",\"sizes\":[]},\"view_type\":\"type3\",\"title_typography_font_size\":{\"unit\":\"px\",\"size\":\"24\",\"sizes\":[]},\"price_item_prefix_typography_typography\":\"custom\",\"price_item_prefix_typography_font_weight\":\"bold\",\"price_item_suffix_typography_typography\":\"custom\",\"price_item_suffix_typography_font_weight\":\"bold\",\"_margin\":{\"unit\":\"px\",\"top\":\"-12\",\"right\":\"0\",\"bottom\":\"0\",\"left\":\"0\",\"isLinked\":\"\"},\"_margin_mobile\":{\"unit\":\"px\",\"top\":\"0\",\"right\":\"0\",\"bottom\":\"0\",\"left\":\"0\",\"isLinked\":\"1\"}},\"elements\":[],\"widgetType\":\"gt3-core-pricebox\"}],\"isInner\":\"1\"},{\"id\":\"bb641d6\",\"elType\":\"column\",\"settings\":{\"_column_size\":\"33\",\"gt3_carousel_nav_prev\":\"Prev\",\"gt3_carousel_nav_next\":\"Next\",\"padding_tablet\":{\"unit\":\"px\",\"top\":\"\",\"right\":\"\",\"bottom\":\"\",\"left\":\"\",\"isLinked\":\"1\"},\"margin\":{\"unit\":\"px\",\"top\":\"0\",\"right\":\"0\",\"bottom\":\"0\",\"left\":\"0\",\"isLinked\":\"1\"},\"margin_mobile\":{\"unit\":\"px\",\"top\":\"0\",\"right\":\"0\",\"bottom\":\"0\",\"left\":\"0\",\"isLinked\":\"1\"},\"padding_mobile\":{\"unit\":\"px\",\"top\":\"\",\"right\":\"\",\"bottom\":\"\",\"left\":\"\",\"isLinked\":\"1\"}},\"elements\":[{\"id\":\"b2eee75\",\"elType\":\"widget\",\"settings\":{\"title\":\"Premium Plan\",\"price_prefix\":\"$\",\"price\":\"89\",\"price_suffix\":\"50\",\"content\":\"<p style=\\\"text-align: center\\\">SEO Audits<\\\/p><p style=\\\"text-align: center\\\">SEO Management<\\\/p><p style=\\\"text-align: center\\\">SEO Copywriting<\\\/p><p style=\\\"text-align: center\\\">Link Building<\\\/p><p style=\\\"text-align: center\\\">Site Migration<\\\/p>\",\"button_text\":\"Get started\",\"button_border_en\":\"yes\",\"button_border\":\"solid\",\"button_border_radius\":{\"unit\":\"px\",\"size\":\"5\",\"sizes\":[]},\"btn_color\":\"#685be8\",\"btn_bg_color\":\"rgba(255,255,255,0)\",\"button_border_color\":\"#685be8\",\"btn_color_hover\":\"#ffffff\",\"btn_bg_color_hover\":\"#685be8\",\"title_typography_typography\":\"custom\",\"title_typography_font_weight\":\"bold\",\"title_typography_line_height\":{\"unit\":\"px\",\"size\":\"26\",\"sizes\":[]},\"price_typography_typography\":\"custom\",\"price_typography_font_size\":{\"unit\":\"px\",\"size\":\"66\",\"sizes\":[]},\"button_typography_typography\":\"custom\",\"button_typography_font_size\":{\"unit\":\"px\",\"size\":\"12\",\"sizes\":[]},\"button_typography_letter_spacing\":{\"unit\":\"px\",\"size\":\"0.2\",\"sizes\":[]},\"view_type\":\"type3\",\"title_typography_font_size\":{\"unit\":\"px\",\"size\":\"24\",\"sizes\":[]},\"price_item_prefix_typography_typography\":\"custom\",\"price_item_prefix_typography_font_weight\":\"bold\",\"price_item_suffix_typography_typography\":\"custom\",\"price_item_suffix_typography_font_weight\":\"bold\",\"item_background_background\":\"gradient\",\"item_background_color\":\"#88fdb9\",\"item_background_color_b\":\"#34c478\",\"_background_background\":\"classic\",\"_background_color\":\"#f0fffc\"},\"elements\":[],\"widgetType\":\"gt3-core-pricebox\"}],\"isInner\":\"1\"}],\"isInner\":\"1\"}],\"isInner\":\"\"}],\"isInner\":\"\"}]"},{"meta_key":"_edit_last","meta_value":"1"},{"meta_key":"slide_template","meta_value":""},{"meta_key":"rs_page_bg_color","meta_value":""},{"meta_key":"_elementor_controls_usage","meta_value":"a:2:{s:6:\"column\";a:3:{s:5:\"count\";i:4;s:15:\"control_percent\";i:0;s:8:\"controls\";a:2:{s:8:\"advanced\";a:1:{s:16:\"section_advanced\";a:4:{s:14:\"padding_tablet\";i:3;s:6:\"margin\";i:3;s:13:\"margin_mobile\";i:2;s:14:\"padding_mobile\";i:1;}}s:5:\"style\";a:1:{s:14:\"section_border\";a:3:{s:13:\"border_border\";i:1;s:12:\"border_width\";i:1;s:13:\"border_radius\";i:1;}}}}s:7:\"section\";a:3:{s:5:\"count\";i:2;s:15:\"control_percent\";i:0;s:8:\"controls\";a:2:{s:6:\"layout\";a:2:{s:17:\"section_structure\";a:1:{s:9:\"structure\";i:1;}s:14:\"section_layout\";a:1:{s:3:\"gap\";i:1;}}s:8:\"advanced\";a:1:{s:16:\"section_advanced\";a:4:{s:6:\"margin\";i:1;s:13:\"margin_mobile\";i:1;s:14:\"padding_mobile\";i:1;s:7:\"padding\";i:1;}}}}}"}],"comments":[],"media":[]}