{"post_title":"Home 02 Tab 1","guid":"https:\/\/livewp.site\/wp\/md\/ewebot\/?elementor_library=home_02_tabs_01","post_author":"","post_content":"<img width=\"495\" height=\"310\" src=\"https:\/\/livewp.site\/wp\/md\/ewebot\/wp-content\/uploads\/sites\/64\/2019\/08\/tabs_content-01.png\" alt=\"\" title=\"tabs_content-01\" \/>\t\t\t\t\t\t\t\t\t\t\t\n\t\t<p>Real Time Analytics<\/p><p>Vix dolore praesent patrioque ex. Sea ne illum sapientem adversarium, et mea quodsi delenit adversarium, in nonumy equidem cum. Eos te epicuri scaevola.<\/p>\t\t\n\t\t\t<figure><img width=\"84\" height=\"82\" src=\"https:\/\/livewp.site\/wp\/md\/ewebot\/wp-content\/uploads\/sites\/64\/2019\/09\/icon-12.png\" alt=\"\" title=\"icon-12\" \/><\/figure><p>Per ea quod iusto. Te autem pertinax vel, denique patrioque id per was be more.<\/p>\t\t\n\t\t<a href=\"#\">\n\t\t\t\t\t\t\t\t\t\t\tLearn more\t\t\t\t\t\t\n\t\t<\/a>","post_excerpt":"","post_id":4297,"pubDate":"Mon, 04 May 2020 11:56:23 +0000","post_date":"2020-05-04 11:56:23","post_date_gmt":"2020-05-04 11:56:23","comment_status":"closed","ping_status":"closed","post_name":"home_02_tabs_01","status":"publish","post_parent":0,"menu_order":0,"post_type":"elementor_library","post_password":"","is_sticky":0,"terms":[64],"postmeta":[{"meta_key":"_elementor_edit_mode","meta_value":"builder"},{"meta_key":"_elementor_template_type","meta_value":"gt3-tabs"},{"meta_key":"_elementor_version","meta_value":"2.9.8"},{"meta_key":"_edit_lock","meta_value":"1589546029:1"},{"meta_key":"_wp_page_template","meta_value":"default"},{"meta_key":"_elementor_data","meta_value":"[{\"id\":\"6e1a75e\",\"elType\":\"section\",\"settings\":[],\"elements\":[{\"id\":\"fd66d2a\",\"elType\":\"column\",\"settings\":{\"_column_size\":\"100\",\"_inline_size\":\"\",\"gt3_carousel_nav_prev\":\"Prev\",\"gt3_carousel_nav_next\":\"Next\"},\"elements\":[{\"id\":\"1b7a67f\",\"elType\":\"section\",\"settings\":{\"structure\":\"20\"},\"elements\":[{\"id\":\"9f47f43\",\"elType\":\"column\",\"settings\":{\"_column_size\":\"50\",\"gt3_carousel_nav_prev\":\"Prev\",\"gt3_carousel_nav_next\":\"Next\",\"_inline_size\":\"44\"},\"elements\":[{\"id\":\"ed7036d\",\"elType\":\"widget\",\"settings\":{\"space\":{\"unit\":\"px\",\"size\":\"43\",\"sizes\":[]}},\"elements\":[],\"widgetType\":\"spacer\"},{\"id\":\"d6dadf4\",\"elType\":\"widget\",\"settings\":{\"image\":{\"url\":\"https:\\\/\\\/livewp.site\\\/wp\\\/md\\\/ewebot\\\/wp-content\\\/uploads\\\/sites\\\/64\\\/2019\\\/08\\\/tabs_content_01.png\",\"id\":\"1548\"},\"image_size\":\"full\",\"_margin\":{\"unit\":\"px\",\"top\":\"0\",\"right\":\"0\",\"bottom\":\"17\",\"left\":\"0\",\"isLinked\":\"\"}},\"elements\":[],\"widgetType\":\"image\"}],\"isInner\":\"1\"},{\"id\":\"516132d\",\"elType\":\"column\",\"settings\":{\"_column_size\":\"50\",\"gt3_carousel_nav_prev\":\"Prev\",\"gt3_carousel_nav_next\":\"Next\",\"_inline_size\":\"56\",\"margin\":{\"unit\":\"px\",\"top\":\"0\",\"right\":\"50\",\"bottom\":\"0\",\"left\":\"29\",\"isLinked\":\"\"},\"margin_mobile\":{\"unit\":\"px\",\"top\":\"0\",\"right\":\"0\",\"bottom\":\"0\",\"left\":\"0\",\"isLinked\":\"1\"},\"margin_tablet\":{\"unit\":\"px\",\"top\":\"0\",\"right\":\"0\",\"bottom\":\"0\",\"left\":\"0\",\"isLinked\":\"1\"}},\"elements\":[{\"id\":\"2dccff5\",\"elType\":\"widget\",\"settings\":{\"space\":{\"unit\":\"px\",\"size\":\"35\",\"sizes\":[]}},\"elements\":[],\"widgetType\":\"spacer\"},{\"id\":\"2e7e4ca\",\"elType\":\"widget\",\"settings\":{\"editor\":\"<p>Real Time Analytics<\\\/p>\",\"text_color\":\"#3b3663\",\"typography_typography\":\"custom\",\"typography_font_family\":\"Nunito\",\"typography_font_size\":{\"unit\":\"px\",\"size\":\"24\",\"sizes\":[]},\"typography_font_weight\":\"700\",\"typography_line_height\":{\"unit\":\"px\",\"size\":\"26\",\"sizes\":[]},\"_margin\":{\"unit\":\"px\",\"top\":\"0\",\"right\":\"0\",\"bottom\":\"4\",\"left\":\"0\",\"isLinked\":\"\"}},\"elements\":[],\"widgetType\":\"text-editor\"},{\"id\":\"95f8dd2\",\"elType\":\"widget\",\"settings\":{\"editor\":\"<p>Vix dolore praesent patrioque ex. Sea ne illum sapientem adversarium, et mea quodsi delenit adversarium, in nonumy equidem cum. Eos te epicuri scaevola.<\\\/p>\",\"typography_typography\":\"custom\",\"typography_font_size\":{\"unit\":\"px\",\"size\":\"16\",\"sizes\":[]},\"typography_line_height\":{\"unit\":\"px\",\"size\":\"27\",\"sizes\":[]}},\"elements\":[],\"widgetType\":\"text-editor\"},{\"id\":\"8089dc7\",\"elType\":\"widget\",\"settings\":{\"image\":{\"url\":\"https:\\\/\\\/livewp.site\\\/wp\\\/md\\\/ewebot\\\/wp-content\\\/uploads\\\/sites\\\/64\\\/2019\\\/09\\\/icon-12.png\",\"id\":\"2328\"},\"title_text\":\"\",\"description_text\":\"Per ea quod iusto. Te autem pertinax vel, denique patrioque id per was be more.\",\"title_size\":\"h5\",\"image_space\":{\"unit\":\"px\",\"top\":\"9\",\"right\":\"20\",\"bottom\":\"10\",\"left\":\"0\",\"isLinked\":\"\"},\"image_size\":{\"unit\":\"px\",\"size\":\"47\",\"sizes\":[]},\"title_bottom_space\":{\"unit\":\"px\",\"size\":\"8\",\"sizes\":[]},\"title_typography_typography\":\"custom\",\"title_typography_font_size\":{\"unit\":\"px\",\"size\":\"14\",\"sizes\":[]},\"title_typography_line_height\":{\"unit\":\"px\",\"size\":\"26\",\"sizes\":[]},\"description_color\":\"#696687\",\"description_typography_typography\":\"custom\",\"description_typography_font_size\":{\"unit\":\"px\",\"size\":\"16\",\"sizes\":[]},\"description_typography_line_height\":{\"unit\":\"em\",\"size\":\"1.7\",\"sizes\":[]},\"_background_background\":\"classic\",\"_border_radius\":{\"unit\":\"px\",\"top\":\"10\",\"right\":\"10\",\"bottom\":\"10\",\"left\":\"10\",\"isLinked\":\"1\"},\"default_position\":\"left\",\"content_vertical_alignment\":\"middle\",\"_padding_tablet\":{\"unit\":\"px\",\"top\":\"15\",\"right\":\"10\",\"bottom\":\"15\",\"left\":\"10\",\"isLinked\":\"\"},\"_margin_mobile\":{\"unit\":\"px\",\"top\":\"\",\"right\":\"\",\"bottom\":\"\",\"left\":\"\",\"isLinked\":\"1\"},\"_padding_mobile\":{\"unit\":\"px\",\"top\":\"10\",\"right\":\"10\",\"bottom\":\"10\",\"left\":\"10\",\"isLinked\":\"1\"}},\"elements\":[],\"widgetType\":\"gt3-core-imagebox\"},{\"id\":\"fdbc7fd\",\"elType\":\"widget\",\"settings\":{\"button_title\":\"Learn more\",\"btn_border_rounded\":\"yes\",\"btn_border_radius\":\"5px\",\"btn_border_width\":\"0\",\"button_hover\":\"type5\",\"button_background_color_background\":\"gradient\",\"button_background_color_color\":\"#f0ac0e\",\"button_background_color_color_b\":\"#ff7426\",\"button_background_color_gradient_angle\":{\"unit\":\"deg\",\"size\":\"90\",\"sizes\":[]},\"button_title_color_hover\":\"#ffffff\",\"button_background_color_hover_background\":\"gradient\",\"button_background_color_hover_color\":\"#f56616\",\"button_background_color_hover_color_b\":\"#f0ac0e\",\"button_background_color_hover_gradient_angle\":{\"unit\":\"deg\",\"size\":\"96\",\"sizes\":[]},\"button_size_elementor\":\"custom\",\"padding_size\":{\"unit\":\"px\",\"top\":\"13\",\"right\":\"28\",\"bottom\":\"13\",\"left\":\"28\",\"isLinked\":\"\"},\"title_typography_typography\":\"custom\",\"title_typography_font_size\":{\"unit\":\"px\",\"size\":\"12\",\"sizes\":[]},\"title_typography_font_weight\":\"500\",\"title_typography_letter_spacing\":{\"unit\":\"px\",\"size\":\"0.2\",\"sizes\":[]},\"button_alignment\":\"left\",\"_margin\":{\"unit\":\"px\",\"top\":\"22\",\"right\":\"0\",\"bottom\":\"17\",\"left\":\"0\",\"isLinked\":\"\"},\"button_background_color_color_stop\":{\"unit\":\"%\",\"size\":\"-20\",\"sizes\":[]},\"button_background_color_color_b_stop\":{\"unit\":\"%\",\"size\":\"115\",\"sizes\":[]}},\"elements\":[],\"widgetType\":\"gt3-core-button\"}],\"isInner\":\"1\"}],\"isInner\":\"1\"}],\"isInner\":\"\"}],\"isInner\":\"\"}]"},{"meta_key":"_elementor_controls_usage","meta_value":"a:5:{s:6:\"spacer\";a:3:{s:5:\"count\";i:2;s:15:\"control_percent\";i:0;s:8:\"controls\";a:1:{s:7:\"content\";a:1:{s:14:\"section_spacer\";a:1:{s:5:\"space\";i:2;}}}}s:5:\"image\";a:3:{s:5:\"count\";i:1;s:15:\"control_percent\";i:1;s:8:\"controls\";a:2:{s:7:\"content\";a:1:{s:13:\"section_image\";a:2:{s:5:\"image\";i:1;s:10:\"image_size\";i:1;}}s:8:\"advanced\";a:1:{s:14:\"_section_style\";a:1:{s:7:\"_margin\";i:1;}}}}s:6:\"column\";a:3:{s:5:\"count\";i:3;s:15:\"control_percent\";i:0;s:8:\"controls\";a:2:{s:6:\"layout\";a:1:{s:6:\"layout\";a:1:{s:12:\"_inline_size\";i:2;}}s:8:\"advanced\";a:1:{s:16:\"section_advanced\";a:3:{s:6:\"margin\";i:1;s:13:\"margin_mobile\";i:1;s:13:\"margin_tablet\";i:1;}}}}s:11:\"text-editor\";a:3:{s:5:\"count\";i:2;s:15:\"control_percent\";i:2;s:8:\"controls\";a:3:{s:7:\"content\";a:1:{s:14:\"section_editor\";a:1:{s:6:\"editor\";i:2;}}s:5:\"style\";a:1:{s:13:\"section_style\";a:6:{s:10:\"text_color\";i:1;s:21:\"typography_typography\";i:2;s:22:\"typography_font_family\";i:1;s:20:\"typography_font_size\";i:2;s:22:\"typography_font_weight\";i:1;s:22:\"typography_line_height\";i:2;}}s:8:\"advanced\";a:1:{s:14:\"_section_style\";a:1:{s:7:\"_margin\";i:1;}}}}s:7:\"section\";a:3:{s:5:\"count\";i:2;s:15:\"control_percent\";i:0;s:8:\"controls\";a:1:{s:6:\"layout\";a:1:{s:17:\"section_structure\";a:1:{s:9:\"structure\";i:1;}}}}}"},{"meta_key":"_edit_last","meta_value":"1"},{"meta_key":"slide_template","meta_value":""},{"meta_key":"rs_page_bg_color","meta_value":""}],"comments":[],"media":[1548,2328]}