{"post_title":"Home 05 Price Tab 1","guid":"https:\/\/livewp.site\/wp\/md\/ewebot\/?elementor_library=home_05_price1","post_author":"","post_content":"<h3>Basic Plan<\/h3>\n\t\t\t\t$2450\t\t\t\n\t\t\t\t<p style=\"text-align: center\">SEO Audits<\/p><p style=\"text-align: center\">SEO Management<\/p><p style=\"text-align: center\">SEO Copywriting<\/p><p style=\"text-align: center\">Link Building<\/p><p style=\"text-align: center\">Site Migration<\/p>\n\t\t\t\t\t\t<a href=\"#\">\n\t\t\t\t\t\t\t\t\t\t\t\t\t\t\t\tGet started\n\t\t\t\t\t\t<\/a>\n\t\t\t\t\t\t\t\t\t<h3>Standart Plan<\/h3>\n\t\t\t\t$5990\t\t\t\n\t\t\t\t<p style=\"text-align: center\">SEO Audits<\/p><p style=\"text-align: center\">SEO Management<\/p><p style=\"text-align: center\">SEO Copywriting<\/p><p style=\"text-align: center\">Link Building<\/p><p style=\"text-align: center\">Site Migration<\/p>\n\t\t\t\t\t\t<a href=\"#\">\n\t\t\t\t\t\t\t\t\t\t\t\t\t\t\t\tGet started\n\t\t\t\t\t\t<\/a>\n\t\t\t\t\t\t\t\t\t<h3>Premium Plan<\/h3>\n\t\t\t\t$8990\t\t\t\n\t\t\t\t<p style=\"text-align: center\">SEO Audits<\/p><p style=\"text-align: center\">SEO Management<\/p><p style=\"text-align: center\">SEO Copywriting<\/p><p style=\"text-align: center\">Link Building<\/p><p style=\"text-align: center\">Site Migration<\/p>\n\t\t\t\t\t\t<a href=\"#\">\n\t\t\t\t\t\t\t\t\t\t\t\t\t\t\t\tGet started\n\t\t\t\t\t\t<\/a>","post_excerpt":"","post_id":4316,"pubDate":"Wed, 06 May 2020 09:44:52 +0000","post_date":"2020-05-06 09:44:52","post_date_gmt":"2020-05-06 09:44:52","comment_status":"closed","ping_status":"closed","post_name":"home_05_price1","status":"publish","post_parent":0,"menu_order":0,"post_type":"elementor_library","post_password":"","is_sticky":0,"terms":[64],"postmeta":[{"meta_key":"_elementor_edit_mode","meta_value":"builder"},{"meta_key":"_elementor_template_type","meta_value":"gt3-tabs"},{"meta_key":"_elementor_version","meta_value":"2.9.8"},{"meta_key":"_edit_lock","meta_value":"1593781445:3"},{"meta_key":"_wp_page_template","meta_value":"default"},{"meta_key":"_elementor_data","meta_value":"[{\"id\":\"8b9fc19\",\"elType\":\"section\",\"settings\":[],\"elements\":[{\"id\":\"bf2d072\",\"elType\":\"column\",\"settings\":{\"_column_size\":100,\"_inline_size\":null,\"gt3_carousel_nav_prev\":\"Prev\",\"gt3_carousel_nav_next\":\"Next\"},\"elements\":[{\"id\":\"79342cc\",\"elType\":\"section\",\"settings\":{\"structure\":\"30\",\"margin\":{\"unit\":\"px\",\"top\":\"\",\"right\":\"0\",\"bottom\":\"\",\"left\":\"0\",\"isLinked\":\"1\"},\"margin_mobile\":{\"unit\":\"px\",\"top\":\"0\",\"right\":\"0\",\"bottom\":\"0\",\"left\":\"0\",\"isLinked\":\"1\"},\"padding_mobile\":{\"unit\":\"px\",\"top\":\"0\",\"right\":\"0\",\"bottom\":\"0\",\"left\":\"0\",\"isLinked\":\"1\"},\"padding\":{\"unit\":\"px\",\"top\":\"42\",\"right\":\"60\",\"bottom\":\"83\",\"left\":\"60\",\"isLinked\":\"\"},\"gap\":\"no\",\"z_index\":\"55\",\"padding_tablet\":{\"unit\":\"px\",\"top\":\"42\",\"right\":\"0\",\"bottom\":\"83\",\"left\":\"0\",\"isLinked\":\"\"}},\"elements\":[{\"id\":\"2a8d4d3\",\"elType\":\"column\",\"settings\":{\"_column_size\":\"33\",\"gt3_carousel_nav_prev\":\"Prev\",\"gt3_carousel_nav_next\":\"Next\",\"padding_tablet\":{\"unit\":\"px\",\"top\":\"\",\"right\":\"\",\"bottom\":\"\",\"left\":\"\",\"isLinked\":\"1\"},\"margin\":{\"unit\":\"px\",\"top\":\"0\",\"right\":\"0\",\"bottom\":\"0\",\"left\":\"0\",\"isLinked\":\"1\"}},\"elements\":[{\"id\":\"978e2a4\",\"elType\":\"widget\",\"settings\":{\"title\":\"Basic Plan\",\"price_prefix\":\"$\",\"price\":\"24\",\"price_suffix\":\"50\",\"content\":\"<p style=\\\"text-align: center\\\">SEO Audits<\\\/p><p style=\\\"text-align: center\\\">SEO Management<\\\/p><p style=\\\"text-align: center\\\">SEO Copywriting<\\\/p><p style=\\\"text-align: center\\\">Link Building<\\\/p><p style=\\\"text-align: center\\\">Site Migration<\\\/p>\",\"button_text\":\"Get started\",\"button_border_en\":\"yes\",\"button_border\":\"solid\",\"button_border_radius\":{\"unit\":\"px\",\"size\":\"4\",\"sizes\":[]},\"btn_color\":\"#685be8\",\"btn_bg_color\":\"#ffffff\",\"button_border_color\":\"#6254e7\",\"btn_color_hover\":\"#ffffff\",\"btn_bg_color_hover\":\"#685be8\",\"button_border_color_hover\":\"rgba(104,91,232,0)\",\"title_typography_typography\":\"custom\",\"title_typography_font_weight\":\"bold\",\"title_typography_line_height\":{\"unit\":\"px\",\"size\":\"26\",\"sizes\":[]},\"button_typography_typography\":\"custom\",\"button_typography_font_size\":{\"unit\":\"px\",\"size\":\"12\",\"sizes\":[]},\"button_typography_letter_spacing\":{\"unit\":\"px\",\"size\":\"0.2\",\"sizes\":[]},\"price_typography_typography\":\"custom\",\"price_typography_font_size\":{\"unit\":\"px\",\"size\":\"66\",\"sizes\":[]},\"view_type\":\"type3\",\"title_typography_font_size\":{\"unit\":\"px\",\"size\":\"24\",\"sizes\":[]},\"price_item_prefix_typography_typography\":\"custom\",\"price_item_prefix_typography_font_weight\":\"bold\",\"price_item_suffix_typography_typography\":\"custom\",\"price_item_suffix_typography_font_weight\":\"bold\",\"price_typography_font_weight\":\"bold\",\"_background_background\":\"classic\",\"_background_color\":\"#FFFFFF\",\"item_background_background\":\"classic\",\"item_background_color\":\"#F47A14\",\"_box_shadow_box_shadow_type\":\"yes\",\"_box_shadow_box_shadow\":{\"horizontal\":\"0\",\"vertical\":\"23\",\"blur\":\"60\",\"spread\":\"0\",\"color\":\"rgba(13, 52, 79, 0.09)\"},\"_z_index\":\"55\"},\"elements\":[],\"widgetType\":\"gt3-core-pricebox\"}],\"isInner\":\"1\"},{\"id\":\"0f702ba\",\"elType\":\"column\",\"settings\":{\"_column_size\":\"33\",\"gt3_carousel_nav_prev\":\"Prev\",\"gt3_carousel_nav_next\":\"Next\",\"border_border\":\"solid\",\"border_width\":{\"unit\":\"px\",\"top\":\"0\",\"right\":\"0\",\"bottom\":\"0\",\"left\":\"0\",\"isLinked\":\"1\"},\"border_radius\":{\"unit\":\"px\",\"top\":\"10\",\"right\":\"10\",\"bottom\":\"10\",\"left\":\"10\",\"isLinked\":\"1\"},\"padding_tablet\":{\"unit\":\"px\",\"top\":\"\",\"right\":\"\",\"bottom\":\"\",\"left\":\"\",\"isLinked\":\"1\"},\"margin\":{\"unit\":\"px\",\"top\":\"\",\"right\":\"\",\"bottom\":\"\",\"left\":\"\",\"isLinked\":\"1\"},\"margin_mobile\":{\"unit\":\"px\",\"top\":\"0\",\"right\":\"0\",\"bottom\":\"0\",\"left\":\"0\",\"isLinked\":\"1\"}},\"elements\":[{\"id\":\"33b7bb2\",\"elType\":\"widget\",\"settings\":{\"title\":\"Standart Plan\",\"price_prefix\":\"$\",\"price\":\"59\",\"price_suffix\":\"90\",\"content\":\"<p style=\\\"text-align: center\\\">SEO Audits<\\\/p><p style=\\\"text-align: center\\\">SEO Management<\\\/p><p style=\\\"text-align: center\\\">SEO Copywriting<\\\/p><p style=\\\"text-align: center\\\">Link Building<\\\/p><p style=\\\"text-align: center\\\">Site Migration<\\\/p>\",\"button_text\":\"Get started\",\"button_border_en\":\"yes\",\"button_border\":\"solid\",\"button_border_radius\":{\"unit\":\"px\",\"size\":\"5\",\"sizes\":[]},\"btn_color\":\"#ffffff\",\"btn_bg_color\":\"#f47514\",\"button_border_color\":\"rgba(244,117,20,0.7)\",\"btn_color_hover\":\"#ffffff\",\"btn_bg_color_hover\":\"#f47514\",\"button_border_color_hover\":\"rgba(244,117,20,0.7)\",\"header_img\":{\"url\":\"\",\"id\":\"\"},\"header_img_2\":{\"url\":\"\",\"id\":\"\"},\"package_is_active\":\"yes\",\"title_typography_typography\":\"custom\",\"title_typography_font_weight\":\"bold\",\"title_typography_line_height\":{\"unit\":\"px\",\"size\":\"26\",\"sizes\":[]},\"price_typography_typography\":\"custom\",\"price_typography_font_size\":{\"unit\":\"px\",\"size\":\"66\",\"sizes\":[]},\"button_typography_typography\":\"custom\",\"button_typography_font_size\":{\"unit\":\"px\",\"size\":\"12\",\"sizes\":[]},\"button_typography_letter_spacing\":{\"unit\":\"px\",\"size\":\"0.2\",\"sizes\":[]},\"view_type\":\"type3\",\"title_typography_font_size\":{\"unit\":\"px\",\"size\":\"24\",\"sizes\":[]},\"price_item_prefix_typography_typography\":\"custom\",\"price_item_prefix_typography_font_weight\":\"bold\",\"price_item_suffix_typography_typography\":\"custom\",\"price_item_suffix_typography_font_weight\":\"bold\",\"_margin\":{\"unit\":\"px\",\"top\":\"-22\",\"right\":\"0\",\"bottom\":\"0\",\"left\":\"0\",\"isLinked\":\"\"},\"_margin_mobile\":{\"unit\":\"px\",\"top\":\"0\",\"right\":\"0\",\"bottom\":\"0\",\"left\":\"0\",\"isLinked\":\"1\"},\"item_background_background\":\"classic\",\"item_background_color\":\"#3B3564\",\"item_background_color_b\":\"#3B3663\",\"item_background_gradient_angle\":{\"unit\":\"deg\",\"size\":\"180\",\"sizes\":[]},\"_background_background\":\"classic\",\"_background_position\":\"center center\",\"_background_repeat\":\"no-repeat\",\"_background_size\":\"cover\",\"_box_shadow_box_shadow_type\":\"yes\",\"_box_shadow_box_shadow\":{\"horizontal\":\"0\",\"vertical\":\"23\",\"blur\":\"60\",\"spread\":\"0\",\"color\":\"rgba(13, 52, 79, 0.09)\"},\"_z_index\":\"55\"},\"elements\":[],\"widgetType\":\"gt3-core-pricebox\"}],\"isInner\":\"1\"},{\"id\":\"49cad30\",\"elType\":\"column\",\"settings\":{\"_column_size\":\"33\",\"gt3_carousel_nav_prev\":\"Prev\",\"gt3_carousel_nav_next\":\"Next\",\"padding_tablet\":{\"unit\":\"px\",\"top\":\"\",\"right\":\"\",\"bottom\":\"\",\"left\":\"\",\"isLinked\":\"1\"},\"margin\":{\"unit\":\"px\",\"top\":\"0\",\"right\":\"0\",\"bottom\":\"0\",\"left\":\"0\",\"isLinked\":\"1\"},\"margin_mobile\":{\"unit\":\"px\",\"top\":\"0\",\"right\":\"0\",\"bottom\":\"0\",\"left\":\"0\",\"isLinked\":\"1\"},\"padding_mobile\":{\"unit\":\"px\",\"top\":\"\",\"right\":\"\",\"bottom\":\"\",\"left\":\"\",\"isLinked\":\"1\"}},\"elements\":[{\"id\":\"edabd1b\",\"elType\":\"widget\",\"settings\":{\"title\":\"Premium Plan\",\"price_prefix\":\"$\",\"price\":\"89\",\"price_suffix\":\"90\",\"content\":\"<p style=\\\"text-align: center\\\">SEO Audits<\\\/p><p style=\\\"text-align: center\\\">SEO Management<\\\/p><p style=\\\"text-align: center\\\">SEO Copywriting<\\\/p><p style=\\\"text-align: center\\\">Link Building<\\\/p><p style=\\\"text-align: center\\\">Site Migration<\\\/p>\",\"button_text\":\"Get started\",\"button_border_en\":\"yes\",\"button_border\":\"solid\",\"button_border_radius\":{\"unit\":\"px\",\"size\":\"5\",\"sizes\":[]},\"btn_color\":\"#685be8\",\"btn_bg_color\":\"rgba(255,255,255,0)\",\"button_border_color\":\"#685be8\",\"btn_color_hover\":\"#ffffff\",\"btn_bg_color_hover\":\"#685be8\",\"title_typography_typography\":\"custom\",\"title_typography_font_weight\":\"bold\",\"title_typography_line_height\":{\"unit\":\"px\",\"size\":\"26\",\"sizes\":[]},\"price_typography_typography\":\"custom\",\"price_typography_font_size\":{\"unit\":\"px\",\"size\":\"66\",\"sizes\":[]},\"button_typography_typography\":\"custom\",\"button_typography_font_size\":{\"unit\":\"px\",\"size\":\"12\",\"sizes\":[]},\"button_typography_letter_spacing\":{\"unit\":\"px\",\"size\":\"0.2\",\"sizes\":[]},\"view_type\":\"type3\",\"title_typography_font_size\":{\"unit\":\"px\",\"size\":\"24\",\"sizes\":[]},\"price_item_prefix_typography_typography\":\"custom\",\"price_item_prefix_typography_font_weight\":\"bold\",\"price_item_suffix_typography_typography\":\"custom\",\"price_item_suffix_typography_font_weight\":\"bold\",\"item_background_background\":\"classic\",\"item_background_color\":\"#F47A14\",\"item_background_color_b\":\"#34c478\",\"_background_background\":\"classic\",\"_background_color\":\"#FFFFFF\",\"_box_shadow_box_shadow_type\":\"yes\",\"_box_shadow_box_shadow\":{\"horizontal\":\"0\",\"vertical\":\"23\",\"blur\":\"60\",\"spread\":\"0\",\"color\":\"rgba(13, 52, 79, 0.09)\"},\"_z_index\":\"55\"},\"elements\":[],\"widgetType\":\"gt3-core-pricebox\"}],\"isInner\":\"1\"}],\"isInner\":\"1\"}],\"isInner\":false}],\"isInner\":false}]"},{"meta_key":"_elementor_controls_usage","meta_value":"a:3:{s:17:\"gt3-core-pricebox\";a:3:{s:5:\"count\";i:3;s:15:\"control_percent\";i:6;s:8:\"controls\";a:3:{s:7:\"content\";a:1:{s:13:\"basic_section\";a:7:{s:5:\"title\";i:3;s:5:\"price\";i:3;s:12:\"price_suffix\";i:3;s:7:\"content\";i:3;s:11:\"button_text\";i:3;s:9:\"view_type\";i:3;s:17:\"package_is_active\";i:1;}}s:5:\"style\";a:6:{s:26:\"text_style_section_section\";a:4:{s:27:\"title_typography_typography\";i:3;s:28:\"title_typography_font_weight\";i:3;s:28:\"title_typography_line_height\";i:3;s:26:\"title_typography_font_size\";i:3;}s:28:\"button_style_section_section\";a:3:{s:28:\"button_typography_typography\";i:3;s:27:\"button_typography_font_size\";i:3;s:32:\"button_typography_letter_spacing\";i:3;}s:27:\"price_style_section_section\";a:3:{s:27:\"price_typography_typography\";i:3;s:26:\"price_typography_font_size\";i:3;s:28:\"price_typography_font_weight\";i:1;}s:39:\"price_item_prefix_style_section_section\";a:2:{s:39:\"price_item_prefix_typography_typography\";i:3;s:40:\"price_item_prefix_typography_font_weight\";i:3;}s:39:\"price_item_suffix_style_section_section\";a:2:{s:39:\"price_item_suffix_typography_typography\";i:3;s:40:\"price_item_suffix_typography_font_weight\";i:3;}s:26:\"item_style_section_section\";a:4:{s:26:\"item_background_background\";i:3;s:21:\"item_background_color\";i:3;s:23:\"item_background_color_b\";i:2;s:30:\"item_background_gradient_angle\";i:1;}}s:8:\"advanced\";a:3:{s:19:\"_section_background\";a:5:{s:22:\"_background_background\";i:3;s:17:\"_background_color\";i:2;s:20:\"_background_position\";i:1;s:18:\"_background_repeat\";i:1;s:16:\"_background_size\";i:1;}s:15:\"_section_border\";a:2:{s:27:\"_box_shadow_box_shadow_type\";i:3;s:22:\"_box_shadow_box_shadow\";i:3;}s:14:\"_section_style\";a:3:{s:8:\"_z_index\";i:3;s:7:\"_margin\";i:1;s:14:\"_margin_mobile\";i:1;}}}}s:6:\"column\";a:3:{s:5:\"count\";i:4;s:15:\"control_percent\";i:0;s:8:\"controls\";a:3:{s:8:\"advanced\";a:1:{s:16:\"section_advanced\";a:4:{s:14:\"padding_tablet\";i:3;s:6:\"margin\";i:3;s:13:\"margin_mobile\";i:2;s:14:\"padding_mobile\";i:1;}}s:5:\"style\";a:1:{s:14:\"section_border\";a:3:{s:13:\"border_border\";i:1;s:12:\"border_width\";i:1;s:13:\"border_radius\";i:1;}}s:6:\"layout\";a:1:{s:6:\"layout\";a:1:{s:12:\"_inline_size\";i:1;}}}}s:7:\"section\";a:3:{s:5:\"count\";i:2;s:15:\"control_percent\";i:0;s:8:\"controls\";a:2:{s:6:\"layout\";a:2:{s:17:\"section_structure\";a:1:{s:9:\"structure\";i:1;}s:14:\"section_layout\";a:1:{s:3:\"gap\";i:1;}}s:8:\"advanced\";a:1:{s:16:\"section_advanced\";a:6:{s:6:\"margin\";i:1;s:13:\"margin_mobile\";i:1;s:14:\"padding_mobile\";i:1;s:7:\"padding\";i:1;s:7:\"z_index\";i:1;s:14:\"padding_tablet\";i:1;}}}}}"},{"meta_key":"_edit_last","meta_value":"1"},{"meta_key":"slide_template","meta_value":""},{"meta_key":"rs_page_bg_color","meta_value":""}],"comments":[],"media":[]}