{"post_title":"Footer Home 05","guid":"https:\/\/livewp.site\/wp\/md\/ewebot\/?elementor_library=footer-home-05","post_author":"","post_content":"<figure><img width=\"58\" height=\"74\" src=\"https:\/\/livewp.site\/wp\/md\/ewebot\/wp-content\/uploads\/sites\/64\/2020\/03\/img_box_29_orange.png\" alt=\"\" loading=\"lazy\" title=\"Phone\" \/><\/figure><h6>8 800 2534 236<\/h6><p>email@yoursite.com<\/p>\t\t\n\t\t\t<figure><img width=\"76\" height=\"74\" src=\"https:\/\/livewp.site\/wp\/md\/ewebot\/wp-content\/uploads\/sites\/64\/2020\/03\/img_box_30_orange.png\" alt=\"\" loading=\"lazy\" title=\"img_box_30_orange\" \/><\/figure><p>27 Division St, New York, NY<br>\n10002, United States<\/p>\t\t\n\t\t[mc4wp_form id=\"9431\"]\t\t\n\t\t<h4>About<\/h4><p>We focus on the needs of small to middle market businesses to improve and grow their return.<\/p>\t\t\n\t\t\t\t\t<a href=\"#\" target=\"_blank\" rel=\"noopener\">\n\t\t\t\t\t\tTwitter\n\t\t\t\t\t\t\t\t\t\t\t<\/a>\n\t\t\t\t\t<a href=\"#\" target=\"_blank\" rel=\"noopener\">\n\t\t\t\t\t\tFacebook-f\n\t\t\t\t\t\t\t\t\t\t\t<\/a>\n\t\t\t\t\t<a href=\"#\" target=\"_blank\" rel=\"noopener\">\n\t\t\t\t\t\tGoogle-plus-g\n\t\t\t\t\t\t\t\t\t\t\t<\/a>\n\t\t\t\t\t<a href=\"#\" target=\"_blank\" rel=\"noopener\">\n\t\t\t\t\t\tPinterest-p\n\t\t\t\t\t\t\t\t\t\t\t<\/a>\n\t\t\t\t\t<a href=\"#\" target=\"_blank\" rel=\"noopener\">\n\t\t\t\t\t\tLinkedin-in\n\t\t\t\t\t\t\t\t\t\t\t<\/a>\n\t\t<h4>Services<\/h4>\t\t\n\t\t\t<nav>\n\t\t\t\t<ul id=\"menu-services\"><li id=\"menu-item-4114\"><a href=\"#\">SEO Marketing<\/a><\/li>\n<li id=\"menu-item-4115\"><a href=\"#\">SEO Services<\/a><\/li>\n<li id=\"menu-item-4116\"><a href=\"#\">Pay Per Click<\/a><\/li>\n<li id=\"menu-item-4117\"><a href=\"#\">Social Media<\/a><\/li>\n<li id=\"menu-item-4118\"><a href=\"#\">SEO Audit<\/a><\/li>\n<\/ul>\t\t\t<\/nav>\n\t\t<h4>Community<\/h4>\t\t\n\t\t\t<nav>\n\t\t\t\t<ul id=\"menu-community\"><li id=\"menu-item-4119\"><a href=\"#\">Our Product<\/a><\/li>\n<li id=\"menu-item-4120\"><a href=\"#\">Documentation<\/a><\/li>\n<li id=\"menu-item-4121\"><a href=\"#\">Our Services<\/a><\/li>\n<li id=\"menu-item-4122\"><a href=\"#\">Company<\/a><\/li>\n<li id=\"menu-item-4123\"><a href=\"#\">What We Do?<\/a><\/li>\n<\/ul>\t\t\t<\/nav>\n\t\t<h4>Quick Links<\/h4>\t\t\n\t\t\t<nav>\n\t\t\t\t<ul id=\"menu-quick-links\"><li id=\"menu-item-1517\"><a href=\"https:\/\/livewp.site\/wp\/md\/ewebot\/home-02\/\">Home<\/a><\/li>\n<li id=\"menu-item-1518\"><a href=\"https:\/\/livewp.site\/wp\/md\/ewebot\/about-us\/\">About Us<\/a><\/li>\n<li id=\"menu-item-1519\"><a href=\"https:\/\/livewp.site\/wp\/md\/ewebot\/services\/\">Main Services<\/a><\/li>\n<li id=\"menu-item-1490\"><a href=\"https:\/\/livewp.site\/wp\/md\/ewebot\/pricing-plans\/\">Pricing<\/a><\/li>\n<li id=\"menu-item-1491\"><a href=\"https:\/\/livewp.site\/wp\/md\/ewebot\/our-case-studies\/\">Our Cases<\/a><\/li>\n<\/ul>\t\t\t<\/nav>\n\t\t<p>\u00a9 2021 \u2014 Ewebot by GT3Themes. All Rights Reserved.<\/p>","post_excerpt":"","post_id":4674,"pubDate":"Fri, 08 May 2020 12:02:30 +0000","post_date":"2020-05-08 12:02:30","post_date_gmt":"2020-05-08 12:02:30","comment_status":"closed","ping_status":"closed","post_name":"footer-home-05","status":"publish","post_parent":0,"menu_order":0,"post_type":"elementor_library","post_password":"","is_sticky":0,"terms":[61],"postmeta":[{"meta_key":"_elementor_edit_mode","meta_value":"builder"},{"meta_key":"_elementor_template_type","meta_value":"wpda-footer"},{"meta_key":"_elementor_version","meta_value":"3.3.1"},{"meta_key":"_edit_lock","meta_value":"1628252230:3"},{"meta_key":"_wp_page_template","meta_value":"default"},{"meta_key":"_elementor_data","meta_value":"[{\"id\":\"846895c\",\"elType\":\"section\",\"settings\":{\"background_background\":\"classic\",\"background_position\":\"center center\",\"background_repeat\":\"no-repeat\",\"background_size\":\"cover\",\"background_color\":\"#FFFFFF\"},\"elements\":[{\"id\":\"8afe2e0\",\"elType\":\"column\",\"settings\":{\"_column_size\":\"100\",\"gt3_carousel_nav_prev\":\"Prev\",\"gt3_carousel_nav_next\":\"Next\",\"space_between_widgets\":\"0\",\"space_between_widgets_mobile\":\"0\"},\"elements\":[{\"id\":\"2801650\",\"elType\":\"section\",\"settings\":{\"structure\":\"20\"},\"elements\":[{\"id\":\"a7283cc\",\"elType\":\"column\",\"settings\":{\"_column_size\":\"50\",\"_inline_size_tablet\":\"100\",\"align_tablet\":\"space-between\",\"gt3_carousel_nav_prev\":\"Prev\",\"gt3_carousel_nav_next\":\"Next\",\"space_between_widgets\":\"0\"},\"elements\":[{\"id\":\"0a9a4ee\",\"elType\":\"widget\",\"settings\":{\"space\":{\"unit\":\"px\",\"size\":\"35\",\"sizes\":[]}},\"elements\":[],\"widgetType\":\"spacer\"},{\"id\":\"09216fc\",\"elType\":\"widget\",\"settings\":{\"image\":{\"url\":\"https:\\\/\\\/livewp.site\\\/wp\\\/md\\\/ewebot\\\/wp-content\\\/uploads\\\/sites\\\/64\\\/2020\\\/03\\\/img_box_29_orange.png\",\"id\":3492},\"title_text\":\"8 800 2534 236\",\"description_text\":\"email@yoursite.com\",\"default_position\":\"left\",\"image_space\":{\"unit\":\"px\",\"top\":\"0\",\"right\":\"17\",\"bottom\":\"0\",\"left\":\"0\",\"isLinked\":\"\"},\"image_size\":{\"unit\":\"px\",\"size\":\"38\",\"sizes\":[]},\"title_bottom_space\":{\"unit\":\"px\",\"size\":\"0\",\"sizes\":[]},\"title_color\":\"#3B3663\",\"title_typography_typography\":\"custom\",\"title_typography_font_size\":{\"unit\":\"px\",\"size\":\"18\",\"sizes\":[]},\"title_typography_font_weight\":\"400\",\"description_color\":\"#3B3663\",\"description_typography_typography\":\"custom\",\"description_typography_font_family\":\"Rubik\",\"description_typography_font_size\":{\"unit\":\"px\",\"size\":\"16\",\"sizes\":[]},\"description_typography_font_weight\":\"400\",\"_margin\":{\"unit\":\"px\",\"top\":\"0\",\"right\":\"40\",\"bottom\":\"13\",\"left\":\"0\",\"isLinked\":\"\"},\"_element_width\":\"auto\",\"_element_width_tablet\":\"auto\",\"title_typography_line_height\":{\"unit\":\"px\",\"size\":\"30\",\"sizes\":[]}},\"elements\":[],\"widgetType\":\"gt3-core-imagebox\"},{\"id\":\"75b0bc5\",\"elType\":\"widget\",\"settings\":{\"image\":{\"url\":\"https:\\\/\\\/livewp.site\\\/wp\\\/md\\\/ewebot\\\/wp-content\\\/uploads\\\/sites\\\/64\\\/2020\\\/03\\\/img_box_30_orange.png\",\"id\":3493},\"title_text\":\"\",\"description_text\":\"27 Division St, New York, NY<br>\\n10002, United States\",\"default_position\":\"left\",\"image_space\":{\"unit\":\"px\",\"top\":\"0\",\"right\":\"18\",\"bottom\":\"0\",\"left\":\"0\",\"isLinked\":\"\"},\"image_size\":{\"unit\":\"px\",\"size\":\"48\",\"sizes\":[]},\"title_bottom_space\":{\"unit\":\"px\",\"size\":\"2\",\"sizes\":[]},\"title_color\":\"#3B3663\",\"title_typography_font_size\":{\"unit\":\"px\",\"size\":\"18\",\"sizes\":[]},\"title_typography_font_weight\":\"400\",\"description_color\":\"#3B3663\",\"description_typography_typography\":\"custom\",\"description_typography_font_family\":\"Rubik\",\"description_typography_font_size\":{\"unit\":\"px\",\"size\":\"16\",\"sizes\":[]},\"description_typography_font_weight\":\"400\",\"description_typography_line_height\":{\"unit\":\"px\",\"size\":\"\",\"sizes\":[]},\"_margin\":{\"unit\":\"px\",\"top\":\"0\",\"right\":\"0\",\"bottom\":\"13\",\"left\":\"0\",\"isLinked\":\"\"},\"_element_width\":\"auto\",\"_element_width_tablet\":\"auto\"},\"elements\":[],\"widgetType\":\"gt3-core-imagebox\"}],\"isInner\":\"1\"},{\"id\":\"74580be\",\"elType\":\"column\",\"settings\":{\"_column_size\":\"50\",\"_inline_size_tablet\":\"100\",\"gt3_carousel_nav_prev\":\"Prev\",\"gt3_carousel_nav_next\":\"Next\",\"margin\":{\"unit\":\"px\",\"top\":\"0\",\"right\":\"0\",\"bottom\":\"0\",\"left\":\"-40\",\"isLinked\":\"\"},\"margin_tablet\":{\"unit\":\"px\",\"top\":\"0\",\"right\":\"0\",\"bottom\":\"0\",\"left\":\"0\",\"isLinked\":\"1\"},\"space_between_widgets\":\"0\"},\"elements\":[{\"id\":\"cb1c6e1\",\"elType\":\"widget\",\"settings\":{\"space\":{\"unit\":\"px\",\"size\":\"45\",\"sizes\":[]}},\"elements\":[],\"widgetType\":\"spacer\"},{\"id\":\"3cd65a5\",\"elType\":\"widget\",\"settings\":{\"shortcode\":\"[mc4wp_form id=\\\"9431\\\"]\",\"_css_classes\":\"footer_mc_signup light_field\"},\"elements\":[],\"widgetType\":\"shortcode\"}],\"isInner\":\"1\"}],\"isInner\":\"1\"},{\"id\":\"607a6a4\",\"elType\":\"widget\",\"settings\":{\"text\":\"Divider\",\"color\":\"#EBEBEF\"},\"elements\":[],\"widgetType\":\"divider\"},{\"id\":\"f531e36\",\"elType\":\"section\",\"settings\":{\"structure\":\"40\",\"heading_color\":\"#FFFFFF\",\"color_text\":\"#F0F0F0\",\"color_link\":\"#F0F0F0\",\"color_link_hover\":\"#F47514\",\"padding\":{\"unit\":\"px\",\"top\":\"0\",\"right\":\"0\",\"bottom\":\"16\",\"left\":\"0\",\"isLinked\":\"\"},\"gap\":\"extended\"},\"elements\":[{\"id\":\"3519ec4\",\"elType\":\"column\",\"settings\":{\"_column_size\":\"25\",\"gt3_carousel_nav_prev\":\"Prev\",\"gt3_carousel_nav_next\":\"Next\",\"space_between_widgets\":\"0\"},\"elements\":[{\"id\":\"faec1b2\",\"elType\":\"widget\",\"settings\":{\"space\":{\"unit\":\"px\",\"size\":\"20\",\"sizes\":[]}},\"elements\":[],\"widgetType\":\"spacer\"},{\"id\":\"6ab5323\",\"elType\":\"widget\",\"settings\":{\"editor\":\"<h4>About<\\\/h4>\",\"text_color\":\"#3B3663\",\"typography_typography\":\"custom\",\"typography_font_size\":{\"unit\":\"px\",\"size\":\"20\",\"sizes\":[]},\"typography_font_weight\":\"800\",\"typography_line_height\":{\"unit\":\"px\",\"size\":\"26\",\"sizes\":[]},\"typography_letter_spacing\":{\"unit\":\"px\",\"size\":\"0\",\"sizes\":[]},\"_margin\":{\"unit\":\"px\",\"top\":\"0\",\"right\":\"0\",\"bottom\":\"37\",\"left\":\"0\",\"isLinked\":\"\"}},\"elements\":[],\"widgetType\":\"text-editor\"},{\"id\":\"a5c684e\",\"elType\":\"widget\",\"settings\":{\"editor\":\"<p>We focus on the needs of small to middle market businesses to improve and grow their return.<\\\/p>\",\"typography_typography\":\"custom\",\"typography_font_size\":{\"unit\":\"px\",\"size\":\"16\",\"sizes\":[]},\"typography_line_height\":{\"unit\":\"em\",\"size\":\"1.75\",\"sizes\":[]},\"_margin\":{\"unit\":\"px\",\"top\":\"0\",\"right\":\"30\",\"bottom\":\"17\",\"left\":\"0\",\"isLinked\":\"\"},\"text_color\":\"#696687\"},\"elements\":[],\"widgetType\":\"text-editor\"},{\"id\":\"59c04a5\",\"elType\":\"widget\",\"settings\":{\"social_icon_list\":[{\"social_icon\":{\"value\":\"fab fa-twitter\",\"library\":\"fa-brands\"},\"_id\":\"91c0e5f\",\"link\":{\"url\":\"#\",\"is_external\":\"true\",\"nofollow\":\"\",\"custom_attributes\":\"\"},\"item_icon_color\":\"custom\",\"item_icon_secondary_color\":\"#00ACED\"},{\"social_icon\":{\"value\":\"fab fa-facebook-f\",\"library\":\"fa-brands\"},\"_id\":\"5ffa149\",\"link\":{\"url\":\"#\",\"is_external\":\"true\",\"nofollow\":\"\",\"custom_attributes\":\"\"},\"item_icon_color\":\"custom\",\"item_icon_secondary_color\":\"#3B5998\"},{\"social_icon\":{\"value\":\"fab fa-google-plus-g\",\"library\":\"fa-brands\"},\"link\":{\"url\":\"#\",\"is_external\":\"true\",\"nofollow\":\"\",\"custom_attributes\":\"\"},\"item_icon_color\":\"custom\",\"item_icon_secondary_color\":\"#F04B3F\",\"_id\":\"affb931\"},{\"social_icon\":{\"value\":\"fab fa-pinterest-p\",\"library\":\"fa-brands\"},\"link\":{\"url\":\"#\",\"is_external\":\"true\",\"nofollow\":\"\",\"custom_attributes\":\"\"},\"item_icon_color\":\"custom\",\"item_icon_secondary_color\":\"#CB2027\",\"_id\":\"473615c\"},{\"social_icon\":{\"value\":\"fab fa-linkedin-in\",\"library\":\"fa-brands\"},\"_id\":\"ababeec\",\"link\":{\"url\":\"#\",\"is_external\":\"true\",\"nofollow\":\"\",\"custom_attributes\":\"\"},\"item_icon_color\":\"custom\",\"item_icon_secondary_color\":\"#007BB6\"}],\"shape\":\"square\",\"align\":\"left\",\"icon_color\":\"custom\",\"icon_primary_color\":\"rgba(240, 240, 240, 0)\",\"icon_secondary_color\":\"#F0F0F0\",\"icon_size\":{\"unit\":\"px\",\"size\":\"16\",\"sizes\":[]},\"icon_padding\":{\"unit\":\"em\",\"size\":\"0\",\"sizes\":[]},\"icon_spacing\":{\"unit\":\"px\",\"size\":\"20\",\"sizes\":[]},\"hover_secondary_color\":\"#3B3663\",\"_margin\":{\"unit\":\"px\",\"top\":\"0\",\"right\":\"0\",\"bottom\":\"0\",\"left\":\"0\",\"isLinked\":false}},\"elements\":[],\"widgetType\":\"social-icons\"}],\"isInner\":\"1\"},{\"id\":\"0714bd3\",\"elType\":\"column\",\"settings\":{\"_column_size\":\"25\",\"gt3_carousel_nav_prev\":\"Prev\",\"gt3_carousel_nav_next\":\"Next\",\"space_between_widgets\":\"0\"},\"elements\":[{\"id\":\"dd5e45a\",\"elType\":\"widget\",\"settings\":{\"space\":{\"unit\":\"px\",\"size\":\"20\",\"sizes\":[]}},\"elements\":[],\"widgetType\":\"spacer\"},{\"id\":\"f221fb4\",\"elType\":\"widget\",\"settings\":{\"editor\":\"<h4>Services<\\\/h4>\",\"text_color\":\"#3B3663\",\"typography_typography\":\"custom\",\"typography_font_size\":{\"unit\":\"px\",\"size\":\"20\",\"sizes\":[]},\"typography_font_weight\":\"800\",\"typography_line_height\":{\"unit\":\"px\",\"size\":\"26\",\"sizes\":[]},\"typography_letter_spacing\":{\"unit\":\"px\",\"size\":\"0\",\"sizes\":[]},\"_margin\":{\"unit\":\"px\",\"top\":\"0\",\"right\":\"0\",\"bottom\":\"25\",\"left\":\"0\",\"isLinked\":\"\"}},\"elements\":[],\"widgetType\":\"text-editor\"},{\"id\":\"e7313af\",\"elType\":\"widget\",\"settings\":{\"menu_select\":\"services\",\"align\":\"left\",\"custom_settings\":\"yes\",\"menu_text_color\":\"#3B3663\",\"menu_text_color_active\":\"#696687\"},\"elements\":[],\"widgetType\":\"wpda-builder-menu\"}],\"isInner\":\"1\"},{\"id\":\"1539cf2\",\"elType\":\"column\",\"settings\":{\"_column_size\":\"25\",\"gt3_carousel_nav_prev\":\"Prev\",\"gt3_carousel_nav_next\":\"Next\",\"space_between_widgets\":\"0\"},\"elements\":[{\"id\":\"a6299b7\",\"elType\":\"widget\",\"settings\":{\"space\":{\"unit\":\"px\",\"size\":\"20\",\"sizes\":[]}},\"elements\":[],\"widgetType\":\"spacer\"},{\"id\":\"fe6903f\",\"elType\":\"widget\",\"settings\":{\"editor\":\"<h4>Community<\\\/h4>\",\"text_color\":\"#3B3663\",\"typography_typography\":\"custom\",\"typography_font_size\":{\"unit\":\"px\",\"size\":\"20\",\"sizes\":[]},\"typography_font_weight\":\"800\",\"typography_line_height\":{\"unit\":\"px\",\"size\":\"26\",\"sizes\":[]},\"typography_letter_spacing\":{\"unit\":\"px\",\"size\":\"0\",\"sizes\":[]},\"_margin\":{\"unit\":\"px\",\"top\":\"0\",\"right\":\"0\",\"bottom\":\"25\",\"left\":\"0\",\"isLinked\":\"\"}},\"elements\":[],\"widgetType\":\"text-editor\"},{\"id\":\"9e0b3e8\",\"elType\":\"widget\",\"settings\":{\"menu_select\":\"community\",\"align\":\"left\",\"custom_settings\":\"yes\",\"menu_text_color\":\"#3B3663\",\"menu_text_color_active\":\"#696687\"},\"elements\":[],\"widgetType\":\"wpda-builder-menu\"}],\"isInner\":\"1\"},{\"id\":\"a1c3a3b\",\"elType\":\"column\",\"settings\":{\"_column_size\":\"25\",\"gt3_carousel_nav_prev\":\"Prev\",\"gt3_carousel_nav_next\":\"Next\",\"space_between_widgets\":\"0\"},\"elements\":[{\"id\":\"bb7050e\",\"elType\":\"widget\",\"settings\":{\"space\":{\"unit\":\"px\",\"size\":\"20\",\"sizes\":[]}},\"elements\":[],\"widgetType\":\"spacer\"},{\"id\":\"52f6412\",\"elType\":\"widget\",\"settings\":{\"editor\":\"<h4>Quick Links<\\\/h4>\",\"text_color\":\"#3B3663\",\"typography_typography\":\"custom\",\"typography_font_size\":{\"unit\":\"px\",\"size\":\"20\",\"sizes\":[]},\"typography_font_weight\":\"800\",\"typography_line_height\":{\"unit\":\"px\",\"size\":\"26\",\"sizes\":[]},\"typography_letter_spacing\":{\"unit\":\"px\",\"size\":\"0\",\"sizes\":[]},\"_margin\":{\"unit\":\"px\",\"top\":\"0\",\"right\":\"0\",\"bottom\":\"25\",\"left\":\"0\",\"isLinked\":\"\"}},\"elements\":[],\"widgetType\":\"text-editor\"},{\"id\":\"0c89825\",\"elType\":\"widget\",\"settings\":{\"menu_select\":\"quick-links\",\"align\":\"left\",\"custom_settings\":\"yes\",\"menu_text_color\":\"#3B3663\",\"menu_text_color_active\":\"#696687\"},\"elements\":[],\"widgetType\":\"wpda-builder-menu\"}],\"isInner\":\"1\"}],\"isInner\":\"1\"},{\"id\":\"2c5438b\",\"elType\":\"widget\",\"settings\":{\"text\":\"Divider\",\"color\":\"#EBEBEF\"},\"elements\":[],\"widgetType\":\"divider\"},{\"id\":\"47fe9b9\",\"elType\":\"widget\",\"settings\":{\"editor\":\"<p>\\u00a9 2021 \\u2014 Ewebot by GT3Themes. All Rights Reserved.<\\\/p>\",\"text_color\":\"#696687\",\"typography_typography\":\"custom\",\"typography_font_size\":{\"unit\":\"px\",\"size\":\"14\",\"sizes\":[]},\"typography_line_height\":{\"unit\":\"em\",\"size\":\"1.4\",\"sizes\":[]},\"_margin\":{\"unit\":\"px\",\"top\":\"15\",\"right\":\"0\",\"bottom\":\"20\",\"left\":\"0\",\"isLinked\":\"\"},\"align\":\"left\"},\"elements\":[],\"widgetType\":\"text-editor\"}],\"isInner\":\"\"}],\"isInner\":\"\"}]"},{"meta_key":"_elementor_page_assets","meta_value":"a:0:{}"},{"meta_key":"_elementor_controls_usage","meta_value":"a:7:{s:6:\"spacer\";a:3:{s:5:\"count\";i:6;s:15:\"control_percent\";i:0;s:8:\"controls\";a:1:{s:7:\"content\";a:1:{s:14:\"section_spacer\";a:1:{s:5:\"space\";i:6;}}}}s:6:\"column\";a:3:{s:5:\"count\";i:7;s:15:\"control_percent\";i:1;s:8:\"controls\";a:2:{s:6:\"layout\";a:1:{s:6:\"layout\";a:4:{s:19:\"_inline_size_tablet\";i:2;s:12:\"align_tablet\";i:1;s:21:\"space_between_widgets\";i:7;s:28:\"space_between_widgets_mobile\";i:1;}}s:8:\"advanced\";a:1:{s:16:\"section_advanced\";a:2:{s:6:\"margin\";i:1;s:13:\"margin_tablet\";i:1;}}}}s:9:\"shortcode\";a:3:{s:5:\"count\";i:1;s:15:\"control_percent\";i:1;s:8:\"controls\";a:2:{s:7:\"content\";a:1:{s:17:\"section_shortcode\";a:1:{s:9:\"shortcode\";i:1;}}s:8:\"advanced\";a:1:{s:14:\"_section_style\";a:1:{s:12:\"_css_classes\";i:1;}}}}s:7:\"section\";a:3:{s:5:\"count\";i:3;s:15:\"control_percent\";i:1;s:8:\"controls\";a:3:{s:6:\"layout\";a:2:{s:17:\"section_structure\";a:1:{s:9:\"structure\";i:2;}s:14:\"section_layout\";a:1:{s:3:\"gap\";i:1;}}s:5:\"style\";a:2:{s:12:\"section_typo\";a:4:{s:13:\"heading_color\";i:1;s:10:\"color_text\";i:1;s:10:\"color_link\";i:1;s:16:\"color_link_hover\";i:1;}s:18:\"section_background\";a:5:{s:21:\"background_background\";i:1;s:19:\"background_position\";i:1;s:17:\"background_repeat\";i:1;s:15:\"background_size\";i:1;s:16:\"background_color\";i:1;}}s:8:\"advanced\";a:1:{s:16:\"section_advanced\";a:1:{s:7:\"padding\";i:1;}}}}s:7:\"divider\";a:3:{s:5:\"count\";i:2;s:15:\"control_percent\";i:0;s:8:\"controls\";a:1:{s:5:\"style\";a:1:{s:21:\"section_divider_style\";a:1:{s:5:\"color\";i:2;}}}}s:11:\"text-editor\";a:3:{s:5:\"count\";i:6;s:15:\"control_percent\";i:3;s:8:\"controls\";a:3:{s:7:\"content\";a:1:{s:14:\"section_editor\";a:1:{s:6:\"editor\";i:6;}}s:5:\"style\";a:1:{s:13:\"section_style\";a:7:{s:10:\"text_color\";i:6;s:21:\"typography_typography\";i:6;s:20:\"typography_font_size\";i:6;s:22:\"typography_font_weight\";i:4;s:22:\"typography_line_height\";i:6;s:25:\"typography_letter_spacing\";i:4;s:5:\"align\";i:1;}}s:8:\"advanced\";a:1:{s:14:\"_section_style\";a:1:{s:7:\"_margin\";i:6;}}}}s:12:\"social-icons\";a:3:{s:5:\"count\";i:1;s:15:\"control_percent\";i:4;s:8:\"controls\";a:3:{s:7:\"content\";a:1:{s:19:\"section_social_icon\";a:3:{s:16:\"social_icon_list\";i:1;s:5:\"shape\";i:1;s:5:\"align\";i:1;}}s:5:\"style\";a:2:{s:20:\"section_social_style\";a:6:{s:10:\"icon_color\";i:1;s:18:\"icon_primary_color\";i:1;s:20:\"icon_secondary_color\";i:1;s:9:\"icon_size\";i:1;s:12:\"icon_padding\";i:1;s:12:\"icon_spacing\";i:1;}s:20:\"section_social_hover\";a:1:{s:21:\"hover_secondary_color\";i:1;}}s:8:\"advanced\";a:1:{s:14:\"_section_style\";a:1:{s:7:\"_margin\";i:1;}}}}}"}],"comments":[],"media":[3492,3493]}