{"post_title":"Coming Soon","guid":"https:\/\/livewp.site\/wp\/md\/ewebot\/?elementor_library=coming-soon","post_author":"","post_content":"","post_excerpt":"","post_id":4826,"pubDate":"Mon, 11 May 2020 14:25:38 +0000","post_date":"2020-05-11 14:25:38","post_date_gmt":"2020-05-11 14:25:38","comment_status":"closed","ping_status":"closed","post_name":"coming-soon","status":"publish","post_parent":0,"menu_order":0,"post_type":"elementor_library","post_password":"","is_sticky":0,"terms":[61],"postmeta":[{"meta_key":"_elementor_edit_mode","meta_value":"builder"},{"meta_key":"_elementor_template_type","meta_value":"wpda-footer"},{"meta_key":"_elementor_version","meta_value":"3.3.1"},{"meta_key":"_edit_lock","meta_value":"1628252228:3"},{"meta_key":"_wp_page_template","meta_value":"default"},{"meta_key":"_elementor_data","meta_value":"[]"}],"comments":[],"media":[]}