{"post_title":"ewebot_landing_img-02","guid":"https:\/\/livewp.site\/wp\/md\/ewebot\/ewebot_landing_img-02\/","post_author":"","post_content":"","post_excerpt":"","post_id":4923,"pubDate":"Tue, 12 May 2020 11:24:31 +0000","post_date":"2020-05-12 11:24:31","post_date_gmt":"2020-05-12 11:24:31","comment_status":"open","ping_status":"closed","post_name":"ewebot_landing_img-02","status":"inherit","post_parent":0,"menu_order":0,"post_type":"attachment","post_password":"","is_sticky":0,"terms":[],"postmeta":[{"meta_key":"_wp_attached_file","meta_value":"2020\/05\/ewebot_landing_img-02.jpg"},{"meta_key":"_wp_attachment_metadata","meta_value":"a:5:{s:5:\"width\";i:2560;s:6:\"height\";i:800;s:4:\"file\";s:33:\"2020\/05\/ewebot_landing_img-02.jpg\";s:5:\"sizes\";a:12:{s:6:\"medium\";a:4:{s:4:\"file\";s:32:\"ewebot_landing_img-02-300x94.jpg\";s:5:\"width\";i:300;s:6:\"height\";i:94;s:9:\"mime-type\";s:10:\"image\/jpeg\";}s:5:\"large\";a:4:{s:4:\"file\";s:34:\"ewebot_landing_img-02-1024x320.jpg\";s:5:\"width\";i:1024;s:6:\"height\";i:320;s:9:\"mime-type\";s:10:\"image\/jpeg\";}s:9:\"thumbnail\";a:4:{s:4:\"file\";s:33:\"ewebot_landing_img-02-150x150.jpg\";s:5:\"width\";i:150;s:6:\"height\";i:150;s:9:\"mime-type\";s:10:\"image\/jpeg\";}s:12:\"medium_large\";a:4:{s:4:\"file\";s:33:\"ewebot_landing_img-02-768x240.jpg\";s:5:\"width\";i:768;s:6:\"height\";i:240;s:9:\"mime-type\";s:10:\"image\/jpeg\";}s:9:\"1536x1536\";a:4:{s:4:\"file\";s:34:\"ewebot_landing_img-02-1536x480.jpg\";s:5:\"width\";i:1536;s:6:\"height\";i:480;s:9:\"mime-type\";s:10:\"image\/jpeg\";}s:9:\"2048x2048\";a:4:{s:4:\"file\";s:34:\"ewebot_landing_img-02-2048x640.jpg\";s:5:\"width\";i:2048;s:6:\"height\";i:640;s:9:\"mime-type\";s:10:\"image\/jpeg\";}s:21:\"woocommerce_thumbnail\";a:5:{s:4:\"file\";s:33:\"ewebot_landing_img-02-300x400.jpg\";s:5:\"width\";i:300;s:6:\"height\";i:400;s:9:\"mime-type\";s:10:\"image\/jpeg\";s:9:\"uncropped\";b:0;}s:18:\"woocommerce_single\";a:4:{s:4:\"file\";s:34:\"ewebot_landing_img-02-1200x375.jpg\";s:5:\"width\";i:1200;s:6:\"height\";i:375;s:9:\"mime-type\";s:10:\"image\/jpeg\";}s:29:\"woocommerce_gallery_thumbnail\";a:4:{s:4:\"file\";s:33:\"ewebot_landing_img-02-400x400.jpg\";s:5:\"width\";i:400;s:6:\"height\";i:400;s:9:\"mime-type\";s:10:\"image\/jpeg\";}s:12:\"shop_catalog\";a:4:{s:4:\"file\";s:33:\"ewebot_landing_img-02-300x400.jpg\";s:5:\"width\";i:300;s:6:\"height\";i:400;s:9:\"mime-type\";s:10:\"image\/jpeg\";}s:11:\"shop_single\";a:4:{s:4:\"file\";s:34:\"ewebot_landing_img-02-1200x375.jpg\";s:5:\"width\";i:1200;s:6:\"height\";i:375;s:9:\"mime-type\";s:10:\"image\/jpeg\";}s:14:\"shop_thumbnail\";a:4:{s:4:\"file\";s:33:\"ewebot_landing_img-02-400x400.jpg\";s:5:\"width\";i:400;s:6:\"height\";i:400;s:9:\"mime-type\";s:10:\"image\/jpeg\";}}s:10:\"image_meta\";a:12:{s:8:\"aperture\";s:1:\"0\";s:6:\"credit\";s:0:\"\";s:6:\"camera\";s:0:\"\";s:7:\"caption\";s:0:\"\";s:17:\"created_timestamp\";s:1:\"0\";s:9:\"copyright\";s:0:\"\";s:12:\"focal_length\";s:1:\"0\";s:3:\"iso\";s:1:\"0\";s:13:\"shutter_speed\";s:1:\"0\";s:5:\"title\";s:0:\"\";s:11:\"orientation\";s:1:\"0\";s:8:\"keywords\";a:0:{}}}"}],"comments":[],"media":[],"attachment_url":"https:\/\/livewp.site\/wp\/md\/ewebot\/wp-content\/uploads\/sites\/64\/2020\/05\/ewebot_landing_img-02.jpg"}