{"post_title":"landing-logo-ewebot","guid":"https:\/\/livewp.site\/wp\/md\/ewebot\/landing-logo-ewebot\/","post_author":"","post_content":"","post_excerpt":"","post_id":4926,"pubDate":"Tue, 12 May 2020 11:26:25 +0000","post_date":"2020-05-12 11:26:25","post_date_gmt":"2020-05-12 11:26:25","comment_status":"open","ping_status":"closed","post_name":"landing-logo-ewebot","status":"inherit","post_parent":0,"menu_order":0,"post_type":"attachment","post_password":"","is_sticky":0,"terms":[],"postmeta":[{"meta_key":"_wp_attached_file","meta_value":"2020\/05\/landing-logo-ewebot.png"},{"meta_key":"_wp_attachment_metadata","meta_value":"a:5:{s:5:\"width\";i:428;s:6:\"height\";i:140;s:4:\"file\";s:31:\"2020\/05\/landing-logo-ewebot.png\";s:5:\"sizes\";a:6:{s:6:\"medium\";a:4:{s:4:\"file\";s:30:\"landing-logo-ewebot-300x98.png\";s:5:\"width\";i:300;s:6:\"height\";i:98;s:9:\"mime-type\";s:9:\"image\/png\";}s:9:\"thumbnail\";a:4:{s:4:\"file\";s:31:\"landing-logo-ewebot-150x140.png\";s:5:\"width\";i:150;s:6:\"height\";i:140;s:9:\"mime-type\";s:9:\"image\/png\";}s:21:\"woocommerce_thumbnail\";a:5:{s:4:\"file\";s:31:\"landing-logo-ewebot-300x140.png\";s:5:\"width\";i:300;s:6:\"height\";i:140;s:9:\"mime-type\";s:9:\"image\/png\";s:9:\"uncropped\";b:0;}s:29:\"woocommerce_gallery_thumbnail\";a:4:{s:4:\"file\";s:31:\"landing-logo-ewebot-400x140.png\";s:5:\"width\";i:400;s:6:\"height\";i:140;s:9:\"mime-type\";s:9:\"image\/png\";}s:12:\"shop_catalog\";a:4:{s:4:\"file\";s:31:\"landing-logo-ewebot-300x140.png\";s:5:\"width\";i:300;s:6:\"height\";i:140;s:9:\"mime-type\";s:9:\"image\/png\";}s:14:\"shop_thumbnail\";a:4:{s:4:\"file\";s:31:\"landing-logo-ewebot-400x140.png\";s:5:\"width\";i:400;s:6:\"height\";i:140;s:9:\"mime-type\";s:9:\"image\/png\";}}s:10:\"image_meta\";a:12:{s:8:\"aperture\";s:1:\"0\";s:6:\"credit\";s:0:\"\";s:6:\"camera\";s:0:\"\";s:7:\"caption\";s:0:\"\";s:17:\"created_timestamp\";s:1:\"0\";s:9:\"copyright\";s:0:\"\";s:12:\"focal_length\";s:1:\"0\";s:3:\"iso\";s:1:\"0\";s:13:\"shutter_speed\";s:1:\"0\";s:5:\"title\";s:0:\"\";s:11:\"orientation\";s:1:\"0\";s:8:\"keywords\";a:0:{}}}"}],"comments":[],"media":[],"attachment_url":"https:\/\/livewp.site\/wp\/md\/ewebot\/wp-content\/uploads\/sites\/64\/2020\/05\/landing-logo-ewebot.png"}