{"post_title":"portfolio_img_01_new","guid":"https:\/\/livewp.site\/wp\/md\/ewebot\/portfolio\/online-media-management_112\/portfolio_img_01_new\/","post_author":"","post_content":"","post_excerpt":"","post_id":5018,"pubDate":"Wed, 13 May 2020 08:04:07 +0000","post_date":"2020-05-13 08:04:07","post_date_gmt":"2020-05-13 08:04:07","comment_status":"open","ping_status":"closed","post_name":"portfolio_img_01_new","status":"inherit","post_parent":3705,"menu_order":0,"post_type":"attachment","post_password":"","is_sticky":0,"terms":[],"postmeta":[{"meta_key":"_wp_attached_file","meta_value":"2019\/06\/portfolio_img_01_new.jpg"},{"meta_key":"_wp_attachment_metadata","meta_value":"a:5:{s:5:\"width\";i:1200;s:6:\"height\";i:869;s:4:\"file\";s:32:\"2019\/06\/portfolio_img_01_new.jpg\";s:5:\"sizes\";a:8:{s:6:\"medium\";a:4:{s:4:\"file\";s:32:\"portfolio_img_01_new-300x217.jpg\";s:5:\"width\";i:300;s:6:\"height\";i:217;s:9:\"mime-type\";s:10:\"image\/jpeg\";}s:5:\"large\";a:4:{s:4:\"file\";s:33:\"portfolio_img_01_new-1024x742.jpg\";s:5:\"width\";i:1024;s:6:\"height\";i:742;s:9:\"mime-type\";s:10:\"image\/jpeg\";}s:9:\"thumbnail\";a:4:{s:4:\"file\";s:32:\"portfolio_img_01_new-150x150.jpg\";s:5:\"width\";i:150;s:6:\"height\";i:150;s:9:\"mime-type\";s:10:\"image\/jpeg\";}s:12:\"medium_large\";a:4:{s:4:\"file\";s:32:\"portfolio_img_01_new-768x556.jpg\";s:5:\"width\";i:768;s:6:\"height\";i:556;s:9:\"mime-type\";s:10:\"image\/jpeg\";}s:21:\"woocommerce_thumbnail\";a:5:{s:4:\"file\";s:32:\"portfolio_img_01_new-300x400.jpg\";s:5:\"width\";i:300;s:6:\"height\";i:400;s:9:\"mime-type\";s:10:\"image\/jpeg\";s:9:\"uncropped\";b:0;}s:29:\"woocommerce_gallery_thumbnail\";a:4:{s:4:\"file\";s:32:\"portfolio_img_01_new-400x400.jpg\";s:5:\"width\";i:400;s:6:\"height\";i:400;s:9:\"mime-type\";s:10:\"image\/jpeg\";}s:12:\"shop_catalog\";a:4:{s:4:\"file\";s:32:\"portfolio_img_01_new-300x400.jpg\";s:5:\"width\";i:300;s:6:\"height\";i:400;s:9:\"mime-type\";s:10:\"image\/jpeg\";}s:14:\"shop_thumbnail\";a:4:{s:4:\"file\";s:32:\"portfolio_img_01_new-400x400.jpg\";s:5:\"width\";i:400;s:6:\"height\";i:400;s:9:\"mime-type\";s:10:\"image\/jpeg\";}}s:10:\"image_meta\";a:12:{s:8:\"aperture\";s:1:\"0\";s:6:\"credit\";s:0:\"\";s:6:\"camera\";s:0:\"\";s:7:\"caption\";s:0:\"\";s:17:\"created_timestamp\";s:1:\"0\";s:9:\"copyright\";s:0:\"\";s:12:\"focal_length\";s:1:\"0\";s:3:\"iso\";s:1:\"0\";s:13:\"shutter_speed\";s:1:\"0\";s:5:\"title\";s:0:\"\";s:11:\"orientation\";s:1:\"0\";s:8:\"keywords\";a:0:{}}}"},{"meta_key":"solid_color","meta_value":"566971"}],"comments":[],"media":[],"attachment_url":"https:\/\/livewp.site\/wp\/md\/ewebot\/wp-content\/uploads\/sites\/64\/2019\/06\/portfolio_img_01_new.jpg"}