{"post_title":"Home_06","guid":"https:\/\/livewp.site\/wp\/md\/ewebot\/?elementor_library=home_06","post_author":"","post_content":"<a href=\"https:\/\/livewp.site\/wp\/md\/ewebot\/\">\n\t\t\t\t<img src=\"https:\/\/livewp.site\/wp\/md\/ewebot\/wp-content\/uploads\/sites\/64\/2019\/08\/logo_retinablack.png\" alt=\"\" title=\"logo_retina(black)\" \/>\t\t\t<\/a>\n\t\t\t<nav>\n\t\t\t\t<ul id=\"menu-main-menu\"><li id=\"menu-item-1474\"><a href=\"#\">Home<\/a>\n<ul>\n\t<li id=\"menu-item-1505\"><a href=\"https:\/\/livewp.site\/wp\/md\/ewebot\/home-01\/\">Home Variant 01Classic<\/a><\/li>\n\t<li id=\"menu-item-1500\"><a href=\"https:\/\/livewp.site\/wp\/md\/ewebot\/home-02\/\">Home Variant 02<\/a><\/li>\n\t<li id=\"menu-item-1499\"><a href=\"https:\/\/livewp.site\/wp\/md\/ewebot\/home-03\/\">Home Variant 03<\/a><\/li>\n\t<li id=\"menu-item-3391\"><a href=\"https:\/\/livewp.site\/wp\/md\/ewebot\/home-04\/\">Home Variant 04HOT<\/a><\/li>\n\t<li id=\"menu-item-3939\"><a href=\"https:\/\/livewp.site\/wp\/md\/ewebot\/\">Home Variant 05NEW<\/a><\/li>\n<\/ul>\n<\/li>\n<li id=\"menu-item-1475\"><a href=\"#\">Pages<\/a>\n<ul>\n\t<li id=\"menu-item-1508\"><a href=\"https:\/\/livewp.site\/wp\/md\/ewebot\/about-us\/\">About Us<\/a><\/li>\n\t<li id=\"menu-item-3168\"><a href=\"#\">Our Case Studies<\/a>\n\t<ul>\n\t\t<li id=\"menu-item-1504\"><a href=\"https:\/\/livewp.site\/wp\/md\/ewebot\/our-case-studies\/\">Case Studies Grid<\/a><\/li>\n\t\t<li id=\"menu-item-3169\"><a href=\"https:\/\/livewp.site\/wp\/md\/ewebot\/our-case-studies-2\/\">Case Studies Packery<\/a><\/li>\n\t\t<li id=\"menu-item-2319\"><a href=\"https:\/\/livewp.site\/wp\/md\/ewebot\/portfolio\/online-media-management\/\">Single Cases<\/a><\/li>\n\t<\/ul>\n<\/li>\n\t<li id=\"menu-item-1509\"><a href=\"https:\/\/livewp.site\/wp\/md\/ewebot\/our-team\/\">Our Team<\/a>\n\t<ul>\n\t\t<li id=\"menu-item-2320\"><a href=\"https:\/\/livewp.site\/wp\/md\/ewebot\/team\/sandra-willson\/\">Single Team<\/a><\/li>\n\t<\/ul>\n<\/li>\n\t<li id=\"menu-item-2318\"><a href=\"#\">FAQ<\/a>\n\t<ul>\n\t\t<li id=\"menu-item-1502\"><a href=\"https:\/\/livewp.site\/wp\/md\/ewebot\/faq\/\">FAQ Variant I<\/a><\/li>\n\t\t<li id=\"menu-item-1501\"><a href=\"https:\/\/livewp.site\/wp\/md\/ewebot\/faq-2\/\">FAQ Variant II<\/a><\/li>\n\t<\/ul>\n<\/li>\n\t<li id=\"menu-item-1511\"><a href=\"https:\/\/livewp.site\/wp\/md\/ewebot\/pricing-plans\/\">Pricing Plans<\/a><\/li>\n\t<li id=\"menu-item-1506\"><a href=\"https:\/\/livewp.site\/wp\/md\/ewebot\/coming-soon\/\">Coming soon<\/a><\/li>\n\t<li id=\"menu-item-1507\"><a href=\"https:\/\/livewp.site\/wp\/md\/ewebot\/typography\/\">Typography<\/a><\/li>\n\t<li id=\"menu-item-2321\"><a href=\"https:\/\/livewp.site\/wp\/md\/ewebot\/page_404\/\">404<\/a><\/li>\n<\/ul>\n<\/li>\n<li id=\"menu-item-1535\"><a href=\"#\">Services<\/a>\n<ul>\n\t<li id=\"menu-item-1510\"><a href=\"https:\/\/livewp.site\/wp\/md\/ewebot\/services\/\">Services<\/a><\/li>\n\t<li id=\"menu-item-1514\"><a href=\"https:\/\/livewp.site\/wp\/md\/ewebot\/ppc-services\/\">PPC Services<\/a><\/li>\n\t<li id=\"menu-item-1515\"><a href=\"https:\/\/livewp.site\/wp\/md\/ewebot\/seo-services\/\">SEO Services<\/a><\/li>\n\t<li id=\"menu-item-1513\"><a href=\"https:\/\/livewp.site\/wp\/md\/ewebot\/smm-services\/\">SMM Services<\/a><\/li>\n<\/ul>\n<\/li>\n<li id=\"menu-item-4840\"><a href=\"#\">Blog<\/a>\n<ul>\n\t<li id=\"menu-item-1516\"><a href=\"https:\/\/livewp.site\/wp\/md\/ewebot\/blog\/\">All News<\/a><\/li>\n\t<li id=\"menu-item-2805\"><a href=\"https:\/\/livewp.site\/wp\/md\/ewebot\/blog-packery\/\">Blog Packery<\/a>\n\t<ul>\n\t\t<li id=\"menu-item-2820\"><a href=\"https:\/\/livewp.site\/wp\/md\/ewebot\/blog-packery-2\/\">Blog Packery 2<\/a><\/li>\n\t\t<li id=\"menu-item-2819\"><a href=\"https:\/\/livewp.site\/wp\/md\/ewebot\/blog-packery-3\/\">Blog Packery 3<\/a><\/li>\n\t<\/ul>\n<\/li>\n\t<li id=\"menu-item-2323\"><a href=\"https:\/\/livewp.site\/wp\/md\/ewebot\/how-to-increase-your-roi-through-scientific-sem\/\">Single News<\/a><\/li>\n<\/ul>\n<\/li>\n<li id=\"menu-item-1479\"><a href=\"#\">Shop<\/a>\n<ul>\n\t<li id=\"menu-item-1512\"><a href=\"https:\/\/livewp.site\/wp\/md\/ewebot\/shop\/\">All Products<\/a><\/li>\n\t<li id=\"menu-item-2324\"><a href=\"https:\/\/livewp.site\/wp\/md\/ewebot\/product\/search-engine-for-growth\/\">Single Products<\/a><\/li>\n<\/ul>\n<\/li>\n<li id=\"menu-item-1503\"><a href=\"https:\/\/livewp.site\/wp\/md\/ewebot\/contast-us\/\">Contacts<\/a><\/li>\n<\/ul>\t\t\t<\/nav>\n\t\t<p><a href=\"tel:+88002534236\" style=\"font-size: 14px\">Call Us: 8 800 2563 123<\/a><\/p>\t\t\n\t\t\t<i><\/i>\n\n\t<label for=\"search-form-5ed0ab9b3cc13\">Search<\/label>\n    \n    \n","post_excerpt":"","post_id":5199,"pubDate":"Wed, 27 May 2020 11:30:56 +0000","post_date":"2020-05-27 11:30:56","post_date_gmt":"2020-05-27 11:30:56","comment_status":"closed","ping_status":"closed","post_name":"home_06","status":"publish","post_parent":0,"menu_order":0,"post_type":"elementor_library","post_password":"","is_sticky":0,"terms":[60],"postmeta":[{"meta_key":"_elementor_edit_mode","meta_value":"builder"},{"meta_key":"_elementor_template_type","meta_value":"wpda-header"},{"meta_key":"_elementor_version","meta_value":"2.9.9"},{"meta_key":"_edit_lock","meta_value":"1628082055:1"},{"meta_key":"_wp_page_template","meta_value":"default"},{"meta_key":"_elementor_data","meta_value":"[{\"id\":\"3f24f9c\",\"elType\":\"section\",\"settings\":{\"stretch_section\":\"section-stretched\",\"layout\":\"full_width\",\"gap\":\"no\",\"height\":\"min-height\",\"custom_height\":{\"unit\":\"px\",\"size\":\"98\",\"sizes\":[]},\"heading_color\":\"#3B3663\",\"color_text\":\"#3B3663\",\"color_link\":\"#3B3663\",\"color_link_hover\":\"#F47514\",\"padding\":{\"unit\":\"%\",\"top\":\"0\",\"right\":\"2.3\",\"bottom\":\"0\",\"left\":\"2\",\"isLinked\":\"\"},\"sticky_section_tablet\":\"yes\",\"sticky_section\":\"yes\",\"sticky_background_background\":\"classic\",\"sticky_background_color\":\"rgba(255, 255, 255, 0.95)\",\"sticky_box_shadow_box_shadow_type\":\"yes\",\"sticky_box_shadow_box_shadow\":{\"horizontal\":\"0\",\"vertical\":\"0\",\"blur\":\"7\",\"spread\":\"0\",\"color\":\"rgba(0, 0, 0, 0.1)\"},\"sticky_section_mobile\":\"yes\",\"background_background\":\"classic\",\"background_color\":\"#FFFFFF\"},\"elements\":[{\"id\":\"8a199c7\",\"elType\":\"column\",\"settings\":{\"_column_size\":\"100\",\"gt3_carousel_nav_prev\":\"Prev\",\"gt3_carousel_nav_next\":\"Next\",\"content_position_mobile\":\"center\",\"space_between_widgets_mobile\":\"0\"},\"elements\":[{\"id\":\"dcf4ead\",\"elType\":\"section\",\"settings\":{\"layout\":\"full_width\",\"content_position\":\"middle\",\"structure\":\"20\",\"padding\":{\"unit\":\"px\",\"top\":\"0\",\"right\":\"22\",\"bottom\":\"0\",\"left\":\"22\",\"isLinked\":\"\"}},\"elements\":[{\"id\":\"00ce62a\",\"elType\":\"column\",\"settings\":{\"_column_size\":\"50\",\"_inline_size\":\"69.171\",\"_inline_size_tablet\":\"40\",\"_inline_size_mobile\":\"100\",\"content_position_mobile\":\"center\",\"gt3_carousel_nav_prev\":\"Prev\",\"gt3_carousel_nav_next\":\"Next\",\"align_mobile\":\"space-between\",\"space_between_widgets\":\"0\",\"padding\":{\"unit\":\"px\",\"top\":\"0\",\"right\":\"0\",\"bottom\":\"0\",\"left\":\"0\",\"isLinked\":\"1\"}},\"elements\":[{\"id\":\"d8a2180\",\"elType\":\"widget\",\"settings\":{\"header_logo\":{\"url\":\"https:\\\/\\\/livewp.site\\\/wp\\\/md\\\/ewebot\\\/wp-content\\\/uploads\\\/sites\\\/64\\\/2019\\\/08\\\/logo_retinablack.png\",\"id\":\"1456\"},\"logo_height_custom\":\"yes\",\"logo_height\":{\"unit\":\"px\",\"size\":\"48\",\"sizes\":[]},\"align\":\"left\",\"_margin\":{\"unit\":\"px\",\"top\":\"0\",\"right\":\"68\",\"bottom\":\"0\",\"left\":\"0\",\"isLinked\":\"\"},\"_element_width\":\"auto\"},\"elements\":[],\"widgetType\":\"wpda-header-logo\"},{\"id\":\"30affdd\",\"elType\":\"widget\",\"settings\":{\"menu_select\":\"main-menu\",\"custom_settings\":\"yes\",\"menu_text_color\":\"#3B3663\",\"menu_text_color_active\":\"#F47514\",\"submenu_bg\":\"#FFFFFF\",\"submenu_text_color\":\"#696687\",\"submenu_text_color_active\":\"#F47514\",\"spacing_between_items\":{\"unit\":\"px\",\"size\":\"8\",\"sizes\":[]},\"_element_width\":\"auto\",\"submenu_width\":{\"unit\":\"px\",\"size\":\"220\",\"sizes\":[]},\"menu_typography_typography\":\"custom\",\"menu_typography_font_weight\":\"500\"},\"elements\":[],\"widgetType\":\"wpda-builder-menu\"}],\"isInner\":\"1\"},{\"id\":\"19234fe\",\"elType\":\"column\",\"settings\":{\"_column_size\":\"50\",\"_inline_size\":\"30.82\",\"content_position\":\"center\",\"align\":\"flex-end\",\"gt3_carousel_nav_prev\":\"Prev\",\"gt3_carousel_nav_next\":\"Next\",\"_inline_size_tablet\":\"60\",\"_inline_size_mobile\":\"100\",\"content_position_mobile\":\"center\",\"align_mobile\":\"space-between\",\"space_between_widgets\":\"0\",\"padding\":{\"unit\":\"px\",\"top\":\"0\",\"right\":\"0\",\"bottom\":\"0\",\"left\":\"0\",\"isLinked\":\"1\"},\"hide_mobile_column\":\"hidden-phone\"},\"elements\":[{\"id\":\"741c06b\",\"elType\":\"widget\",\"settings\":{\"editor\":\"<p><a href=\\\"tel:+88002534236\\\" style=\\\"font-size: 14px\\\">Call Us: <span style=\\\"font-weight: 500;font-size: 16px\\\" class=\\\"gt3_font-weight\\\">8 800 2563 123<\\\/span><\\\/a><\\\/p>\",\"_element_width\":\"auto\",\"_element_vertical_align\":\"center\",\"_element_width_tablet\":\"auto\",\"typography_typography\":\"custom\",\"typography_font_weight\":\"400\"},\"elements\":[],\"widgetType\":\"text-editor\"},{\"id\":\"af99778\",\"elType\":\"widget\",\"settings\":{\"_margin\":{\"unit\":\"px\",\"top\":\"0\",\"right\":\"25\",\"bottom\":\"0\",\"left\":\"40\",\"isLinked\":\"\"},\"_element_width\":\"auto\",\"_element_vertical_align\":\"center\",\"_element_width_tablet\":\"auto\",\"align\":\"right\"},\"elements\":[],\"widgetType\":\"wpda-builder-search\"},{\"id\":\"23cbeff\",\"elType\":\"widget\",\"settings\":{\"sidebar\":\"sidebar_header-sidebar\",\"_element_width\":\"auto\",\"_element_width_tablet\":\"auto\"},\"elements\":[],\"widgetType\":\"wpda-builder-burger-sidebar\"}],\"isInner\":\"1\"}],\"isInner\":\"1\"}],\"isInner\":\"\"}],\"isInner\":\"\"}]"},{"meta_key":"_elementor_controls_usage","meta_value":"a:3:{s:6:\"column\";a:3:{s:5:\"count\";i:3;s:15:\"control_percent\";i:1;s:8:\"controls\";a:2:{s:6:\"layout\";a:1:{s:6:\"layout\";a:9:{s:12:\"_inline_size\";i:2;s:19:\"_inline_size_tablet\";i:2;s:19:\"_inline_size_mobile\";i:2;s:23:\"content_position_mobile\";i:3;s:12:\"align_mobile\";i:2;s:21:\"space_between_widgets\";i:2;s:16:\"content_position\";i:1;s:5:\"align\";i:1;s:28:\"space_between_widgets_mobile\";i:1;}}s:8:\"advanced\";a:1:{s:16:\"section_advanced\";a:2:{s:7:\"padding\";i:2;s:18:\"hide_mobile_column\";i:1;}}}}s:11:\"text-editor\";a:3:{s:5:\"count\";i:1;s:15:\"control_percent\";i:2;s:8:\"controls\";a:3:{s:7:\"content\";a:1:{s:14:\"section_editor\";a:1:{s:6:\"editor\";i:1;}}s:8:\"advanced\";a:1:{s:17:\"_section_position\";a:3:{s:14:\"_element_width\";i:1;s:23:\"_element_vertical_align\";i:1;s:21:\"_element_width_tablet\";i:1;}}s:5:\"style\";a:1:{s:13:\"section_style\";a:2:{s:21:\"typography_typography\";i:1;s:22:\"typography_font_weight\";i:1;}}}}s:7:\"section\";a:3:{s:5:\"count\";i:2;s:15:\"control_percent\";i:3;s:8:\"controls\";a:3:{s:6:\"layout\";a:2:{s:14:\"section_layout\";a:6:{s:6:\"layout\";i:2;s:16:\"content_position\";i:1;s:15:\"stretch_section\";i:1;s:3:\"gap\";i:1;s:6:\"height\";i:1;s:13:\"custom_height\";i:1;}s:17:\"section_structure\";a:1:{s:9:\"structure\";i:1;}}s:8:\"advanced\";a:1:{s:16:\"section_advanced\";a:1:{s:7:\"padding\";i:2;}}s:5:\"style\";a:2:{s:12:\"section_typo\";a:4:{s:13:\"heading_color\";i:1;s:10:\"color_text\";i:1;s:10:\"color_link\";i:1;s:16:\"color_link_hover\";i:1;}s:18:\"section_background\";a:2:{s:21:\"background_background\";i:1;s:16:\"background_color\";i:1;}}}}}"}],"comments":[],"media":[1456]}