{"post_title":"Footer Home 06","guid":"https:\/\/livewp.site\/wp\/md\/ewebot\/?elementor_library=footer-home-06","post_author":"","post_content":"<a href=\"https:\/\/livewp.site\/wp\/md\/ewebot\/\">\n\t\t\t\t<img src=\"https:\/\/livewp.site\/wp\/md\/ewebot\/wp-content\/uploads\/sites\/64\/2019\/08\/logo_retina.png\" alt=\"\" title=\"logo_retina\"\/>\t\t\t<\/a>\n\t\t\t<figure><img width=\"58\" height=\"74\" src=\"https:\/\/livewp.site\/wp\/md\/ewebot\/wp-content\/uploads\/sites\/64\/2019\/08\/img_box_29.png\" alt=\"\" loading=\"lazy\" title=\"img_box_29\" \/><\/figure><h6>8 800 2534 236<\/h6><p>email@yoursite.com<\/p>\t\t\n\t\t\t<figure><img width=\"76\" height=\"74\" src=\"https:\/\/livewp.site\/wp\/md\/ewebot\/wp-content\/uploads\/sites\/64\/2019\/08\/img_box_30.png\" alt=\"\" loading=\"lazy\" title=\"img_box_30\" \/><\/figure><p>27 Division St, New York, NY<br>\n10002, United States<\/p>\t\t\n\t\t<h4>About<\/h4><p>Ewebot have much planned for the future, working with great clients and continued software development.<\/p>\t\t\n\t\t\t\t\t<a target=\"_blank\" rel=\"noopener\">\n\t\t\t\t\t\tTwitter\n\t\t\t\t\t\t\t\t\t\t\t<\/a>\n\t\t\t\t\t<a target=\"_blank\" rel=\"noopener\">\n\t\t\t\t\t\tFacebook-f\n\t\t\t\t\t\t\t\t\t\t\t<\/a>\n\t\t\t\t\t<a target=\"_blank\" rel=\"noopener\">\n\t\t\t\t\t\tGoogle-plus-g\n\t\t\t\t\t\t\t\t\t\t\t<\/a>\n\t\t\t\t\t<a target=\"_blank\" rel=\"noopener\">\n\t\t\t\t\t\tPinterest-p\n\t\t\t\t\t\t\t\t\t\t\t<\/a>\n\t\t\t\t\t<a target=\"_blank\" rel=\"noopener\">\n\t\t\t\t\t\tLinkedin-in\n\t\t\t\t\t\t\t\t\t\t\t<\/a>\n\t\t<h4>Services<\/h4>\t\t\n\t\t\t<nav>\n\t\t\t\t<ul id=\"menu-services\"><li id=\"menu-item-4114\"><a href=\"#\">SEO Marketing<\/a><\/li>\n<li id=\"menu-item-4115\"><a href=\"#\">SEO Services<\/a><\/li>\n<li id=\"menu-item-4116\"><a href=\"#\">Pay Per Click<\/a><\/li>\n<li id=\"menu-item-4117\"><a href=\"#\">Social Media<\/a><\/li>\n<li id=\"menu-item-4118\"><a href=\"#\">SEO Audit<\/a><\/li>\n<\/ul>\t\t\t<\/nav>\n\t\t<h4>Community<\/h4>\t\t\n\t\t\t<nav>\n\t\t\t\t<ul id=\"menu-community\"><li id=\"menu-item-4119\"><a href=\"#\">Our Product<\/a><\/li>\n<li id=\"menu-item-4120\"><a href=\"#\">Documentation<\/a><\/li>\n<li id=\"menu-item-4121\"><a href=\"#\">Our Services<\/a><\/li>\n<li id=\"menu-item-4122\"><a href=\"#\">Company<\/a><\/li>\n<li id=\"menu-item-4123\"><a href=\"#\">What We Do?<\/a><\/li>\n<\/ul>\t\t\t<\/nav>\n\t\t<h4>Quick Links<\/h4>\t\t\n\t\t\t<nav>\n\t\t\t\t<ul id=\"menu-quick-links\"><li id=\"menu-item-1517\"><a href=\"https:\/\/livewp.site\/wp\/md\/ewebot\/home-02\/\">Home<\/a><\/li>\n<li id=\"menu-item-1518\"><a href=\"https:\/\/livewp.site\/wp\/md\/ewebot\/about-us\/\">About Us<\/a><\/li>\n<li id=\"menu-item-1519\"><a href=\"https:\/\/livewp.site\/wp\/md\/ewebot\/services\/\">Main Services<\/a><\/li>\n<li id=\"menu-item-1490\"><a href=\"https:\/\/livewp.site\/wp\/md\/ewebot\/pricing-plans\/\">Pricing<\/a><\/li>\n<li id=\"menu-item-1491\"><a href=\"https:\/\/livewp.site\/wp\/md\/ewebot\/our-case-studies\/\">Our Cases<\/a><\/li>\n<\/ul>\t\t\t<\/nav>\n\t\t<p style=\"text-align: left;\">\u00a9 2021 \u2014 Ewebot by GT3Themes. All Rights Reserved.<\/p>","post_excerpt":"","post_id":5442,"pubDate":"Mon, 01 Jun 2020 06:18:41 +0000","post_date":"2020-06-01 06:18:41","post_date_gmt":"2020-06-01 06:18:41","comment_status":"closed","ping_status":"closed","post_name":"footer-home-06","status":"publish","post_parent":0,"menu_order":0,"post_type":"elementor_library","post_password":"","is_sticky":0,"terms":[61],"postmeta":[{"meta_key":"_elementor_edit_mode","meta_value":"builder"},{"meta_key":"_elementor_template_type","meta_value":"wpda-footer"},{"meta_key":"_elementor_version","meta_value":"3.0.16"},{"meta_key":"_edit_lock","meta_value":"1628252225:3"},{"meta_key":"_wp_page_template","meta_value":"default"},{"meta_key":"_elementor_data","meta_value":"[{\"id\":\"1dbf75f\",\"elType\":\"section\",\"settings\":{\"background_background\":\"classic\",\"background_position\":\"center center\",\"background_repeat\":\"no-repeat\",\"background_size\":\"cover\",\"background_color\":\"#323B43\"},\"elements\":[{\"id\":\"4bdadc9\",\"elType\":\"column\",\"settings\":{\"_column_size\":\"100\",\"gt3_carousel_nav_prev\":\"Prev\",\"gt3_carousel_nav_next\":\"Next\",\"space_between_widgets\":\"0\",\"space_between_widgets_mobile\":\"0\"},\"elements\":[{\"id\":\"92f60b8\",\"elType\":\"section\",\"settings\":{\"content_position\":\"middle\",\"heading_color\":\"#FFFFFF\",\"color_text\":\"#F0F0F0\",\"color_link\":\"#F0F0F0\",\"color_link_hover\":\"#F47514\",\"text_align\":\"left\",\"structure\":\"20\",\"border_border\":\"solid\",\"border_width\":{\"unit\":\"px\",\"top\":\"0\",\"right\":\"0\",\"bottom\":\"1\",\"left\":\"0\",\"isLinked\":\"\"},\"border_color\":\"rgba(255, 255, 255, 0.1)\"},\"elements\":[{\"id\":\"8ffed6a\",\"elType\":\"column\",\"settings\":{\"_column_size\":\"50\",\"gt3_carousel_nav_prev\":\"Prev\",\"gt3_carousel_nav_next\":\"Next\",\"space_between_widgets\":\"0\",\"_inline_size_tablet\":\"24\",\"content_position_mobile\":\"center\",\"align_mobile\":\"center\",\"space_between_widgets_mobile\":\"0\",\"_inline_size\":\"30\"},\"elements\":[{\"id\":\"b3e20d5\",\"elType\":\"widget\",\"settings\":{\"space\":{\"unit\":\"px\",\"size\":\"30\",\"sizes\":[]}},\"elements\":[],\"widgetType\":\"spacer\"},{\"id\":\"b146831\",\"elType\":\"widget\",\"settings\":{\"header_logo\":{\"url\":\"https:\\\/\\\/livewp.site\\\/wp\\\/md\\\/ewebot\\\/wp-content\\\/uploads\\\/sites\\\/64\\\/2019\\\/08\\\/logo_retina.png\",\"id\":\"1455\"},\"logo_height_custom\":\"yes\",\"logo_height\":{\"unit\":\"px\",\"size\":\"48\",\"sizes\":[]},\"align_mobile\":\"center\"},\"elements\":[],\"widgetType\":\"wpda-header-logo\"},{\"id\":\"8a1a091\",\"elType\":\"widget\",\"settings\":{\"space\":{\"unit\":\"px\",\"size\":\"20\",\"sizes\":[]},\"space_mobile\":{\"unit\":\"px\",\"size\":\"0\",\"sizes\":[]}},\"elements\":[],\"widgetType\":\"spacer\"}],\"isInner\":\"1\"},{\"id\":\"f97bf78\",\"elType\":\"column\",\"settings\":{\"_column_size\":\"50\",\"_inline_size\":\"70\",\"content_position\":\"top\",\"align\":\"flex-end\",\"space_between_widgets\":\"0\",\"gt3_carousel_nav_prev\":\"Prev\",\"gt3_carousel_nav_next\":\"Next\",\"_inline_size_tablet\":\"76\",\"_inline_size_mobile\":\"100\",\"space_between_widgets_mobile\":\"0\",\"padding_mobile\":{\"unit\":\"px\",\"top\":\"0\",\"right\":\"0\",\"bottom\":\"0\",\"left\":\"0\",\"isLinked\":\"1\"}},\"elements\":[{\"id\":\"e295d92\",\"elType\":\"widget\",\"settings\":{\"space\":{\"unit\":\"px\",\"size\":\"35\",\"sizes\":[]},\"space_mobile\":{\"unit\":\"px\",\"size\":\"0\",\"sizes\":[]}},\"elements\":[],\"widgetType\":\"spacer\"},{\"id\":\"22083c7\",\"elType\":\"widget\",\"settings\":{\"image\":{\"url\":\"https:\\\/\\\/livewp.site\\\/wp\\\/md\\\/ewebot\\\/wp-content\\\/uploads\\\/sites\\\/64\\\/2019\\\/08\\\/img_box_29.png\",\"id\":\"1444\"},\"title_text\":\"8 800 2534 236\",\"description_text\":\"email@yoursite.com\",\"default_position\":\"left\",\"image_space\":{\"unit\":\"px\",\"top\":\"0\",\"right\":\"17\",\"bottom\":\"0\",\"left\":\"0\",\"isLinked\":\"\"},\"image_size\":{\"unit\":\"px\",\"size\":\"38\",\"sizes\":[]},\"title_bottom_space\":{\"unit\":\"px\",\"size\":\"0\",\"sizes\":[]},\"title_color\":\"#FFFFFF\",\"title_typography_typography\":\"custom\",\"title_typography_font_size\":{\"unit\":\"px\",\"size\":\"18\",\"sizes\":[]},\"title_typography_font_weight\":\"400\",\"description_color\":\"#FFFFFF\",\"description_typography_typography\":\"custom\",\"description_typography_font_family\":\"Rubik\",\"description_typography_font_size\":{\"unit\":\"px\",\"size\":\"16\",\"sizes\":[]},\"description_typography_font_weight\":\"400\",\"_margin\":{\"unit\":\"px\",\"top\":\"0\",\"right\":\"62\",\"bottom\":\"9\",\"left\":\"0\",\"isLinked\":\"\"},\"_element_width\":\"auto\",\"_element_width_tablet\":\"auto\",\"title_typography_line_height\":{\"unit\":\"px\",\"size\":\"30\",\"sizes\":[]},\"_element_width_mobile\":\"inherit\"},\"elements\":[],\"widgetType\":\"gt3-core-imagebox\"},{\"id\":\"d1df862\",\"elType\":\"widget\",\"settings\":{\"image\":{\"url\":\"https:\\\/\\\/livewp.site\\\/wp\\\/md\\\/ewebot\\\/wp-content\\\/uploads\\\/sites\\\/64\\\/2019\\\/08\\\/img_box_30.png\",\"id\":\"1445\"},\"title_text\":\"\",\"description_text\":\"27 Division St, New York, NY<br>\\n10002, United States\",\"default_position\":\"left\",\"image_space\":{\"unit\":\"px\",\"top\":\"0\",\"right\":\"18\",\"bottom\":\"0\",\"left\":\"0\",\"isLinked\":\"\"},\"image_size\":{\"unit\":\"px\",\"size\":\"48\",\"sizes\":[]},\"title_bottom_space\":{\"unit\":\"px\",\"size\":\"2\",\"sizes\":[]},\"title_color\":\"#FFFFFF\",\"title_typography_font_size\":{\"unit\":\"px\",\"size\":\"18\",\"sizes\":[]},\"title_typography_font_weight\":\"400\",\"description_color\":\"#FFFFFF\",\"description_typography_typography\":\"custom\",\"description_typography_font_family\":\"Rubik\",\"description_typography_font_size\":{\"unit\":\"px\",\"size\":\"16\",\"sizes\":[]},\"description_typography_font_weight\":\"400\",\"description_typography_line_height\":{\"unit\":\"px\",\"size\":\"\",\"sizes\":[]},\"_margin\":{\"unit\":\"px\",\"top\":\"0\",\"right\":\"0\",\"bottom\":\"13\",\"left\":\"0\",\"isLinked\":\"\"},\"_element_width\":\"auto\",\"_element_width_tablet\":\"auto\",\"_element_width_mobile\":\"inherit\"},\"elements\":[],\"widgetType\":\"gt3-core-imagebox\"}],\"isInner\":\"1\"}],\"isInner\":\"1\"},{\"id\":\"9acc0cd\",\"elType\":\"section\",\"settings\":{\"structure\":\"40\",\"heading_color\":\"#FFFFFF\",\"color_text\":\"#F0F0F0\",\"color_link\":\"#F0F0F0\",\"color_link_hover\":\"#F47514\"},\"elements\":[{\"id\":\"e739755\",\"elType\":\"column\",\"settings\":{\"_column_size\":\"25\",\"gt3_carousel_nav_prev\":\"Prev\",\"gt3_carousel_nav_next\":\"Next\",\"space_between_widgets\":\"0\"},\"elements\":[{\"id\":\"00b82ef\",\"elType\":\"widget\",\"settings\":{\"space\":{\"unit\":\"px\",\"size\":\"35\",\"sizes\":[]}},\"elements\":[],\"widgetType\":\"spacer\"},{\"id\":\"adb2469\",\"elType\":\"widget\",\"settings\":{\"editor\":\"<h4>About<\\\/h4>\",\"text_color\":\"#FFFFFF\",\"typography_typography\":\"custom\",\"typography_font_size\":{\"unit\":\"px\",\"size\":\"20\",\"sizes\":[]},\"typography_font_weight\":\"800\",\"typography_line_height\":{\"unit\":\"px\",\"size\":\"26\",\"sizes\":[]},\"typography_letter_spacing\":{\"unit\":\"px\",\"size\":\"0\",\"sizes\":[]},\"_margin\":{\"unit\":\"px\",\"top\":\"0\",\"right\":\"0\",\"bottom\":\"23\",\"left\":\"0\",\"isLinked\":\"\"}},\"elements\":[],\"widgetType\":\"text-editor\"},{\"id\":\"1737017\",\"elType\":\"widget\",\"settings\":{\"editor\":\"<p>Ewebot have much planned for the future, working with great clients and continued software development.<\\\/p>\",\"typography_typography\":\"custom\",\"typography_font_size\":{\"unit\":\"px\",\"size\":\"16\",\"sizes\":[]},\"typography_line_height\":{\"unit\":\"px\",\"size\":\"\",\"sizes\":[]},\"_margin\":{\"unit\":\"px\",\"top\":\"0\",\"right\":\"20\",\"bottom\":\"33\",\"left\":\"0\",\"isLinked\":\"\"}},\"elements\":[],\"widgetType\":\"text-editor\"},{\"id\":\"b499821\",\"elType\":\"widget\",\"settings\":{\"social_icon_list\":[{\"social_icon\":{\"value\":\"fab fa-twitter\",\"library\":\"fa-brands\"},\"_id\":\"91c0e5f\"},{\"social_icon\":{\"value\":\"fab fa-facebook-f\",\"library\":\"fa-brands\"},\"_id\":\"5ffa149\"},{\"social_icon\":{\"value\":\"fab fa-google-plus-g\",\"library\":\"fa-brands\"},\"_id\":\"affb931\"},{\"social_icon\":{\"value\":\"fab fa-pinterest-p\",\"library\":\"fa-brands\"},\"_id\":\"473615c\"},{\"social_icon\":{\"value\":\"fab fa-linkedin-in\",\"library\":\"fa-brands\"},\"_id\":\"ababeec\"}],\"shape\":\"square\",\"align\":\"left\",\"icon_color\":\"custom\",\"icon_primary_color\":\"rgba(240, 240, 240, 0)\",\"icon_secondary_color\":\"#F0F0F0\",\"icon_size\":{\"unit\":\"px\",\"size\":\"16\",\"sizes\":[]},\"icon_padding\":{\"unit\":\"em\",\"size\":\"0\",\"sizes\":[]},\"icon_spacing\":{\"unit\":\"px\",\"size\":\"18\",\"sizes\":[]},\"hover_secondary_color\":\"#F46E15\",\"_margin\":{\"unit\":\"px\",\"top\":\"0\",\"right\":\"0\",\"bottom\":\"0\",\"left\":\"0\",\"isLinked\":false}},\"elements\":[],\"widgetType\":\"social-icons\"}],\"isInner\":\"1\"},{\"id\":\"0d2fe15\",\"elType\":\"column\",\"settings\":{\"_column_size\":\"25\",\"gt3_carousel_nav_prev\":\"Prev\",\"gt3_carousel_nav_next\":\"Next\",\"space_between_widgets\":\"0\"},\"elements\":[{\"id\":\"f7084e9\",\"elType\":\"widget\",\"settings\":{\"space\":{\"unit\":\"px\",\"size\":\"35\",\"sizes\":[]}},\"elements\":[],\"widgetType\":\"spacer\"},{\"id\":\"cbe8226\",\"elType\":\"widget\",\"settings\":{\"editor\":\"<h4>Services<\\\/h4>\",\"text_color\":\"#FFFFFF\",\"typography_typography\":\"custom\",\"typography_font_size\":{\"unit\":\"px\",\"size\":\"20\",\"sizes\":[]},\"typography_font_weight\":\"800\",\"typography_line_height\":{\"unit\":\"px\",\"size\":\"26\",\"sizes\":[]},\"typography_letter_spacing\":{\"unit\":\"px\",\"size\":\"0\",\"sizes\":[]},\"_margin\":{\"unit\":\"px\",\"top\":\"0\",\"right\":\"0\",\"bottom\":\"10\",\"left\":\"0\",\"isLinked\":\"\"}},\"elements\":[],\"widgetType\":\"text-editor\"},{\"id\":\"042fd87\",\"elType\":\"widget\",\"settings\":{\"menu_select\":\"services\",\"align\":\"left\",\"_margin\":{\"unit\":\"px\",\"top\":\"0\",\"right\":\"0\",\"bottom\":\"34\",\"left\":\"0\",\"isLinked\":\"\"}},\"elements\":[],\"widgetType\":\"wpda-builder-menu\"}],\"isInner\":\"1\"},{\"id\":\"8831408\",\"elType\":\"column\",\"settings\":{\"_column_size\":\"25\",\"gt3_carousel_nav_prev\":\"Prev\",\"gt3_carousel_nav_next\":\"Next\",\"space_between_widgets\":\"0\"},\"elements\":[{\"id\":\"5619b5b\",\"elType\":\"widget\",\"settings\":{\"space\":{\"unit\":\"px\",\"size\":\"35\",\"sizes\":[]}},\"elements\":[],\"widgetType\":\"spacer\"},{\"id\":\"d164541\",\"elType\":\"widget\",\"settings\":{\"editor\":\"<h4>Community<\\\/h4>\",\"text_color\":\"#FFFFFF\",\"typography_typography\":\"custom\",\"typography_font_size\":{\"unit\":\"px\",\"size\":\"20\",\"sizes\":[]},\"typography_font_weight\":\"800\",\"typography_line_height\":{\"unit\":\"px\",\"size\":\"26\",\"sizes\":[]},\"typography_letter_spacing\":{\"unit\":\"px\",\"size\":\"0\",\"sizes\":[]},\"_margin\":{\"unit\":\"px\",\"top\":\"0\",\"right\":\"0\",\"bottom\":\"10\",\"left\":\"0\",\"isLinked\":\"\"}},\"elements\":[],\"widgetType\":\"text-editor\"},{\"id\":\"74a505e\",\"elType\":\"widget\",\"settings\":{\"menu_select\":\"community\",\"align\":\"left\",\"_margin\":{\"unit\":\"px\",\"top\":\"0\",\"right\":\"0\",\"bottom\":\"34\",\"left\":\"0\",\"isLinked\":\"\"}},\"elements\":[],\"widgetType\":\"wpda-builder-menu\"}],\"isInner\":\"1\"},{\"id\":\"1877cb7\",\"elType\":\"column\",\"settings\":{\"_column_size\":\"25\",\"gt3_carousel_nav_prev\":\"Prev\",\"gt3_carousel_nav_next\":\"Next\",\"space_between_widgets\":\"0\"},\"elements\":[{\"id\":\"0931d2c\",\"elType\":\"widget\",\"settings\":{\"space\":{\"unit\":\"px\",\"size\":\"35\",\"sizes\":[]}},\"elements\":[],\"widgetType\":\"spacer\"},{\"id\":\"ab218d7\",\"elType\":\"widget\",\"settings\":{\"editor\":\"<h4>Quick Links<\\\/h4>\",\"text_color\":\"#FFFFFF\",\"typography_typography\":\"custom\",\"typography_font_size\":{\"unit\":\"px\",\"size\":\"20\",\"sizes\":[]},\"typography_font_weight\":\"800\",\"typography_line_height\":{\"unit\":\"px\",\"size\":\"26\",\"sizes\":[]},\"typography_letter_spacing\":{\"unit\":\"px\",\"size\":\"0\",\"sizes\":[]},\"_margin\":{\"unit\":\"px\",\"top\":\"0\",\"right\":\"0\",\"bottom\":\"10\",\"left\":\"0\",\"isLinked\":\"\"}},\"elements\":[],\"widgetType\":\"text-editor\"},{\"id\":\"adda6e1\",\"elType\":\"widget\",\"settings\":{\"menu_select\":\"quick-links\",\"align\":\"left\",\"_padding\":{\"unit\":\"px\",\"top\":\"0\",\"right\":\"0\",\"bottom\":\"34\",\"left\":\"0\",\"isLinked\":\"\"}},\"elements\":[],\"widgetType\":\"wpda-builder-menu\"}],\"isInner\":\"1\"}],\"isInner\":\"1\"}],\"isInner\":\"\"}],\"isInner\":\"\"},{\"id\":\"0fa37e9\",\"elType\":\"section\",\"settings\":{\"content_position\":\"middle\",\"background_background\":\"classic\",\"background_color\":\"#2D363D\"},\"elements\":[{\"id\":\"ab2a59b\",\"elType\":\"column\",\"settings\":{\"_column_size\":\"100\",\"space_between_widgets\":\"0\",\"gt3_carousel_nav_prev\":\"Prev\",\"gt3_carousel_nav_next\":\"Next\"},\"elements\":[{\"id\":\"57af9a9\",\"elType\":\"widget\",\"settings\":{\"space\":{\"unit\":\"px\",\"size\":\"22\",\"sizes\":[]}},\"elements\":[],\"widgetType\":\"spacer\"},{\"id\":\"31fade6\",\"elType\":\"widget\",\"settings\":{\"editor\":\"<p style=\\\"text-align: left;\\\">\\u00a9 2021 \\u2014 Ewebot by GT3Themes. All Rights Reserved.<\\\/p>\",\"text_color\":\"#F0F0F0\",\"typography_typography\":\"custom\",\"typography_font_size\":{\"unit\":\"px\",\"size\":\"14\",\"sizes\":[]},\"typography_line_height\":{\"unit\":\"em\",\"size\":\"1.4\",\"sizes\":[]}},\"elements\":[],\"widgetType\":\"text-editor\"},{\"id\":\"d202b3b\",\"elType\":\"widget\",\"settings\":{\"space\":{\"unit\":\"px\",\"size\":\"20\",\"sizes\":[]}},\"elements\":[],\"widgetType\":\"spacer\"}],\"isInner\":\"\"}],\"isInner\":\"\"}]"},{"meta_key":"_elementor_controls_usage","meta_value":"a:5:{s:6:\"spacer\";a:3:{s:5:\"count\";i:9;s:15:\"control_percent\";i:0;s:8:\"controls\";a:1:{s:7:\"content\";a:1:{s:14:\"section_spacer\";a:2:{s:5:\"space\";i:9;s:12:\"space_mobile\";i:2;}}}}s:6:\"column\";a:3:{s:5:\"count\";i:8;s:15:\"control_percent\";i:0;s:8:\"controls\";a:2:{s:6:\"layout\";a:1:{s:6:\"layout\";a:9:{s:21:\"space_between_widgets\";i:8;s:19:\"_inline_size_tablet\";i:2;s:23:\"content_position_mobile\";i:1;s:12:\"align_mobile\";i:1;s:28:\"space_between_widgets_mobile\";i:3;s:12:\"_inline_size\";i:2;s:16:\"content_position\";i:1;s:5:\"align\";i:1;s:19:\"_inline_size_mobile\";i:1;}}s:8:\"advanced\";a:1:{s:16:\"section_advanced\";a:1:{s:14:\"padding_mobile\";i:1;}}}}s:7:\"section\";a:3:{s:5:\"count\";i:4;s:15:\"control_percent\";i:1;s:8:\"controls\";a:2:{s:6:\"layout\";a:2:{s:14:\"section_layout\";a:1:{s:16:\"content_position\";i:2;}s:17:\"section_structure\";a:1:{s:9:\"structure\";i:2;}}s:5:\"style\";a:3:{s:12:\"section_typo\";a:5:{s:13:\"heading_color\";i:2;s:10:\"color_text\";i:2;s:10:\"color_link\";i:2;s:16:\"color_link_hover\";i:2;s:10:\"text_align\";i:1;}s:14:\"section_border\";a:3:{s:13:\"border_border\";i:1;s:12:\"border_width\";i:1;s:12:\"border_color\";i:1;}s:18:\"section_background\";a:5:{s:21:\"background_background\";i:2;s:19:\"background_position\";i:1;s:17:\"background_repeat\";i:1;s:15:\"background_size\";i:1;s:16:\"background_color\";i:2;}}}}s:11:\"text-editor\";a:3:{s:5:\"count\";i:6;s:15:\"control_percent\";i:2;s:8:\"controls\";a:3:{s:7:\"content\";a:1:{s:14:\"section_editor\";a:1:{s:6:\"editor\";i:6;}}s:5:\"style\";a:1:{s:13:\"section_style\";a:6:{s:10:\"text_color\";i:5;s:21:\"typography_typography\";i:6;s:20:\"typography_font_size\";i:6;s:22:\"typography_font_weight\";i:4;s:22:\"typography_line_height\";i:6;s:25:\"typography_letter_spacing\";i:4;}}s:8:\"advanced\";a:1:{s:14:\"_section_style\";a:1:{s:7:\"_margin\";i:5;}}}}s:12:\"social-icons\";a:3:{s:5:\"count\";i:1;s:15:\"control_percent\";i:4;s:8:\"controls\";a:3:{s:7:\"content\";a:1:{s:19:\"section_social_icon\";a:3:{s:16:\"social_icon_list\";i:1;s:5:\"shape\";i:1;s:5:\"align\";i:1;}}s:5:\"style\";a:2:{s:20:\"section_social_style\";a:6:{s:10:\"icon_color\";i:1;s:18:\"icon_primary_color\";i:1;s:20:\"icon_secondary_color\";i:1;s:9:\"icon_size\";i:1;s:12:\"icon_padding\";i:1;s:12:\"icon_spacing\";i:1;}s:20:\"section_social_hover\";a:1:{s:21:\"hover_secondary_color\";i:1;}}s:8:\"advanced\";a:1:{s:14:\"_section_style\";a:1:{s:7:\"_margin\";i:1;}}}}}"}],"comments":[],"media":[1455,1444,1445]}