{"post_title":"home6_blog_bg","guid":"https:\/\/livewp.site\/wp\/md\/ewebot\/home-06\/home6_blog_bg\/","post_author":"","post_content":"","post_excerpt":"","post_id":5467,"pubDate":"Mon, 01 Jun 2020 07:25:37 +0000","post_date":"2020-06-01 07:25:37","post_date_gmt":"2020-06-01 07:25:37","comment_status":"open","ping_status":"closed","post_name":"home6_blog_bg","status":"inherit","post_parent":5197,"menu_order":0,"post_type":"attachment","post_password":"","is_sticky":0,"terms":[],"postmeta":[{"meta_key":"_wp_attached_file","meta_value":"2020\/06\/home6_blog_bg.png"},{"meta_key":"_wp_attachment_metadata","meta_value":"a:5:{s:5:\"width\";i:1920;s:6:\"height\";i:578;s:4:\"file\";s:25:\"2020\/06\/home6_blog_bg.png\";s:5:\"sizes\";a:11:{s:6:\"medium\";a:4:{s:4:\"file\";s:24:\"home6_blog_bg-300x90.png\";s:5:\"width\";i:300;s:6:\"height\";i:90;s:9:\"mime-type\";s:9:\"image\/png\";}s:5:\"large\";a:4:{s:4:\"file\";s:26:\"home6_blog_bg-1024x308.png\";s:5:\"width\";i:1024;s:6:\"height\";i:308;s:9:\"mime-type\";s:9:\"image\/png\";}s:9:\"thumbnail\";a:4:{s:4:\"file\";s:25:\"home6_blog_bg-150x150.png\";s:5:\"width\";i:150;s:6:\"height\";i:150;s:9:\"mime-type\";s:9:\"image\/png\";}s:12:\"medium_large\";a:4:{s:4:\"file\";s:25:\"home6_blog_bg-768x231.png\";s:5:\"width\";i:768;s:6:\"height\";i:231;s:9:\"mime-type\";s:9:\"image\/png\";}s:9:\"1536x1536\";a:4:{s:4:\"file\";s:26:\"home6_blog_bg-1536x462.png\";s:5:\"width\";i:1536;s:6:\"height\";i:462;s:9:\"mime-type\";s:9:\"image\/png\";}s:21:\"woocommerce_thumbnail\";a:5:{s:4:\"file\";s:25:\"home6_blog_bg-300x400.png\";s:5:\"width\";i:300;s:6:\"height\";i:400;s:9:\"mime-type\";s:9:\"image\/png\";s:9:\"uncropped\";b:0;}s:18:\"woocommerce_single\";a:4:{s:4:\"file\";s:26:\"home6_blog_bg-1200x361.png\";s:5:\"width\";i:1200;s:6:\"height\";i:361;s:9:\"mime-type\";s:9:\"image\/png\";}s:29:\"woocommerce_gallery_thumbnail\";a:4:{s:4:\"file\";s:25:\"home6_blog_bg-400x400.png\";s:5:\"width\";i:400;s:6:\"height\";i:400;s:9:\"mime-type\";s:9:\"image\/png\";}s:12:\"shop_catalog\";a:4:{s:4:\"file\";s:25:\"home6_blog_bg-300x400.png\";s:5:\"width\";i:300;s:6:\"height\";i:400;s:9:\"mime-type\";s:9:\"image\/png\";}s:11:\"shop_single\";a:4:{s:4:\"file\";s:26:\"home6_blog_bg-1200x361.png\";s:5:\"width\";i:1200;s:6:\"height\";i:361;s:9:\"mime-type\";s:9:\"image\/png\";}s:14:\"shop_thumbnail\";a:4:{s:4:\"file\";s:25:\"home6_blog_bg-400x400.png\";s:5:\"width\";i:400;s:6:\"height\";i:400;s:9:\"mime-type\";s:9:\"image\/png\";}}s:10:\"image_meta\";a:12:{s:8:\"aperture\";s:1:\"0\";s:6:\"credit\";s:0:\"\";s:6:\"camera\";s:0:\"\";s:7:\"caption\";s:0:\"\";s:17:\"created_timestamp\";s:1:\"0\";s:9:\"copyright\";s:0:\"\";s:12:\"focal_length\";s:1:\"0\";s:3:\"iso\";s:1:\"0\";s:13:\"shutter_speed\";s:1:\"0\";s:5:\"title\";s:0:\"\";s:11:\"orientation\";s:1:\"0\";s:8:\"keywords\";a:0:{}}}"}],"comments":[],"media":[],"attachment_url":"https:\/\/livewp.site\/wp\/md\/ewebot\/wp-content\/uploads\/sites\/64\/2020\/06\/home6_blog_bg.png"}