{"post_title":"Footer Home 07","guid":"https:\/\/livewp.site\/wp\/md\/ewebot\/?elementor_library=footer-home-07","post_author":"","post_content":"<img width=\"298\" height=\"96\" src=\"https:\/\/livewp.site\/wp\/md\/ewebot\/wp-content\/uploads\/sites\/64\/2019\/08\/logo_retinablack.png\" alt=\"\" loading=\"lazy\" title=\"logo_retina(black)\" \/>\t\t\t\t\t\t\t\t\t\t\t\n\t\t<p>Ewebot have much planned for the future, working with great clients and continued software development.<\/p>\t\t\n\t\t\t\t\t<a target=\"_blank\" rel=\"noopener\">\n\t\t\t\t\t\tTwitter\n\t\t\t\t\t\t\t\t\t\t\t<\/a>\n\t\t\t\t\t<a target=\"_blank\" rel=\"noopener\">\n\t\t\t\t\t\tFacebook-f\n\t\t\t\t\t\t\t\t\t\t\t<\/a>\n\t\t\t\t\t<a target=\"_blank\" rel=\"noopener\">\n\t\t\t\t\t\tGoogle-plus-g\n\t\t\t\t\t\t\t\t\t\t\t<\/a>\n\t\t\t\t\t<a target=\"_blank\" rel=\"noopener\">\n\t\t\t\t\t\tPinterest-p\n\t\t\t\t\t\t\t\t\t\t\t<\/a>\n\t\t\t\t\t<a target=\"_blank\" rel=\"noopener\">\n\t\t\t\t\t\tLinkedin-in\n\t\t\t\t\t\t\t\t\t\t\t<\/a>\n\t\t<h4>Contacts<\/h4><p><a style=\"font-size: 18px; color: #5747e4; margin-right: 9px;\" href=\"#\" target=\"_blank\" rel=\"noopener noreferrer\" data-color=\"#5747e4\" data-hover-color=\"#f47215\"><i style=\"font-weight: bold;\"> <\/i><\/a> 8 800 2563 123<\/p><p><a style=\"font-size: 18px; color: #5747e4; margin-right: 5px; margin-top: 0px;\" href=\"#\" target=\"_blank\" rel=\"noopener noreferrer\" data-color=\"#5747e4\" data-hover-color=\"#f47215\"><i> <\/i><\/a> emil@yoursite.com<\/p><p><a style=\"font-size: 17px; margin-top: 7px; margin-right: 15px; margin-bottom: 20px; float: left; color: #5747e4;\" href=\"#\" target=\"_blank\" rel=\"noopener noreferrer\" data-color=\"#5747e4\" data-hover-color=\"#f47215\"><img src=\"https:\/\/livewp.site\/wp\/md\/ewebot\/wp-content\/uploads\/sites\/64\/2019\/09\/map_point.png\" alt=\"\" width=\"12\" height=\"17\" \/><\/a> 27 Division St, New York, NY 10002, United States<\/p>\t\t\n\t\t<h4>Services<\/h4>\t\t\n\t\t\t<nav>\n\t\t\t\t<ul id=\"menu-services\"><li id=\"menu-item-4114\"><a href=\"#\">SEO Marketing<\/a><\/li>\n<li id=\"menu-item-4115\"><a href=\"#\">SEO Services<\/a><\/li>\n<li id=\"menu-item-4116\"><a href=\"#\">Pay Per Click<\/a><\/li>\n<li id=\"menu-item-4117\"><a href=\"#\">Social Media<\/a><\/li>\n<li id=\"menu-item-4118\"><a href=\"#\">SEO Audit<\/a><\/li>\n<\/ul>\t\t\t<\/nav>\n\t\t<h4>Community<\/h4>\t\t\n\t\t\t<nav>\n\t\t\t\t<ul id=\"menu-community\"><li id=\"menu-item-4119\"><a href=\"#\">Our Product<\/a><\/li>\n<li id=\"menu-item-4120\"><a href=\"#\">Documentation<\/a><\/li>\n<li id=\"menu-item-4121\"><a href=\"#\">Our Services<\/a><\/li>\n<li id=\"menu-item-4122\"><a href=\"#\">Company<\/a><\/li>\n<li id=\"menu-item-4123\"><a href=\"#\">What We Do?<\/a><\/li>\n<\/ul>\t\t\t<\/nav>\n\t\t<p>\u00a9 2021 \u2014 Ewebot by GT3Themes. All Rights Reserved.<\/p>","post_excerpt":"","post_id":5732,"pubDate":"Fri, 24 Jul 2020 07:45:25 +0000","post_date":"2020-07-24 07:45:25","post_date_gmt":"2020-07-24 07:45:25","comment_status":"closed","ping_status":"closed","post_name":"footer-home-07","status":"publish","post_parent":0,"menu_order":0,"post_type":"elementor_library","post_password":"","is_sticky":0,"terms":[61],"postmeta":[{"meta_key":"_elementor_edit_mode","meta_value":"builder"},{"meta_key":"_elementor_template_type","meta_value":"wpda-footer"},{"meta_key":"_elementor_version","meta_value":"3.0.16"},{"meta_key":"_edit_lock","meta_value":"1628252222:3"},{"meta_key":"_wp_page_template","meta_value":"default"},{"meta_key":"_elementor_data","meta_value":"[{\"id\":\"2ff30af\",\"elType\":\"section\",\"settings\":{\"background_background\":\"classic\",\"background_color\":\"#FFFCF6\",\"heading_color\":\"#3B3663\",\"color_text\":\"#696687\",\"color_link\":\"#696687\",\"color_link_hover\":\"#5747E4\",\"text_align\":\"left\",\"background_image\":{\"url\":\"https:\\\/\\\/livewp.site\\\/wp\\\/md\\\/ewebot\\\/wp-content\\\/uploads\\\/sites\\\/64\\\/2020\\\/07\\\/home7_bg03.jpg\",\"id\":6050},\"background_position\":\"center center\",\"background_repeat\":\"no-repeat\",\"background_size\":\"cover\"},\"elements\":[{\"id\":\"4467013\",\"elType\":\"column\",\"settings\":{\"_column_size\":\"100\",\"gt3_carousel_nav_prev\":\"Prev\",\"gt3_carousel_nav_next\":\"Next\"},\"elements\":[{\"id\":\"b8a9eba\",\"elType\":\"section\",\"settings\":{\"structure\":\"40\",\"heading_color\":\"#FFFFFF\",\"color_text\":\"#F0F0F0\",\"color_link\":\"#F0F0F0\",\"color_link_hover\":\"#F47514\"},\"elements\":[{\"id\":\"496c236\",\"elType\":\"column\",\"settings\":{\"_column_size\":\"25\",\"gt3_carousel_nav_prev\":\"Prev\",\"gt3_carousel_nav_next\":\"Next\",\"space_between_widgets\":\"0\"},\"elements\":[{\"id\":\"691f993\",\"elType\":\"widget\",\"settings\":{\"space\":{\"unit\":\"px\",\"size\":\"60\",\"sizes\":[]}},\"elements\":[],\"widgetType\":\"spacer\"},{\"id\":\"fa0159b\",\"elType\":\"widget\",\"settings\":{\"image\":{\"url\":\"https:\\\/\\\/livewp.site\\\/wp\\\/md\\\/ewebot\\\/wp-content\\\/uploads\\\/sites\\\/64\\\/2019\\\/08\\\/logo_retinablack.png\",\"id\":\"1456\"},\"image_size\":\"full\",\"align\":\"left\",\"width\":{\"unit\":\"px\",\"size\":\"149\",\"sizes\":[]},\"_margin\":{\"unit\":\"px\",\"top\":\"0\",\"right\":\"0\",\"bottom\":\"27\",\"left\":\"0\",\"isLinked\":\"\"}},\"elements\":[],\"widgetType\":\"image\"},{\"id\":\"6072b5e\",\"elType\":\"widget\",\"settings\":{\"editor\":\"<p>Ewebot have much planned for the future, working with great clients and continued software development.<\\\/p>\",\"typography_typography\":\"custom\",\"typography_font_size\":{\"unit\":\"px\",\"size\":\"16\",\"sizes\":[]},\"typography_line_height\":{\"unit\":\"px\",\"size\":\"\",\"sizes\":[]},\"_margin\":{\"unit\":\"px\",\"top\":\"0\",\"right\":\"32\",\"bottom\":\"23\",\"left\":\"0\",\"isLinked\":\"\"},\"text_color\":\"#696687\",\"_margin_tablet\":{\"unit\":\"px\",\"top\":\"0\",\"right\":\"0\",\"bottom\":\"23\",\"left\":\"0\",\"isLinked\":\"\"},\"_margin_mobile\":{\"unit\":\"px\",\"top\":\"0\",\"right\":\"0\",\"bottom\":\"23\",\"left\":\"0\",\"isLinked\":\"\"}},\"elements\":[],\"widgetType\":\"text-editor\"},{\"id\":\"8c32242\",\"elType\":\"widget\",\"settings\":{\"social_icon_list\":[{\"social_icon\":{\"value\":\"fab fa-twitter\",\"library\":\"fa-brands\"},\"_id\":\"91c0e5f\",\"item_icon_color\":\"custom\",\"item_icon_primary_color\":\"rgba(255, 255, 255, 0)\",\"item_icon_secondary_color\":\"#00ACED\"},{\"social_icon\":{\"value\":\"fab fa-facebook-f\",\"library\":\"fa-brands\"},\"_id\":\"5ffa149\",\"item_icon_color\":\"custom\",\"item_icon_secondary_color\":\"#3B5998\"},{\"social_icon\":{\"value\":\"fab fa-google-plus-g\",\"library\":\"fa-brands\"},\"item_icon_color\":\"custom\",\"item_icon_secondary_color\":\"#F04B3F\",\"_id\":\"affb931\"},{\"social_icon\":{\"value\":\"fab fa-pinterest-p\",\"library\":\"fa-brands\"},\"item_icon_color\":\"custom\",\"item_icon_secondary_color\":\"#CB2027\",\"_id\":\"473615c\"},{\"social_icon\":{\"value\":\"fab fa-linkedin-in\",\"library\":\"fa-brands\"},\"_id\":\"ababeec\",\"item_icon_color\":\"custom\",\"item_icon_secondary_color\":\"#007BB6\"}],\"shape\":\"square\",\"align\":\"left\",\"icon_color\":\"custom\",\"icon_primary_color\":\"rgba(240, 240, 240, 0)\",\"icon_secondary_color\":\"#F0F0F0\",\"icon_size\":{\"unit\":\"px\",\"size\":\"16\",\"sizes\":[]},\"icon_padding\":{\"unit\":\"em\",\"size\":\"0\",\"sizes\":[]},\"icon_spacing\":{\"unit\":\"px\",\"size\":\"18\",\"sizes\":[]},\"hover_secondary_color\":\"#F46E15\",\"_margin\":{\"unit\":\"px\",\"top\":\"0\",\"right\":\"0\",\"bottom\":\"0\",\"left\":\"0\",\"isLinked\":false}},\"elements\":[],\"widgetType\":\"social-icons\"}],\"isInner\":\"1\"},{\"id\":\"a806e88\",\"elType\":\"column\",\"settings\":{\"_column_size\":\"25\",\"gt3_carousel_nav_prev\":\"Prev\",\"gt3_carousel_nav_next\":\"Next\",\"space_between_widgets\":\"0\"},\"elements\":[{\"id\":\"65dd2c8\",\"elType\":\"widget\",\"settings\":{\"space\":{\"unit\":\"px\",\"size\":\"74\",\"sizes\":[]},\"space_mobile\":{\"unit\":\"px\",\"size\":\"24\",\"sizes\":[]}},\"elements\":[],\"widgetType\":\"spacer\"},{\"id\":\"2e2e85c\",\"elType\":\"widget\",\"settings\":{\"editor\":\"<h4>Contacts<\\\/h4>\",\"text_color\":\"#3B3663\",\"typography_typography\":\"custom\",\"typography_font_size\":{\"unit\":\"px\",\"size\":\"20\",\"sizes\":[]},\"typography_font_weight\":\"800\",\"typography_line_height\":{\"unit\":\"px\",\"size\":\"26\",\"sizes\":[]},\"typography_letter_spacing\":{\"unit\":\"px\",\"size\":\"0\",\"sizes\":[]},\"_margin\":{\"unit\":\"px\",\"top\":\"0\",\"right\":\"0\",\"bottom\":\"30\",\"left\":\"0\",\"isLinked\":\"\"}},\"elements\":[],\"widgetType\":\"text-editor\"},{\"id\":\"15ede4b\",\"elType\":\"widget\",\"settings\":{\"editor\":\"<div class=\\\"textwidget\\\"><p><a class=\\\"gt3_icon_link gt3_custom_color\\\" style=\\\"font-size: 18px; color: #5747e4; margin-right: 9px;\\\" href=\\\"#\\\" target=\\\"_blank\\\" rel=\\\"noopener noreferrer\\\" data-color=\\\"#5747e4\\\" data-hover-color=\\\"#f47215\\\"><i class=\\\"fa fa-phone\\\" style=\\\"font-weight: bold;\\\"> <\\\/i><\\\/a> <span style=\\\"color: #5747e4;\\\">8 800 2563 123<\\\/span><\\\/p><p><a class=\\\"gt3_icon_link gt3_custom_color\\\" style=\\\"font-size: 18px; color: #5747e4; margin-right: 5px; margin-top: 0px;\\\" href=\\\"#\\\" target=\\\"_blank\\\" rel=\\\"noopener noreferrer\\\" data-color=\\\"#5747e4\\\" data-hover-color=\\\"#f47215\\\"><i class=\\\"fa fa-envelope\\\"> <\\\/i><\\\/a> emil@yoursite.com<\\\/p><p><a class=\\\"gt3_icon_link gt3_custom_color\\\" style=\\\"font-size: 17px; margin-top: 7px; margin-right: 15px; margin-bottom: 20px; float: left; color: #5747e4;\\\" href=\\\"#\\\" target=\\\"_blank\\\" rel=\\\"noopener noreferrer\\\" data-color=\\\"#5747e4\\\" data-hover-color=\\\"#f47215\\\"><img class=\\\"alignnone\\\" src=\\\"https:\\\/\\\/livewp.site\\\/wp\\\/md\\\/ewebot\\\/wp-content\\\/uploads\\\/sites\\\/64\\\/2019\\\/09\\\/map_point.png\\\" alt=\\\"\\\" width=\\\"12\\\" height=\\\"17\\\" \\\/><\\\/a> 27 Division St, New York, NY 10002, United States<\\\/p><\\\/div>\",\"align\":\"left\",\"text_color\":\"#696687\",\"typography_typography\":\"custom\",\"typography_font_size\":{\"unit\":\"px\",\"size\":\"16\",\"sizes\":[]},\"typography_line_height\":{\"unit\":\"px\",\"size\":\"21\",\"sizes\":[]}},\"elements\":[],\"widgetType\":\"text-editor\"}],\"isInner\":\"1\"},{\"id\":\"44d1e8f\",\"elType\":\"column\",\"settings\":{\"_column_size\":\"25\",\"gt3_carousel_nav_prev\":\"Prev\",\"gt3_carousel_nav_next\":\"Next\",\"space_between_widgets\":\"0\"},\"elements\":[{\"id\":\"2a0216f\",\"elType\":\"widget\",\"settings\":{\"space\":{\"unit\":\"px\",\"size\":\"74\",\"sizes\":[]},\"space_mobile\":{\"unit\":\"px\",\"size\":\"24\",\"sizes\":[]}},\"elements\":[],\"widgetType\":\"spacer\"},{\"id\":\"febfb72\",\"elType\":\"widget\",\"settings\":{\"editor\":\"<h4>Services<\\\/h4>\",\"text_color\":\"#3B3663\",\"typography_typography\":\"custom\",\"typography_font_size\":{\"unit\":\"px\",\"size\":\"20\",\"sizes\":[]},\"typography_font_weight\":\"800\",\"typography_line_height\":{\"unit\":\"px\",\"size\":\"26\",\"sizes\":[]},\"typography_letter_spacing\":{\"unit\":\"px\",\"size\":\"0\",\"sizes\":[]},\"_margin\":{\"unit\":\"px\",\"top\":\"0\",\"right\":\"0\",\"bottom\":\"21\",\"left\":\"0\",\"isLinked\":\"\"}},\"elements\":[],\"widgetType\":\"text-editor\"},{\"id\":\"b8c1dcd\",\"elType\":\"widget\",\"settings\":{\"menu_select\":\"services\",\"align\":\"left\",\"custom_settings\":\"yes\",\"menu_text_color\":\"#696687\",\"menu_text_color_active\":\"#5747E4\",\"spacing_between_items\":{\"unit\":\"px\",\"size\":\"\",\"sizes\":[]}},\"elements\":[],\"widgetType\":\"wpda-builder-menu\"}],\"isInner\":\"1\"},{\"id\":\"4b88201\",\"elType\":\"column\",\"settings\":{\"_column_size\":\"25\",\"gt3_carousel_nav_prev\":\"Prev\",\"gt3_carousel_nav_next\":\"Next\",\"space_between_widgets\":\"0\"},\"elements\":[{\"id\":\"2003a3a\",\"elType\":\"widget\",\"settings\":{\"space\":{\"unit\":\"px\",\"size\":\"74\",\"sizes\":[]},\"space_mobile\":{\"unit\":\"px\",\"size\":\"24\",\"sizes\":[]}},\"elements\":[],\"widgetType\":\"spacer\"},{\"id\":\"6d66d00\",\"elType\":\"widget\",\"settings\":{\"editor\":\"<h4>Community<\\\/h4>\",\"text_color\":\"#3B3663\",\"typography_typography\":\"custom\",\"typography_font_size\":{\"unit\":\"px\",\"size\":\"20\",\"sizes\":[]},\"typography_font_weight\":\"800\",\"typography_line_height\":{\"unit\":\"px\",\"size\":\"26\",\"sizes\":[]},\"typography_letter_spacing\":{\"unit\":\"px\",\"size\":\"0\",\"sizes\":[]},\"_margin\":{\"unit\":\"px\",\"top\":\"0\",\"right\":\"0\",\"bottom\":\"21\",\"left\":\"0\",\"isLinked\":\"\"}},\"elements\":[],\"widgetType\":\"text-editor\"},{\"id\":\"cc3c4f0\",\"elType\":\"widget\",\"settings\":{\"menu_select\":\"community\",\"align\":\"left\",\"custom_settings\":\"yes\",\"menu_text_color\":\"#696687\",\"menu_text_color_active\":\"#5747E4\"},\"elements\":[],\"widgetType\":\"wpda-builder-menu\"}],\"isInner\":\"1\"}],\"isInner\":\"1\"},{\"id\":\"874e9e4\",\"elType\":\"widget\",\"settings\":{\"editor\":\"<p>\\u00a9 2021 \\u2014 Ewebot by GT3Themes. All Rights Reserved.<\\\/p>\",\"text_color\":\"#696687\",\"typography_typography\":\"custom\",\"typography_font_size\":{\"unit\":\"px\",\"size\":\"14\",\"sizes\":[]},\"typography_line_height\":{\"unit\":\"em\",\"size\":\"1.5\",\"sizes\":[]},\"_margin\":{\"unit\":\"px\",\"top\":\"41\",\"right\":\"0\",\"bottom\":\"38\",\"left\":\"0\",\"isLinked\":\"\"}},\"elements\":[],\"widgetType\":\"text-editor\"}],\"isInner\":\"\"}],\"isInner\":\"\"}]"},{"meta_key":"_elementor_controls_usage","meta_value":"a:6:{s:6:\"spacer\";a:3:{s:5:\"count\";i:4;s:15:\"control_percent\";i:1;s:8:\"controls\";a:1:{s:7:\"content\";a:1:{s:14:\"section_spacer\";a:2:{s:5:\"space\";i:4;s:12:\"space_mobile\";i:3;}}}}s:5:\"image\";a:3:{s:5:\"count\";i:1;s:15:\"control_percent\";i:2;s:8:\"controls\";a:3:{s:7:\"content\";a:1:{s:13:\"section_image\";a:3:{s:5:\"image\";i:1;s:10:\"image_size\";i:1;s:5:\"align\";i:1;}}s:5:\"style\";a:1:{s:19:\"section_style_image\";a:1:{s:5:\"width\";i:1;}}s:8:\"advanced\";a:1:{s:14:\"_section_style\";a:1:{s:7:\"_margin\";i:1;}}}}s:11:\"text-editor\";a:3:{s:5:\"count\";i:6;s:15:\"control_percent\";i:2;s:8:\"controls\";a:3:{s:7:\"content\";a:1:{s:14:\"section_editor\";a:1:{s:6:\"editor\";i:6;}}s:5:\"style\";a:1:{s:13:\"section_style\";a:7:{s:21:\"typography_typography\";i:6;s:20:\"typography_font_size\";i:6;s:22:\"typography_line_height\";i:6;s:10:\"text_color\";i:6;s:22:\"typography_font_weight\";i:3;s:25:\"typography_letter_spacing\";i:3;s:5:\"align\";i:1;}}s:8:\"advanced\";a:1:{s:14:\"_section_style\";a:3:{s:7:\"_margin\";i:5;s:14:\"_margin_tablet\";i:1;s:14:\"_margin_mobile\";i:1;}}}}s:12:\"social-icons\";a:3:{s:5:\"count\";i:1;s:15:\"control_percent\";i:4;s:8:\"controls\";a:3:{s:7:\"content\";a:1:{s:19:\"section_social_icon\";a:3:{s:16:\"social_icon_list\";i:1;s:5:\"shape\";i:1;s:5:\"align\";i:1;}}s:5:\"style\";a:2:{s:20:\"section_social_style\";a:6:{s:10:\"icon_color\";i:1;s:18:\"icon_primary_color\";i:1;s:20:\"icon_secondary_color\";i:1;s:9:\"icon_size\";i:1;s:12:\"icon_padding\";i:1;s:12:\"icon_spacing\";i:1;}s:20:\"section_social_hover\";a:1:{s:21:\"hover_secondary_color\";i:1;}}s:8:\"advanced\";a:1:{s:14:\"_section_style\";a:1:{s:7:\"_margin\";i:1;}}}}s:6:\"column\";a:3:{s:5:\"count\";i:5;s:15:\"control_percent\";i:0;s:8:\"controls\";a:1:{s:6:\"layout\";a:1:{s:6:\"layout\";a:1:{s:21:\"space_between_widgets\";i:4;}}}}s:7:\"section\";a:3:{s:5:\"count\";i:2;s:15:\"control_percent\";i:3;s:8:\"controls\";a:2:{s:6:\"layout\";a:1:{s:17:\"section_structure\";a:1:{s:9:\"structure\";i:1;}}s:5:\"style\";a:2:{s:12:\"section_typo\";a:5:{s:13:\"heading_color\";i:2;s:10:\"color_text\";i:2;s:10:\"color_link\";i:2;s:16:\"color_link_hover\";i:2;s:10:\"text_align\";i:1;}s:18:\"section_background\";a:6:{s:21:\"background_background\";i:1;s:16:\"background_color\";i:1;s:16:\"background_image\";i:1;s:19:\"background_position\";i:1;s:17:\"background_repeat\";i:1;s:15:\"background_size\";i:1;}}}}}"}],"comments":[],"media":[1456]}