{"post_title":"app_store","guid":"https:\/\/livewp.site\/wp\/md\/ewebot\/home-07\/app_store\/","post_author":"","post_content":"","post_excerpt":"","post_id":5892,"pubDate":"Mon, 27 Jul 2020 08:36:59 +0000","post_date":"2020-07-27 08:36:59","post_date_gmt":"2020-07-27 08:36:59","comment_status":"open","ping_status":"closed","post_name":"app_store","status":"inherit","post_parent":5766,"menu_order":0,"post_type":"attachment","post_password":"","is_sticky":0,"terms":[],"postmeta":[{"meta_key":"_wp_attached_file","meta_value":"2020\/07\/app_store.png"},{"meta_key":"_wp_attachment_metadata","meta_value":"a:5:{s:5:\"width\";i:392;s:6:\"height\";i:126;s:4:\"file\";s:21:\"2020\/07\/app_store.png\";s:5:\"sizes\";a:4:{s:6:\"medium\";a:4:{s:4:\"file\";s:20:\"app_store-300x96.png\";s:5:\"width\";i:300;s:6:\"height\";i:96;s:9:\"mime-type\";s:9:\"image\/png\";}s:9:\"thumbnail\";a:4:{s:4:\"file\";s:21:\"app_store-150x126.png\";s:5:\"width\";i:150;s:6:\"height\";i:126;s:9:\"mime-type\";s:9:\"image\/png\";}s:21:\"woocommerce_thumbnail\";a:5:{s:4:\"file\";s:21:\"app_store-300x126.png\";s:5:\"width\";i:300;s:6:\"height\";i:126;s:9:\"mime-type\";s:9:\"image\/png\";s:9:\"uncropped\";b:0;}s:12:\"shop_catalog\";a:4:{s:4:\"file\";s:21:\"app_store-300x126.png\";s:5:\"width\";i:300;s:6:\"height\";i:126;s:9:\"mime-type\";s:9:\"image\/png\";}}s:10:\"image_meta\";a:12:{s:8:\"aperture\";s:1:\"0\";s:6:\"credit\";s:0:\"\";s:6:\"camera\";s:0:\"\";s:7:\"caption\";s:0:\"\";s:17:\"created_timestamp\";s:1:\"0\";s:9:\"copyright\";s:0:\"\";s:12:\"focal_length\";s:1:\"0\";s:3:\"iso\";s:1:\"0\";s:13:\"shutter_speed\";s:1:\"0\";s:5:\"title\";s:0:\"\";s:11:\"orientation\";s:1:\"0\";s:8:\"keywords\";a:0:{}}}"}],"comments":[],"media":[],"attachment_url":"https:\/\/livewp.site\/wp\/md\/ewebot\/wp-content\/uploads\/sites\/64\/2020\/07\/app_store.png"}