{"post_title":"Homepage 07","guid":"https:\/\/livewp.site\/wp\/md\/ewebot\/home-variant-07\/","post_author":"","post_content":"","post_excerpt":"","post_id":6006,"pubDate":"Mon, 27 Jul 2020 13:46:55 +0000","post_date":"2021-10-26 08:48:25","post_date_gmt":"2020-07-27 13:46:55","comment_status":"closed","ping_status":"closed","post_name":"home-variant-07","status":"publish","post_parent":0,"menu_order":9,"post_type":"nav_menu_item","post_password":"","is_sticky":0,"terms":[50],"postmeta":[{"meta_key":"_menu_item_type","meta_value":"post_type"},{"meta_key":"_menu_item_menu_item_parent","meta_value":"6094"},{"meta_key":"_menu_item_object_id","meta_value":"5766"},{"meta_key":"_menu_item_object","meta_value":"page"},{"meta_key":"_menu_item_target","meta_value":""},{"meta_key":"_menu_item_classes","meta_value":"a:1:{i:0;s:0:\"\";}"},{"meta_key":"_menu_item_xfn","meta_value":""},{"meta_key":"_menu_item_url","meta_value":""},{"meta_key":"_menu_item_label_text","meta_value":""},{"meta_key":"_menu_item_label_color","meta_value":""},{"meta_key":"_menu_item_label_bg_color","meta_value":""},{"meta_key":"_menu_item_padding_left","meta_value":""},{"meta_key":"_menu_item_padding_right","meta_value":""},{"meta_key":"_menu_item_sidebar","meta_value":""},{"meta_key":"_wp_old_date","meta_value":"2020-07-27"},{"meta_key":"_wp_old_date","meta_value":"2021-03-29"},{"meta_key":"_wp_old_date","meta_value":"2021-04-06"},{"meta_key":"_wp_old_date","meta_value":"2021-04-12"},{"meta_key":"_wp_old_date","meta_value":"2021-05-24"},{"meta_key":"_wp_old_date","meta_value":"2021-10-04"},{"meta_key":"_wp_old_date","meta_value":"2021-10-18"},{"meta_key":"_wp_old_date","meta_value":"2021-10-22"}],"comments":[],"media":[]}