{"post_title":"home7_bg01","guid":"https:\/\/livewp.site\/wp\/md\/ewebot\/home-07\/home7_bg01\/","post_author":"","post_content":"","post_excerpt":"","post_id":6046,"pubDate":"Tue, 28 Jul 2020 11:52:06 +0000","post_date":"2020-07-28 11:52:06","post_date_gmt":"2020-07-28 11:52:06","comment_status":"open","ping_status":"closed","post_name":"home7_bg01","status":"inherit","post_parent":5766,"menu_order":0,"post_type":"attachment","post_password":"","is_sticky":0,"terms":[],"postmeta":[{"meta_key":"_wp_attached_file","meta_value":"2020\/07\/home7_bg01.jpg"},{"meta_key":"_wp_attachment_metadata","meta_value":"a:5:{s:5:\"width\";i:1920;s:6:\"height\";i:483;s:4:\"file\";s:22:\"2020\/07\/home7_bg01.jpg\";s:5:\"sizes\";a:12:{s:6:\"medium\";a:4:{s:4:\"file\";s:21:\"home7_bg01-300x75.jpg\";s:5:\"width\";i:300;s:6:\"height\";i:75;s:9:\"mime-type\";s:10:\"image\/jpeg\";}s:5:\"large\";a:4:{s:4:\"file\";s:23:\"home7_bg01-1024x258.jpg\";s:5:\"width\";i:1024;s:6:\"height\";i:258;s:9:\"mime-type\";s:10:\"image\/jpeg\";}s:9:\"thumbnail\";a:4:{s:4:\"file\";s:22:\"home7_bg01-150x150.jpg\";s:5:\"width\";i:150;s:6:\"height\";i:150;s:9:\"mime-type\";s:10:\"image\/jpeg\";}s:12:\"medium_large\";a:4:{s:4:\"file\";s:22:\"home7_bg01-768x193.jpg\";s:5:\"width\";i:768;s:6:\"height\";i:193;s:9:\"mime-type\";s:10:\"image\/jpeg\";}s:9:\"1536x1536\";a:4:{s:4:\"file\";s:23:\"home7_bg01-1536x386.jpg\";s:5:\"width\";i:1536;s:6:\"height\";i:386;s:9:\"mime-type\";s:10:\"image\/jpeg\";}s:15:\"gt3theme_mobile\";a:4:{s:4:\"file\";s:22:\"home7_bg01-480x121.jpg\";s:5:\"width\";i:480;s:6:\"height\";i:121;s:9:\"mime-type\";s:10:\"image\/jpeg\";}s:21:\"woocommerce_thumbnail\";a:5:{s:4:\"file\";s:22:\"home7_bg01-300x400.jpg\";s:5:\"width\";i:300;s:6:\"height\";i:400;s:9:\"mime-type\";s:10:\"image\/jpeg\";s:9:\"uncropped\";b:0;}s:18:\"woocommerce_single\";a:4:{s:4:\"file\";s:23:\"home7_bg01-1200x302.jpg\";s:5:\"width\";i:1200;s:6:\"height\";i:302;s:9:\"mime-type\";s:10:\"image\/jpeg\";}s:29:\"woocommerce_gallery_thumbnail\";a:4:{s:4:\"file\";s:22:\"home7_bg01-400x400.jpg\";s:5:\"width\";i:400;s:6:\"height\";i:400;s:9:\"mime-type\";s:10:\"image\/jpeg\";}s:12:\"shop_catalog\";a:4:{s:4:\"file\";s:22:\"home7_bg01-300x400.jpg\";s:5:\"width\";i:300;s:6:\"height\";i:400;s:9:\"mime-type\";s:10:\"image\/jpeg\";}s:11:\"shop_single\";a:4:{s:4:\"file\";s:23:\"home7_bg01-1200x302.jpg\";s:5:\"width\";i:1200;s:6:\"height\";i:302;s:9:\"mime-type\";s:10:\"image\/jpeg\";}s:14:\"shop_thumbnail\";a:4:{s:4:\"file\";s:22:\"home7_bg01-400x400.jpg\";s:5:\"width\";i:400;s:6:\"height\";i:400;s:9:\"mime-type\";s:10:\"image\/jpeg\";}}s:10:\"image_meta\";a:12:{s:8:\"aperture\";s:1:\"0\";s:6:\"credit\";s:0:\"\";s:6:\"camera\";s:0:\"\";s:7:\"caption\";s:0:\"\";s:17:\"created_timestamp\";s:1:\"0\";s:9:\"copyright\";s:0:\"\";s:12:\"focal_length\";s:1:\"0\";s:3:\"iso\";s:1:\"0\";s:13:\"shutter_speed\";s:1:\"0\";s:5:\"title\";s:0:\"\";s:11:\"orientation\";s:1:\"0\";s:8:\"keywords\";a:0:{}}}"}],"comments":[],"media":[],"attachment_url":"https:\/\/livewp.site\/wp\/md\/ewebot\/wp-content\/uploads\/sites\/64\/2020\/07\/home7_bg01.jpg"}