{"post_title":"accordion_plus-new","guid":"https:\/\/livewp.site\/wp\/md\/ewebot\/home-05\/accordion_plus-new\/","post_author":"","post_content":"","post_excerpt":"","post_id":6140,"pubDate":"Tue, 25 Aug 2020 09:05:40 +0000","post_date":"2020-08-25 09:05:40","post_date_gmt":"2020-08-25 09:05:40","comment_status":"open","ping_status":"closed","post_name":"accordion_plus-new","status":"inherit","post_parent":3425,"menu_order":0,"post_type":"attachment","post_password":"","is_sticky":0,"terms":[],"postmeta":[{"meta_key":"_wp_attached_file","meta_value":"2020\/08\/accordion_plus-new.svg"},{"meta_key":"_elementor_inline_svg","meta_value":"<svg xmlns=\"http:\/\/www.w3.org\/2000\/svg\" xmlns:xlink=\"http:\/\/www.w3.org\/1999\/xlink\" x=\"0px\" y=\"0px\" viewBox=\"0 0 42 42\" style=\"enable-background:new 0 0 42 42;\" xml:space=\"preserve\">\n<polygon points=\"42,19 23,19 23,0 19,0 19,19 0,19 0,23 19,23 19,42 23,42 23,23 42,23 \"><\/polygon>\n<g>\n<\/g>\n<g>\n<\/g>\n<g>\n<\/g>\n<g>\n<\/g>\n<g>\n<\/g>\n<g>\n<\/g>\n<g>\n<\/g>\n<g>\n<\/g>\n<g>\n<\/g>\n<g>\n<\/g>\n<g>\n<\/g>\n<g>\n<\/g>\n<g>\n<\/g>\n<g>\n<\/g>\n<g>\n<\/g>\n<\/svg>"}],"comments":[],"media":[],"attachment_url":"https:\/\/livewp.site\/wp\/md\/ewebot\/wp-content\/uploads\/sites\/64\/2020\/08\/accordion_plus-new.svg"}