{"404_page_id":"no","responsive":true,"page_comments":true,"back_to_top":true,"bubbles_block":false,"page_404_bg":1935,"disable_right_click":false,"disable_right_click_text":"The right click is disabled. Your content is protected. You can configure this option in the theme.","custom_js":"jQuery(document).ready(function(){\r\n\r\n});","header_custom_js":"<script type='text\/javascript'>\r\njQuery(document).ready(function(){\r\n\r\n});\r\n<\/script>","preloader":false,"preloader_type":"circle","preloader_background":"#191a1c","preloader_item_color":"#ffffff","preloader_item_color2":"#435bb2","preloader_item_width":140,"preloader_item_stroke":3,"preloader_item_logo":"","preloader_item_logo_width":45,"preloader_full":true,"page_title_conditional":true,"page_title_breadcrumbs_conditional":true,"page_title_names_conditional":true,"page_title_vert_align":"middle","page_title_horiz_align":"center","page_title_font_color":"#ffffff","page_title_bg_color":"#423bb6","page_title_overlay_color":"","page_title_bg_image_image":"2651","page_title_bg_image_repeat":"no-repeat","page_title_bg_image_size":"cover","page_title_bg_image_attachment":"scroll","page_title_bg_image_position":"center center","page_title_height":261,"page_title_top_border":false,"page_title_top_border_color":"rgba(25,26,28,1)","page_title_bottom_border":false,"page_title_bottom_border_color":"rgba(25,26,28,1)","page_title_bottom_margin":80,"related_posts":true,"related_posts_filter":"tag","author_box":true,"post_comments":true,"post_pingbacks":true,"blog_post_likes":false,"blog_post_share":true,"blog_post_listing_content":false,"blog_title_conditional":true,"team_title_conditional":false,"portfolio_title_conditional":true,"team_slug":"","portfolio_slug":"","portfolio_name":"","portfolio_archive_layout":"3","sidebars":["Main Sidebar","Shop Sidebar","Header Sidebar","Shop Header Sidebar"],"page_sidebar_layout":"none","page_sidebar_def":"sidebar_main-sidebar","blog_single_sidebar_layout":"right","blog_single_sidebar_def":"sidebar_main-sidebar","portfolio_single_sidebar_layout":"none","portfolio_single_sidebar_def":"","team_single_sidebar_layout":"none","team_single_sidebar_def":"","google_map_latitude":"-37.8172507","google_map_longitude":"144.9535833","zoom_map":"14","map_marker_info":true,"custom_map_marker":"https:\/\/livewp.site\/assets\/img\/ewebot.png","map_marker_info_street_number":"","map_marker_info_street":"","map_marker_info_descr":"","map_marker_info_background":"#0a0b0b","map_marker_info_color":"#ffffff","custom_map_style":false,"custom_map_code":"","butt_clear":"","optimize_css":true,"optimize_js":true,"optimize_woo":true,"optimize_migrate":false,"modern_shop":true,"theme-modern_content-color":"#69747f","theme-modern_header-color":"#1a1d20","theme-modern_custom-color":"#3b3564","gallery_images_count":"1","products_layout":"container","products_sidebar_layout":"left","products_sidebar_def":"sidebar_shop-sidebar","products_per_page_frontend":false,"products_sorting_frontend":true,"products_infinite_scroll":"none","woocommerce_pagination":"top_bottom","woocommerce_grid_list":"grid","label_color_sale":"rgba(230,55,100,1)","label_color_hot":"rgba(113,208,128,1)","label_color_new":"rgba(106,209,228,1)","label_color_sale_modern":"rgba(233,54,49,1)","label_color_hot_modern":"rgba(44,138,34,1)","label_color_new_modern":"rgba(26,29,32,1)","product_layout":"vertical","activate_carousel_thumb":true,"product_container":"container","product_sidebar_layout":"none","product_sidebar_def":"","shop_size_guide":false,"size_guide":"","next_prev_product":false,"product_sharing":true,"shop_cat_title_conditional":true,"product_title_conditional":false,"customize_shop_title":true,"shop_title_vert_align":"middle","shop_title_horiz_align":"center","shop_title_font_color":"#1a1d20","shop_title_bg_color":"","shop_title_overlay_color":"","shop_title_bg_image_image":"","shop_title_bg_image_repeat":"no-repeat","shop_title_bg_image_size":"cover","shop_title_bg_image_attachment":"scroll","shop_title_bg_image_position":"center center","shop_title_height":0,"shop_title_top_border":false,"shop_title_top_border_color":"rgba(10,11,11,1)","shop_title_bottom_border":false,"shop_title_bottom_border_color":"rgba(10,11,11,1)","shop_title_bottom_margin":0,"blog_post_fimage_animation":false,"disable_elementor_font":true}