{"template":"default","system_colors":[{"_id":"theme-custom-color","title":"Theme Color","color":"#6254e7"},{"_id":"theme-custom-color2","title":"Theme Color2","color":"#ff7426"},{"_id":"theme-content-color","title":"Theme Content Color","color":"#696687"},{"_id":"theme-secondary-color","title":"Theme Secondary Color","color":"#696687"},{"_id":"theme-custom-color-start","title":"Theme Color Gradient Start","color":"#9289f1"},{"_id":"theme-custom-color2-start","title":"Theme Color2 Gradient Start","color":"#f0ac0e"},{"_id":"theme-header-font-color","title":"Theme Headers Color","color":"#3b3663"},{"_id":"theme-body-bg-color","title":"Theme Body Background Color","color":"#ffffff"},{"_id":"primary","title":"Primary","color":"#6EC1E4"},{"_id":"secondary","title":"Secondary","color":"#54595F"},{"_id":"text","title":"Text","color":"#7A7A7A"},{"_id":"accent","title":"Accent","color":"#61CE70"}],"custom_colors":[],"system_typography":[{"_id":"theme-main","title":"Theme Main","typography_typography":"custom","typography_font_family":"Rubik","typography_font_weight":"400","typography_font_size":{"unit":"px","size":"18","sizes":[]},"typography_text_transform":"","typography_font_style":"","typography_text_decoration":"","typography_line_height":{"unit":"px","size":"27","sizes":[]},"typography_letter_spacing":{"unit":"px","size":"","sizes":[]},"typography_font_size_tablet":{"unit":"px","size":"","sizes":[]},"typography_font_size_mobile":{"unit":"px","size":"","sizes":[]},"typography_line_height_tablet":{"unit":"em","size":"","sizes":[]},"typography_line_height_mobile":{"unit":"em","size":"","sizes":[]},"typography_letter_spacing_tablet":{"unit":"px","size":"","sizes":[]},"typography_letter_spacing_mobile":{"unit":"px","size":"","sizes":[]},"typography_word_spacing":{"unit":"em","size":"","sizes":[]},"typography_word_spacing_tablet":{"unit":"em","size":"","sizes":[]},"typography_word_spacing_mobile":{"unit":"em","size":"","sizes":[]}},{"_id":"theme-secondary","title":"Theme Secondary","typography_typography":"custom","typography_font_family":"Nunito","typography_font_weight":"400","typography_font_size":{"unit":"px","size":"18","sizes":[]},"typography_text_transform":"","typography_font_style":"","typography_text_decoration":"","typography_line_height":{"unit":"px","size":"27","sizes":[]},"typography_letter_spacing":{"unit":"px","size":"","sizes":[]},"typography_font_size_tablet":{"unit":"px","size":"","sizes":[]},"typography_font_size_mobile":{"unit":"px","size":"","sizes":[]},"typography_line_height_tablet":{"unit":"em","size":"","sizes":[]},"typography_line_height_mobile":{"unit":"em","size":"","sizes":[]},"typography_letter_spacing_tablet":{"unit":"px","size":"","sizes":[]},"typography_letter_spacing_mobile":{"unit":"px","size":"","sizes":[]},"typography_word_spacing":{"unit":"em","size":"","sizes":[]},"typography_word_spacing_tablet":{"unit":"em","size":"","sizes":[]},"typography_word_spacing_mobile":{"unit":"em","size":"","sizes":[]}},{"_id":"theme-headers","title":"Theme Headers","typography_typography":"custom","typography_font_family":"Nunito","typography_font_weight":"800","typography_font_size":{"unit":"px","size":"","sizes":[]},"typography_text_transform":"","typography_font_style":"","typography_text_decoration":"","typography_line_height":{"unit":"em","size":"","sizes":[]},"typography_letter_spacing":{"unit":"px","size":"","sizes":[]},"typography_font_size_tablet":{"unit":"px","size":"","sizes":[]},"typography_font_size_mobile":{"unit":"px","size":"","sizes":[]},"typography_line_height_tablet":{"unit":"em","size":"","sizes":[]},"typography_line_height_mobile":{"unit":"em","size":"","sizes":[]},"typography_letter_spacing_tablet":{"unit":"px","size":"","sizes":[]},"typography_letter_spacing_mobile":{"unit":"px","size":"","sizes":[]},"typography_word_spacing":{"unit":"em","size":"","sizes":[]},"typography_word_spacing_tablet":{"unit":"em","size":"","sizes":[]},"typography_word_spacing_mobile":{"unit":"em","size":"","sizes":[]}},{"_id":"theme-modern-shop-main","title":"Theme Main (Modern Shop)","typography_typography":"custom","typography_font_family":"Roboto","typography_font_weight":"300","typography_font_size":{"unit":"px","size":"16","sizes":[]},"typography_text_transform":"","typography_font_style":"","typography_text_decoration":"","typography_line_height":{"unit":"px","size":"27","sizes":[]},"typography_letter_spacing":{"unit":"px","size":"","sizes":[]},"typography_font_size_tablet":{"unit":"px","size":"","sizes":[]},"typography_font_size_mobile":{"unit":"px","size":"","sizes":[]},"typography_line_height_tablet":{"unit":"em","size":"","sizes":[]},"typography_line_height_mobile":{"unit":"em","size":"","sizes":[]},"typography_letter_spacing_tablet":{"unit":"px","size":"","sizes":[]},"typography_letter_spacing_mobile":{"unit":"px","size":"","sizes":[]},"typography_word_spacing":{"unit":"em","size":"","sizes":[]},"typography_word_spacing_tablet":{"unit":"em","size":"","sizes":[]},"typography_word_spacing_mobile":{"unit":"em","size":"","sizes":[]}},{"_id":"theme-modern-shop-headers","title":"Theme Headers (Modern Shop)","typography_typography":"custom","typography_font_family":"Manrope","typography_font_size":{"unit":"px","size":"18","sizes":[]},"typography_font_weight":"600","typography_text_transform":"","typography_font_style":"","typography_text_decoration":"","typography_line_height":{"unit":"px","size":"27","sizes":[]},"typography_letter_spacing":{"unit":"px","size":"","sizes":[]},"typography_font_size_tablet":{"unit":"px","size":"","sizes":[]},"typography_font_size_mobile":{"unit":"px","size":"","sizes":[]},"typography_line_height_tablet":{"unit":"em","size":"","sizes":[]},"typography_line_height_mobile":{"unit":"em","size":"","sizes":[]},"typography_letter_spacing_tablet":{"unit":"px","size":"","sizes":[]},"typography_letter_spacing_mobile":{"unit":"px","size":"","sizes":[]},"typography_word_spacing":{"unit":"em","size":"","sizes":[]},"typography_word_spacing_tablet":{"unit":"em","size":"","sizes":[]},"typography_word_spacing_mobile":{"unit":"em","size":"","sizes":[]}},{"_id":"primary","title":"Primary","typography_typography":"custom","typography_font_family":"Roboto","typography_font_weight":"600","typography_font_size":{"unit":"px","size":"","sizes":[]},"typography_font_size_tablet":{"unit":"px","size":"","sizes":[]},"typography_font_size_mobile":{"unit":"px","size":"","sizes":[]},"typography_text_transform":"","typography_font_style":"","typography_text_decoration":"","typography_line_height":{"unit":"em","size":"","sizes":[]},"typography_line_height_tablet":{"unit":"em","size":"","sizes":[]},"typography_line_height_mobile":{"unit":"em","size":"","sizes":[]},"typography_letter_spacing":{"unit":"px","size":"","sizes":[]},"typography_letter_spacing_tablet":{"unit":"px","size":"","sizes":[]},"typography_letter_spacing_mobile":{"unit":"px","size":"","sizes":[]},"typography_word_spacing":{"unit":"em","size":"","sizes":[]},"typography_word_spacing_tablet":{"unit":"em","size":"","sizes":[]},"typography_word_spacing_mobile":{"unit":"em","size":"","sizes":[]}},{"_id":"secondary","title":"Secondary","typography_typography":"custom","typography_font_family":"Roboto Slab","typography_font_weight":"400","typography_font_size":{"unit":"px","size":"","sizes":[]},"typography_font_size_tablet":{"unit":"px","size":"","sizes":[]},"typography_font_size_mobile":{"unit":"px","size":"","sizes":[]},"typography_text_transform":"","typography_font_style":"","typography_text_decoration":"","typography_line_height":{"unit":"em","size":"","sizes":[]},"typography_line_height_tablet":{"unit":"em","size":"","sizes":[]},"typography_line_height_mobile":{"unit":"em","size":"","sizes":[]},"typography_letter_spacing":{"unit":"px","size":"","sizes":[]},"typography_letter_spacing_tablet":{"unit":"px","size":"","sizes":[]},"typography_letter_spacing_mobile":{"unit":"px","size":"","sizes":[]},"typography_word_spacing":{"unit":"em","size":"","sizes":[]},"typography_word_spacing_tablet":{"unit":"em","size":"","sizes":[]},"typography_word_spacing_mobile":{"unit":"em","size":"","sizes":[]}},{"_id":"text","title":"Text","typography_typography":"custom","typography_font_family":"Roboto","typography_font_weight":"400","typography_font_size":{"unit":"px","size":"","sizes":[]},"typography_font_size_tablet":{"unit":"px","size":"","sizes":[]},"typography_font_size_mobile":{"unit":"px","size":"","sizes":[]},"typography_text_transform":"","typography_font_style":"","typography_text_decoration":"","typography_line_height":{"unit":"em","size":"","sizes":[]},"typography_line_height_tablet":{"unit":"em","size":"","sizes":[]},"typography_line_height_mobile":{"unit":"em","size":"","sizes":[]},"typography_letter_spacing":{"unit":"px","size":"","sizes":[]},"typography_letter_spacing_tablet":{"unit":"px","size":"","sizes":[]},"typography_letter_spacing_mobile":{"unit":"px","size":"","sizes":[]},"typography_word_spacing":{"unit":"em","size":"","sizes":[]},"typography_word_spacing_tablet":{"unit":"em","size":"","sizes":[]},"typography_word_spacing_mobile":{"unit":"em","size":"","sizes":[]}},{"_id":"accent","title":"Accent","typography_typography":"custom","typography_font_family":"Roboto","typography_font_weight":"500","typography_font_size":{"unit":"px","size":"","sizes":[]},"typography_font_size_tablet":{"unit":"px","size":"","sizes":[]},"typography_font_size_mobile":{"unit":"px","size":"","sizes":[]},"typography_text_transform":"","typography_font_style":"","typography_text_decoration":"","typography_line_height":{"unit":"em","size":"","sizes":[]},"typography_line_height_tablet":{"unit":"em","size":"","sizes":[]},"typography_line_height_mobile":{"unit":"em","size":"","sizes":[]},"typography_letter_spacing":{"unit":"px","size":"","sizes":[]},"typography_letter_spacing_tablet":{"unit":"px","size":"","sizes":[]},"typography_letter_spacing_mobile":{"unit":"px","size":"","sizes":[]},"typography_word_spacing":{"unit":"em","size":"","sizes":[]},"typography_word_spacing_tablet":{"unit":"em","size":"","sizes":[]},"typography_word_spacing_mobile":{"unit":"em","size":"","sizes":[]}}],"custom_typography":[],"default_generic_fonts":"Sans-serif","site_name":"Ewebot","container_width":{"unit":"px","size":1190,"sizes":[]},"page_title_selector":"h1.entry-title","viewport_mobile":"","viewport_tablet":"","body_color":"","body_typography_typography":"","body_typography_font_family":"","body_typography_font_size":{"unit":"px","size":"","sizes":[]},"body_typography_font_size_tablet":{"unit":"px","size":"","sizes":[]},"body_typography_font_size_mobile":{"unit":"px","size":"","sizes":[]},"body_typography_font_weight":"","body_typography_text_transform":"","body_typography_font_style":"","body_typography_text_decoration":"","body_typography_line_height":{"unit":"em","size":"","sizes":[]},"body_typography_line_height_tablet":{"unit":"em","size":"","sizes":[]},"body_typography_line_height_mobile":{"unit":"em","size":"","sizes":[]},"body_typography_letter_spacing":{"unit":"px","size":"","sizes":[]},"body_typography_letter_spacing_tablet":{"unit":"px","size":"","sizes":[]},"body_typography_letter_spacing_mobile":{"unit":"px","size":"","sizes":[]},"body_typography_word_spacing":{"unit":"em","size":"","sizes":[]},"body_typography_word_spacing_tablet":{"unit":"em","size":"","sizes":[]},"body_typography_word_spacing_mobile":{"unit":"em","size":"","sizes":[]},"paragraph_spacing":{"unit":"px","size":"","sizes":[]},"paragraph_spacing_tablet":{"unit":"px","size":"","sizes":[]},"paragraph_spacing_mobile":{"unit":"px","size":"","sizes":[]},"link_normal_color":"","link_normal_typography_typography":"","link_normal_typography_font_family":"","link_normal_typography_font_size":{"unit":"px","size":"","sizes":[]},"link_normal_typography_font_size_tablet":{"unit":"px","size":"","sizes":[]},"link_normal_typography_font_size_mobile":{"unit":"px","size":"","sizes":[]},"link_normal_typography_font_weight":"","link_normal_typography_text_transform":"","link_normal_typography_font_style":"","link_normal_typography_text_decoration":"","link_normal_typography_line_height":{"unit":"em","size":"","sizes":[]},"link_normal_typography_line_height_tablet":{"unit":"em","size":"","sizes":[]},"link_normal_typography_line_height_mobile":{"unit":"em","size":"","sizes":[]},"link_normal_typography_letter_spacing":{"unit":"px","size":"","sizes":[]},"link_normal_typography_letter_spacing_tablet":{"unit":"px","size":"","sizes":[]},"link_normal_typography_letter_spacing_mobile":{"unit":"px","size":"","sizes":[]},"link_normal_typography_word_spacing":{"unit":"em","size":"","sizes":[]},"link_normal_typography_word_spacing_tablet":{"unit":"em","size":"","sizes":[]},"link_normal_typography_word_spacing_mobile":{"unit":"em","size":"","sizes":[]},"link_hover_color":"","link_hover_typography_typography":"","link_hover_typography_font_family":"","link_hover_typography_font_size":{"unit":"px","size":"","sizes":[]},"link_hover_typography_font_size_tablet":{"unit":"px","size":"","sizes":[]},"link_hover_typography_font_size_mobile":{"unit":"px","size":"","sizes":[]},"link_hover_typography_font_weight":"","link_hover_typography_text_transform":"","link_hover_typography_font_style":"","link_hover_typography_text_decoration":"","link_hover_typography_line_height":{"unit":"em","size":"","sizes":[]},"link_hover_typography_line_height_tablet":{"unit":"em","size":"","sizes":[]},"link_hover_typography_line_height_mobile":{"unit":"em","size":"","sizes":[]},"link_hover_typography_letter_spacing":{"unit":"px","size":"","sizes":[]},"link_hover_typography_letter_spacing_tablet":{"unit":"px","size":"","sizes":[]},"link_hover_typography_letter_spacing_mobile":{"unit":"px","size":"","sizes":[]},"link_hover_typography_word_spacing":{"unit":"em","size":"","sizes":[]},"link_hover_typography_word_spacing_tablet":{"unit":"em","size":"","sizes":[]},"link_hover_typography_word_spacing_mobile":{"unit":"em","size":"","sizes":[]},"h1_color":"","h1_typography_typography":"custom","h1_typography_font_family":"","h1_typography_font_size":{"unit":"px","size":"40","sizes":[]},"h1_typography_font_size_tablet":{"unit":"px","size":"","sizes":[]},"h1_typography_font_size_mobile":{"unit":"px","size":"","sizes":[]},"h1_typography_font_weight":"","h1_typography_text_transform":"","h1_typography_font_style":"","h1_typography_text_decoration":"","h1_typography_line_height":{"unit":"px","size":"43","sizes":[]},"h1_typography_line_height_tablet":{"unit":"em","size":"","sizes":[]},"h1_typography_line_height_mobile":{"unit":"em","size":"","sizes":[]},"h1_typography_letter_spacing":{"unit":"px","size":"","sizes":[]},"h1_typography_letter_spacing_tablet":{"unit":"px","size":"","sizes":[]},"h1_typography_letter_spacing_mobile":{"unit":"px","size":"","sizes":[]},"h1_typography_word_spacing":{"unit":"em","size":"","sizes":[]},"h1_typography_word_spacing_tablet":{"unit":"em","size":"","sizes":[]},"h1_typography_word_spacing_mobile":{"unit":"em","size":"","sizes":[]},"h2_color":"","h2_typography_typography":"custom","h2_typography_font_family":"","h2_typography_font_size":{"unit":"px","size":"30","sizes":[]},"h2_typography_font_size_tablet":{"unit":"px","size":"","sizes":[]},"h2_typography_font_size_mobile":{"unit":"px","size":"","sizes":[]},"h2_typography_font_weight":"","h2_typography_text_transform":"","h2_typography_font_style":"","h2_typography_text_decoration":"","h2_typography_line_height":{"unit":"px","size":"40","sizes":[]},"h2_typography_line_height_tablet":{"unit":"em","size":"","sizes":[]},"h2_typography_line_height_mobile":{"unit":"em","size":"","sizes":[]},"h2_typography_letter_spacing":{"unit":"px","size":"","sizes":[]},"h2_typography_letter_spacing_tablet":{"unit":"px","size":"","sizes":[]},"h2_typography_letter_spacing_mobile":{"unit":"px","size":"","sizes":[]},"h2_typography_word_spacing":{"unit":"em","size":"","sizes":[]},"h2_typography_word_spacing_tablet":{"unit":"em","size":"","sizes":[]},"h2_typography_word_spacing_mobile":{"unit":"em","size":"","sizes":[]},"h3_color":"","h3_typography_typography":"custom","h3_typography_font_family":"","h3_typography_font_size":{"unit":"px","size":"24","sizes":[]},"h3_typography_font_size_tablet":{"unit":"px","size":"","sizes":[]},"h3_typography_font_size_mobile":{"unit":"px","size":"","sizes":[]},"h3_typography_font_weight":"","h3_typography_text_transform":"","h3_typography_font_style":"","h3_typography_text_decoration":"","h3_typography_line_height":{"unit":"px","size":"30","sizes":[]},"h3_typography_line_height_tablet":{"unit":"em","size":"","sizes":[]},"h3_typography_line_height_mobile":{"unit":"em","size":"","sizes":[]},"h3_typography_letter_spacing":{"unit":"px","size":"","sizes":[]},"h3_typography_letter_spacing_tablet":{"unit":"px","size":"","sizes":[]},"h3_typography_letter_spacing_mobile":{"unit":"px","size":"","sizes":[]},"h3_typography_word_spacing":{"unit":"em","size":"","sizes":[]},"h3_typography_word_spacing_tablet":{"unit":"em","size":"","sizes":[]},"h3_typography_word_spacing_mobile":{"unit":"em","size":"","sizes":[]},"h4_color":"","h4_typography_typography":"custom","h4_typography_font_family":"","h4_typography_font_size":{"unit":"px","size":"20","sizes":[]},"h4_typography_font_size_tablet":{"unit":"px","size":"","sizes":[]},"h4_typography_font_size_mobile":{"unit":"px","size":"","sizes":[]},"h4_typography_font_weight":"","h4_typography_text_transform":"","h4_typography_font_style":"","h4_typography_text_decoration":"","h4_typography_line_height":{"unit":"px","size":"33","sizes":[]},"h4_typography_line_height_tablet":{"unit":"em","size":"","sizes":[]},"h4_typography_line_height_mobile":{"unit":"em","size":"","sizes":[]},"h4_typography_letter_spacing":{"unit":"px","size":"","sizes":[]},"h4_typography_letter_spacing_tablet":{"unit":"px","size":"","sizes":[]},"h4_typography_letter_spacing_mobile":{"unit":"px","size":"","sizes":[]},"h4_typography_word_spacing":{"unit":"em","size":"","sizes":[]},"h4_typography_word_spacing_tablet":{"unit":"em","size":"","sizes":[]},"h4_typography_word_spacing_mobile":{"unit":"em","size":"","sizes":[]},"h5_color":"","h5_typography_typography":"custom","h5_typography_font_family":"Nunito","h5_typography_font_size":{"unit":"px","size":"18","sizes":[]},"h5_typography_font_size_tablet":{"unit":"px","size":"","sizes":[]},"h5_typography_font_size_mobile":{"unit":"px","size":"","sizes":[]},"h5_typography_font_weight":"700","h5_typography_text_transform":"","h5_typography_font_style":"","h5_typography_text_decoration":"","h5_typography_line_height":{"unit":"px","size":"30","sizes":[]},"h5_typography_line_height_tablet":{"unit":"em","size":"","sizes":[]},"h5_typography_line_height_mobile":{"unit":"em","size":"","sizes":[]},"h5_typography_letter_spacing":{"unit":"px","size":"","sizes":[]},"h5_typography_letter_spacing_tablet":{"unit":"px","size":"","sizes":[]},"h5_typography_letter_spacing_mobile":{"unit":"px","size":"","sizes":[]},"h5_typography_word_spacing":{"unit":"em","size":"","sizes":[]},"h5_typography_word_spacing_tablet":{"unit":"em","size":"","sizes":[]},"h5_typography_word_spacing_mobile":{"unit":"em","size":"","sizes":[]},"h6_color":"","h6_typography_typography":"custom","h6_typography_font_family":"Nunito","h6_typography_font_size":{"unit":"px","size":"16","sizes":[]},"h6_typography_font_size_tablet":{"unit":"px","size":"","sizes":[]},"h6_typography_font_size_mobile":{"unit":"px","size":"","sizes":[]},"h6_typography_font_weight":"600","h6_typography_text_transform":"","h6_typography_font_style":"","h6_typography_text_decoration":"","h6_typography_line_height":{"unit":"px","size":"24","sizes":[]},"h6_typography_line_height_tablet":{"unit":"em","size":"","sizes":[]},"h6_typography_line_height_mobile":{"unit":"em","size":"","sizes":[]},"h6_typography_letter_spacing":{"unit":"px","size":"","sizes":[]},"h6_typography_letter_spacing_tablet":{"unit":"px","size":"","sizes":[]},"h6_typography_letter_spacing_mobile":{"unit":"px","size":"","sizes":[]},"h6_typography_word_spacing":{"unit":"em","size":"","sizes":[]},"h6_typography_word_spacing_tablet":{"unit":"em","size":"","sizes":[]},"h6_typography_word_spacing_mobile":{"unit":"em","size":"","sizes":[]},"button_typography_typography":"","button_typography_font_family":"","button_typography_font_size":{"unit":"px","size":"","sizes":[]},"button_typography_font_size_tablet":{"unit":"px","size":"","sizes":[]},"button_typography_font_size_mobile":{"unit":"px","size":"","sizes":[]},"button_typography_font_weight":"","button_typography_text_transform":"","button_typography_font_style":"","button_typography_text_decoration":"","button_typography_line_height":{"unit":"em","size":"","sizes":[]},"button_typography_line_height_tablet":{"unit":"em","size":"","sizes":[]},"button_typography_line_height_mobile":{"unit":"em","size":"","sizes":[]},"button_typography_letter_spacing":{"unit":"px","size":"","sizes":[]},"button_typography_letter_spacing_tablet":{"unit":"px","size":"","sizes":[]},"button_typography_letter_spacing_mobile":{"unit":"px","size":"","sizes":[]},"button_typography_word_spacing":{"unit":"em","size":"","sizes":[]},"button_typography_word_spacing_tablet":{"unit":"em","size":"","sizes":[]},"button_typography_word_spacing_mobile":{"unit":"em","size":"","sizes":[]},"button_text_shadow_text_shadow_type":"","button_text_shadow_text_shadow":{"horizontal":0,"vertical":0,"blur":10,"color":"rgba(0,0,0,0.3)"},"button_text_color":"","button_background_background":"classic","button_background_color":"","button_background_color_stop":{"unit":"%","size":0,"sizes":[]},"button_background_color_b":"#f2295b","button_background_color_b_stop":{"unit":"%","size":100,"sizes":[]},"button_background_gradient_type":"linear","button_background_gradient_angle":{"unit":"deg","size":180,"sizes":[]},"button_background_gradient_position":"center center","button_background_position":"","button_background_position_tablet":"","button_background_position_mobile":"","button_background_xpos":{"unit":"px","size":0,"sizes":[]},"button_background_xpos_tablet":{"unit":"px","size":0,"sizes":[]},"button_background_xpos_mobile":{"unit":"px","size":0,"sizes":[]},"button_background_ypos":{"unit":"px","size":0,"sizes":[]},"button_background_ypos_tablet":{"unit":"px","size":0,"sizes":[]},"button_background_ypos_mobile":{"unit":"px","size":0,"sizes":[]},"button_background_attachment":"","button_background_repeat":"","button_background_repeat_tablet":"","button_background_repeat_mobile":"","button_background_size":"","button_background_size_tablet":"","button_background_size_mobile":"","button_background_bg_width":{"unit":"%","size":100,"sizes":[]},"button_background_bg_width_tablet":{"unit":"px","size":"","sizes":[]},"button_background_bg_width_mobile":{"unit":"px","size":"","sizes":[]},"button_background_video_link":"","button_background_video_start":"","button_background_video_end":"","button_background_play_once":"","button_background_play_on_mobile":"","button_background_privacy_mode":"","button_background_video_fallback":{"url":"","id":""},"button_background_slideshow_gallery":[],"button_background_slideshow_loop":"yes","button_background_slideshow_slide_duration":5000,"button_background_slideshow_slide_transition":"fade","button_background_slideshow_transition_duration":500,"button_background_slideshow_background_size":"","button_background_slideshow_background_size_tablet":"","button_background_slideshow_background_size_mobile":"","button_background_slideshow_background_position":"","button_background_slideshow_background_position_tablet":"","button_background_slideshow_background_position_mobile":"","button_background_slideshow_ken_burns":"","button_background_slideshow_ken_burns_zoom_direction":"in","button_box_shadow_box_shadow_type":"","button_box_shadow_box_shadow":{"horizontal":0,"vertical":0,"blur":10,"spread":0,"color":"rgba(0,0,0,0.5)"},"button_box_shadow_box_shadow_position":" ","button_border_border":"","button_border_width":{"unit":"px","top":"","right":"","bottom":"","left":"","isLinked":true},"button_border_width_tablet":{"unit":"px","top":"","right":"","bottom":"","left":"","isLinked":true},"button_border_width_mobile":{"unit":"px","top":"","right":"","bottom":"","left":"","isLinked":true},"button_border_color":"","button_border_radius":{"unit":"px","top":"","right":"","bottom":"","left":"","isLinked":true},"button_hover_text_color":"","button_hover_background_background":"classic","button_hover_background_color":"","button_hover_background_color_stop":{"unit":"%","size":0,"sizes":[]},"button_hover_background_color_b":"#f2295b","button_hover_background_color_b_stop":{"unit":"%","size":100,"sizes":[]},"button_hover_background_gradient_type":"linear","button_hover_background_gradient_angle":{"unit":"deg","size":180,"sizes":[]},"button_hover_background_gradient_position":"center center","button_hover_background_position":"","button_hover_background_position_tablet":"","button_hover_background_position_mobile":"","button_hover_background_xpos":{"unit":"px","size":0,"sizes":[]},"button_hover_background_xpos_tablet":{"unit":"px","size":0,"sizes":[]},"button_hover_background_xpos_mobile":{"unit":"px","size":0,"sizes":[]},"button_hover_background_ypos":{"unit":"px","size":0,"sizes":[]},"button_hover_background_ypos_tablet":{"unit":"px","size":0,"sizes":[]},"button_hover_background_ypos_mobile":{"unit":"px","size":0,"sizes":[]},"button_hover_background_attachment":"","button_hover_background_repeat":"","button_hover_background_repeat_tablet":"","button_hover_background_repeat_mobile":"","button_hover_background_size":"","button_hover_background_size_tablet":"","button_hover_background_size_mobile":"","button_hover_background_bg_width":{"unit":"%","size":100,"sizes":[]},"button_hover_background_bg_width_tablet":{"unit":"px","size":"","sizes":[]},"button_hover_background_bg_width_mobile":{"unit":"px","size":"","sizes":[]},"button_hover_background_video_link":"","button_hover_background_video_start":"","button_hover_background_video_end":"","button_hover_background_play_once":"","button_hover_background_play_on_mobile":"","button_hover_background_privacy_mode":"","button_hover_background_video_fallback":{"url":"","id":""},"button_hover_background_slideshow_gallery":[],"button_hover_background_slideshow_loop":"yes","button_hover_background_slideshow_slide_duration":5000,"button_hover_background_slideshow_slide_transition":"fade","button_hover_background_slideshow_transition_duration":500,"button_hover_background_slideshow_background_size":"","button_hover_background_slideshow_background_size_tablet":"","button_hover_background_slideshow_background_size_mobile":"","button_hover_background_slideshow_background_position":"","button_hover_background_slideshow_background_position_tablet":"","button_hover_background_slideshow_background_position_mobile":"","button_hover_background_slideshow_ken_burns":"","button_hover_background_slideshow_ken_burns_zoom_direction":"in","button_hover_box_shadow_box_shadow_type":"","button_hover_box_shadow_box_shadow":{"horizontal":0,"vertical":0,"blur":10,"spread":0,"color":"rgba(0,0,0,0.5)"},"button_hover_box_shadow_box_shadow_position":" ","button_hover_border_border":"","button_hover_border_width":{"unit":"px","top":"","right":"","bottom":"","left":"","isLinked":true},"button_hover_border_width_tablet":{"unit":"px","top":"","right":"","bottom":"","left":"","isLinked":true},"button_hover_border_width_mobile":{"unit":"px","top":"","right":"","bottom":"","left":"","isLinked":true},"button_hover_border_color":"","button_hover_border_radius":{"unit":"px","top":"","right":"","bottom":"","left":"","isLinked":true},"button_padding":{"unit":"px","top":"","right":"","bottom":"","left":"","isLinked":true},"button_padding_tablet":{"unit":"px","top":"","right":"","bottom":"","left":"","isLinked":true},"button_padding_mobile":{"unit":"px","top":"","right":"","bottom":"","left":"","isLinked":true},"image_border_border":"","image_border_width":{"unit":"px","top":"","right":"","bottom":"","left":"","isLinked":true},"image_border_width_tablet":{"unit":"px","top":"","right":"","bottom":"","left":"","isLinked":true},"image_border_width_mobile":{"unit":"px","top":"","right":"","bottom":"","left":"","isLinked":true},"image_border_color":"","image_border_radius":{"unit":"px","top":"","right":"","bottom":"","left":"","isLinked":true},"image_border_radius_tablet":{"unit":"px","top":"","right":"","bottom":"","left":"","isLinked":true},"image_border_radius_mobile":{"unit":"px","top":"","right":"","bottom":"","left":"","isLinked":true},"image_opacity":{"unit":"px","size":"","sizes":[]},"image_box_shadow_box_shadow_type":"","image_box_shadow_box_shadow":{"horizontal":0,"vertical":0,"blur":10,"spread":0,"color":"rgba(0,0,0,0.5)"},"image_css_filters_css_filter":"","image_css_filters_blur":{"unit":"px","size":0,"sizes":[]},"image_css_filters_brightness":{"unit":"px","size":100,"sizes":[]},"image_css_filters_contrast":{"unit":"px","size":100,"sizes":[]},"image_css_filters_saturate":{"unit":"px","size":100,"sizes":[]},"image_css_filters_hue":{"unit":"px","size":0,"sizes":[]},"image_hover_border_border":"","image_hover_border_width":{"unit":"px","top":"","right":"","bottom":"","left":"","isLinked":true},"image_hover_border_width_tablet":{"unit":"px","top":"","right":"","bottom":"","left":"","isLinked":true},"image_hover_border_width_mobile":{"unit":"px","top":"","right":"","bottom":"","left":"","isLinked":true},"image_hover_border_color":"","image_hover_border_radius":{"unit":"px","top":"","right":"","bottom":"","left":"","isLinked":true},"image_hover_border_radius_tablet":{"unit":"px","top":"","right":"","bottom":"","left":"","isLinked":true},"image_hover_border_radius_mobile":{"unit":"px","top":"","right":"","bottom":"","left":"","isLinked":true},"image_hover_opacity":{"unit":"px","size":"","sizes":[]},"image_hover_box_shadow_box_shadow_type":"","image_hover_box_shadow_box_shadow":{"horizontal":0,"vertical":0,"blur":10,"spread":0,"color":"rgba(0,0,0,0.5)"},"image_hover_css_filters_css_filter":"","image_hover_css_filters_blur":{"unit":"px","size":0,"sizes":[]},"image_hover_css_filters_brightness":{"unit":"px","size":100,"sizes":[]},"image_hover_css_filters_contrast":{"unit":"px","size":100,"sizes":[]},"image_hover_css_filters_saturate":{"unit":"px","size":100,"sizes":[]},"image_hover_css_filters_hue":{"unit":"px","size":0,"sizes":[]},"image_hover_transition":{"unit":"px","size":"","sizes":[]},"form_label_color":"","form_label_typography_typography":"","form_label_typography_font_family":"","form_label_typography_font_size":{"unit":"px","size":"","sizes":[]},"form_label_typography_font_size_tablet":{"unit":"px","size":"","sizes":[]},"form_label_typography_font_size_mobile":{"unit":"px","size":"","sizes":[]},"form_label_typography_font_weight":"","form_label_typography_text_transform":"","form_label_typography_font_style":"","form_label_typography_text_decoration":"","form_label_typography_line_height":{"unit":"em","size":"","sizes":[]},"form_label_typography_line_height_tablet":{"unit":"em","size":"","sizes":[]},"form_label_typography_line_height_mobile":{"unit":"em","size":"","sizes":[]},"form_label_typography_letter_spacing":{"unit":"px","size":"","sizes":[]},"form_label_typography_letter_spacing_tablet":{"unit":"px","size":"","sizes":[]},"form_label_typography_letter_spacing_mobile":{"unit":"px","size":"","sizes":[]},"form_label_typography_word_spacing":{"unit":"em","size":"","sizes":[]},"form_label_typography_word_spacing_tablet":{"unit":"em","size":"","sizes":[]},"form_label_typography_word_spacing_mobile":{"unit":"em","size":"","sizes":[]},"form_field_typography_typography":"","form_field_typography_font_family":"","form_field_typography_font_size":{"unit":"px","size":"","sizes":[]},"form_field_typography_font_size_tablet":{"unit":"px","size":"","sizes":[]},"form_field_typography_font_size_mobile":{"unit":"px","size":"","sizes":[]},"form_field_typography_font_weight":"","form_field_typography_text_transform":"","form_field_typography_font_style":"","form_field_typography_text_decoration":"","form_field_typography_line_height":{"unit":"em","size":"","sizes":[]},"form_field_typography_line_height_tablet":{"unit":"em","size":"","sizes":[]},"form_field_typography_line_height_mobile":{"unit":"em","size":"","sizes":[]},"form_field_typography_letter_spacing":{"unit":"px","size":"","sizes":[]},"form_field_typography_letter_spacing_tablet":{"unit":"px","size":"","sizes":[]},"form_field_typography_letter_spacing_mobile":{"unit":"px","size":"","sizes":[]},"form_field_typography_word_spacing":{"unit":"em","size":"","sizes":[]},"form_field_typography_word_spacing_tablet":{"unit":"em","size":"","sizes":[]},"form_field_typography_word_spacing_mobile":{"unit":"em","size":"","sizes":[]},"form_field_text_color":"","form_field_background_color":"","form_field_box_shadow_box_shadow_type":"","form_field_box_shadow_box_shadow":{"horizontal":0,"vertical":0,"blur":10,"spread":0,"color":"rgba(0,0,0,0.5)"},"form_field_box_shadow_box_shadow_position":" ","form_field_border_border":"","form_field_border_width":{"unit":"px","top":"","right":"","bottom":"","left":"","isLinked":true},"form_field_border_width_tablet":{"unit":"px","top":"","right":"","bottom":"","left":"","isLinked":true},"form_field_border_width_mobile":{"unit":"px","top":"","right":"","bottom":"","left":"","isLinked":true},"form_field_border_color":"","form_field_border_radius":{"unit":"px","top":"","right":"","bottom":"","left":"","isLinked":true},"form_field_focus_text_color":"","form_field_focus_background_color":"","form_field_focus_box_shadow_box_shadow_type":"","form_field_focus_box_shadow_box_shadow":{"horizontal":0,"vertical":0,"blur":10,"spread":0,"color":"rgba(0,0,0,0.5)"},"form_field_focus_box_shadow_box_shadow_position":" ","form_field_focus_border_border":"","form_field_focus_border_width":{"unit":"px","top":"","right":"","bottom":"","left":"","isLinked":true},"form_field_focus_border_width_tablet":{"unit":"px","top":"","right":"","bottom":"","left":"","isLinked":true},"form_field_focus_border_width_mobile":{"unit":"px","top":"","right":"","bottom":"","left":"","isLinked":true},"form_field_focus_border_color":"","form_field_focus_border_radius":{"unit":"px","top":"","right":"","bottom":"","left":"","isLinked":true},"form_field_focus_transition_duration":{"unit":"px","size":"","sizes":[]},"form_field_padding":{"unit":"px","top":"","right":"","bottom":"","left":"","isLinked":true},"form_field_padding_tablet":{"unit":"px","top":"","right":"","bottom":"","left":"","isLinked":true},"form_field_padding_mobile":{"unit":"px","top":"","right":"","bottom":"","left":"","isLinked":true},"site_description":"","site_logo":{"url":"","id":false},"site_favicon":{"url":"","id":"0"},"body_background_background":"classic","body_background_color":"","body_background_color_stop":{"unit":"%","size":0,"sizes":[]},"body_background_color_b":"#f2295b","body_background_color_b_stop":{"unit":"%","size":100,"sizes":[]},"body_background_gradient_type":"linear","body_background_gradient_angle":{"unit":"deg","size":180,"sizes":[]},"body_background_gradient_position":"center center","body_background_image":{"url":"","id":""},"body_background_image_tablet":{"url":"","id":""},"body_background_image_mobile":{"url":"","id":""},"body_background_position":"","body_background_position_tablet":"","body_background_position_mobile":"","body_background_xpos":{"unit":"px","size":0,"sizes":[]},"body_background_xpos_tablet":{"unit":"px","size":0,"sizes":[]},"body_background_xpos_mobile":{"unit":"px","size":0,"sizes":[]},"body_background_ypos":{"unit":"px","size":0,"sizes":[]},"body_background_ypos_tablet":{"unit":"px","size":0,"sizes":[]},"body_background_ypos_mobile":{"unit":"px","size":0,"sizes":[]},"body_background_attachment":"","body_background_repeat":"","body_background_repeat_tablet":"","body_background_repeat_mobile":"","body_background_size":"","body_background_size_tablet":"","body_background_size_mobile":"","body_background_bg_width":{"unit":"%","size":100,"sizes":[]},"body_background_bg_width_tablet":{"unit":"px","size":"","sizes":[]},"body_background_bg_width_mobile":{"unit":"px","size":"","sizes":[]},"body_background_video_link":"","body_background_video_start":"","body_background_video_end":"","body_background_play_once":"","body_background_play_on_mobile":"","body_background_privacy_mode":"","body_background_video_fallback":{"url":"","id":""},"body_background_slideshow_gallery":[],"body_background_slideshow_loop":"yes","body_background_slideshow_slide_duration":5000,"body_background_slideshow_slide_transition":"fade","body_background_slideshow_transition_duration":500,"body_background_slideshow_background_size":"","body_background_slideshow_background_size_tablet":"","body_background_slideshow_background_size_mobile":"","body_background_slideshow_background_position":"","body_background_slideshow_background_position_tablet":"","body_background_slideshow_background_position_mobile":"","body_background_slideshow_ken_burns":"","body_background_slideshow_ken_burns_zoom_direction":"in","mobile_browser_background":"","gt3_parallax":"","container_width_tablet":{"unit":"px","size":1024,"sizes":[]},"container_width_mobile":{"unit":"px","size":767,"sizes":[]},"space_between_widgets":{"unit":"px","size":20,"sizes":[]},"stretched_section_container":"","default_page_template":"default","active_breakpoints":["viewport_mobile","viewport_tablet"],"viewport_md":"","viewport_lg":"","global_image_lightbox":"yes","lightbox_enable_counter":"yes","lightbox_enable_fullscreen":"yes","lightbox_enable_zoom":"yes","lightbox_enable_share":"yes","lightbox_title_src":"title","lightbox_description_src":"description","lightbox_color":"","lightbox_ui_color":"","lightbox_ui_color_hover":"","lightbox_text_color":"","lightbox_icons_size":{"unit":"px","size":"","sizes":[]},"lightbox_slider_icons_size":{"unit":"px","size":"","sizes":[]},"__globals__":{"body_color":"globals\/colors?id=theme-content-color","body_background_color":"globals\/colors?id=theme-body-bg-color","body_typography_typography":"globals\/typography?id=theme-main"},"post_title":"Default Kit","post_status":"publish"}