{"rev_sliders":["slider-1","Modern-Shop","Home_02"],"home_page":6782,"homepages":[{"id":9528,"title":"Home 13","preview":"9528.jpg"},{"id":9025,"title":"Home 12","preview":"9025.jpg"},{"id":8256,"title":"Home 11","preview":"8256.jpg"},{"id":6782,"title":"Home 10","preview":"6782.jpg"},{"id":6450,"title":"Home 09","preview":"6450.jpg"},{"id":6218,"title":"Home 08","preview":"6218.jpg"},{"id":5766,"title":"Home 07","preview":"5766.jpg"},{"id":5197,"title":"Home 06","preview":"5197.jpg"},{"id":3425,"title":"Home 05","preview":"3425.jpg"},{"id":3262,"title":"Home 04","preview":"3262.jpg"},{"id":495,"title":"Home 03","preview":"495.jpg"},{"id":427,"title":"Home 02","preview":"427.jpg"},{"id":91,"title":"Home 01","preview":"91.jpg"}],"attachments":{"10":{"id":10,"title":"woocommerce-placeholder","type":"attachment"},"967":{"id":967,"title":"Zazzle Media","type":"attachment"},"968":{"id":968,"title":"Air Track","type":"attachment"},"969":{"id":969,"title":"Sutra HR","type":"attachment"},"970":{"id":970,"title":"Sylexcoin","type":"attachment"},"971":{"id":971,"title":"Andrew-Rich","type":"attachment"},"972":{"id":972,"title":"Anna-Red","type":"attachment"},"973":{"id":973,"title":"baner","type":"attachment"},"974":{"id":974,"title":"blog_img_01","type":"attachment"},"975":{"id":975,"title":"blog_img_02","type":"attachment"},"976":{"id":976,"title":"blog_img_03","type":"attachment"},"977":{"id":977,"title":"blog_img_04","type":"attachment"},"978":{"id":978,"title":"case_img_01","type":"attachment"},"979":{"id":979,"title":"case_img_02","type":"attachment"},"981":{"id":981,"title":"chek_b","type":"attachment"},"982":{"id":982,"title":"chek_g","type":"attachment"},"983":{"id":983,"title":"chek_o","type":"attachment"},"986":{"id":986,"title":"contacts_img_02","type":"attachment"},"987":{"id":987,"title":"contacts_img_03","type":"attachment"},"988":{"id":988,"title":"Content-Marketing","type":"attachment"},"989":{"id":989,"title":"Content-Strategy","type":"attachment"},"990":{"id":990,"title":"Domain-Migration","type":"attachment"},"997":{"id":997,"title":"home_02_img_03","type":"attachment"},"999":{"id":999,"title":"home_02_img_05","type":"attachment"},"1003":{"id":1003,"title":"home_02_img_09","type":"attachment"},"1004":{"id":1004,"title":"home_03_img_01","type":"attachment"},"1008":{"id":1008,"title":"home_03_img_05","type":"attachment"},"1009":{"id":1009,"title":"home_03_img_06","type":"attachment"},"1019":{"id":1019,"title":"img_box_01","type":"attachment"},"1020":{"id":1020,"title":"img_box_02","type":"attachment"},"1021":{"id":1021,"title":"img_box_03","type":"attachment"},"1022":{"id":1022,"title":"img_box_04","type":"attachment"},"1023":{"id":1023,"title":"img_box_05","type":"attachment"},"1024":{"id":1024,"title":"img_box_06","type":"attachment"},"1025":{"id":1025,"title":"img_box_07","type":"attachment"},"1026":{"id":1026,"title":"img_box_08","type":"attachment"},"1027":{"id":1027,"title":"img_box_09","type":"attachment"},"1028":{"id":1028,"title":"img_box_10","type":"attachment"},"1029":{"id":1029,"title":"img_box_11","type":"attachment"},"1030":{"id":1030,"title":"img_box_12","type":"attachment"},"1031":{"id":1031,"title":"img_box_13","type":"attachment"},"1032":{"id":1032,"title":"img_box_14","type":"attachment"},"1033":{"id":1033,"title":"img_box_15","type":"attachment"},"1034":{"id":1034,"title":"img_box_16","type":"attachment"},"1035":{"id":1035,"title":"img_box_17","type":"attachment"},"1036":{"id":1036,"title":"img_box_18","type":"attachment"},"1037":{"id":1037,"title":"img_box_19","type":"attachment"},"1038":{"id":1038,"title":"img_box_20","type":"attachment"},"1039":{"id":1039,"title":"img_box_21","type":"attachment"},"1040":{"id":1040,"title":"img_box_22","type":"attachment"},"1041":{"id":1041,"title":"img_box_23","type":"attachment"},"1042":{"id":1042,"title":"img_box_24","type":"attachment"},"1043":{"id":1043,"title":"img_box_25","type":"attachment"},"1044":{"id":1044,"title":"img_box_26","type":"attachment"},"1045":{"id":1045,"title":"img_box_27","type":"attachment"},"1047":{"id":1047,"title":"Mannix-Marketing","type":"attachment"},"1048":{"id":1048,"title":"Online-Media-Management","type":"attachment"},"1049":{"id":1049,"title":"SEO-Optimization","type":"attachment"},"1062":{"id":1062,"title":"Social-Engagement","type":"attachment"},"1065":{"id":1065,"title":"Technical-SEO","type":"attachment"},"1066":{"id":1066,"title":"Twice-Profit-Than-Before","type":"attachment"},"1067":{"id":1067,"title":"Vanessa-Lucky","type":"attachment"},"1068":{"id":1068,"title":"Victor-Liuw","type":"attachment"},"1116":{"id":1116,"title":"img_box_28","type":"attachment"},"1175":{"id":1175,"title":"transparent_background","type":"attachment"},"1178":{"id":1178,"title":"home_03_img_02_1","type":"attachment"},"1248":{"id":1248,"title":"case_img_03","type":"attachment"},"1279":{"id":1279,"title":"page_title_price","type":"attachment"},"1328":{"id":1328,"title":"shop_img_01","type":"attachment"},"1332":{"id":1332,"title":"shop_img_02","type":"attachment"},"1333":{"id":1333,"title":"shop_img_03","type":"attachment"},"1334":{"id":1334,"title":"shop_img_04","type":"attachment"},"1335":{"id":1335,"title":"shop_img_05","type":"attachment"},"1336":{"id":1336,"title":"shop_img_06","type":"attachment"},"1337":{"id":1337,"title":"shop_img_07","type":"attachment"},"1338":{"id":1338,"title":"shop_img_08","type":"attachment"},"1339":{"id":1339,"title":"shop_img_09","type":"attachment"},"1381":{"id":1381,"title":"Angela-Long","type":"attachment"},"1382":{"id":1382,"title":"Dan-Brake","type":"attachment"},"1383":{"id":1383,"title":"Sam-Jordan","type":"attachment"},"7":{"id":7,"title":"woocommerce-placeholder","type":"attachment"},"1384":{"id":1384,"title":"Sandra-Willson","type":"attachment"},"1398":{"id":1398,"title":"blog_img_05","type":"attachment"},"1404":{"id":1404,"title":"blog_img_06","type":"attachment"},"1405":{"id":1405,"title":"blog_img_07","type":"attachment"},"1444":{"id":1444,"title":"img_box_29","type":"attachment"},"1445":{"id":1445,"title":"img_box_30","type":"attachment"},"1455":{"id":1455,"title":"logo_retina","type":"attachment"},"1456":{"id":1456,"title":"logo_retina(black)","type":"attachment"},"1461":{"id":1461,"title":"blog_img_08","type":"attachment"},"1464":{"id":1464,"title":"shop_img_10","type":"attachment"},"1465":{"id":1465,"title":"shop_img_11","type":"attachment"},"1466":{"id":1466,"title":"shop_img_12","type":"attachment"},"1473":{"id":1473,"title":"case_img_04","type":"attachment"},"1476":{"id":1476,"title":"case_img_05","type":"attachment"},"1567":{"id":1567,"title":"img_box_30_1","type":"attachment"},"1568":{"id":1568,"title":"img_box_29_1","type":"attachment"},"1569":{"id":1569,"title":"img_box_30 (1)","type":"attachment"},"1570":{"id":1570,"title":"img_box_28_1","type":"attachment"},"1571":{"id":1571,"title":"img_box_29 (1)","type":"attachment"},"1572":{"id":1572,"title":"img_box_28 (1)","type":"attachment"},"1573":{"id":1573,"title":"img_box_32_1","type":"attachment"},"1574":{"id":1574,"title":"img_box_32","type":"attachment"},"1575":{"id":1575,"title":"img_box_31_1","type":"attachment"},"1576":{"id":1576,"title":"img_box_31","type":"attachment"},"1604":{"id":1604,"title":"Tommy-Dents","type":"attachment"},"1605":{"id":1605,"title":"Silviia-Garden","type":"attachment"},"1606":{"id":1606,"title":"Denis-Robinson","type":"attachment"},"1657":{"id":1657,"title":"ellipses","type":"attachment"},"1659":{"id":1659,"title":"ellipses_top","type":"attachment"},"1671":{"id":1671,"title":"blog_post_02","type":"attachment"},"1679":{"id":1679,"title":"blog_post_01","type":"attachment"},"1925":{"id":1925,"title":"accordion_plus","type":"attachment"},"1929":{"id":1929,"title":"accordion-minus","type":"attachment"},"1935":{"id":1935,"title":"404","type":"attachment"},"2001":{"id":2001,"title":"home2_img_02","type":"attachment"},"2007":{"id":2007,"title":"home2_img_03","type":"attachment"},"2012":{"id":2012,"title":"home2_img_04","type":"attachment"},"2016":{"id":2016,"title":"home2_img_05","type":"attachment"},"2027":{"id":2027,"title":"home2_img_06","type":"attachment"},"2061":{"id":2061,"title":"home2_img_08","type":"attachment"},"2073":{"id":2073,"title":"contacts_01","type":"attachment"},"2092":{"id":2092,"title":"about_us_img_01","type":"attachment"},"2161":{"id":2161,"title":"SMM_img","type":"attachment"},"2211":{"id":2211,"title":"home2_img_01","type":"attachment"},"2221":{"id":2221,"title":"clients_img_01","type":"attachment"},"2222":{"id":2222,"title":"clients_img_02","type":"attachment"},"2223":{"id":2223,"title":"clients_img_03","type":"attachment"},"2224":{"id":2224,"title":"clients_img_04","type":"attachment"},"2225":{"id":2225,"title":"clients_img_05","type":"attachment"},"2226":{"id":2226,"title":"clients_img_06","type":"attachment"},"2289":{"id":2289,"title":"case_img_06","type":"attachment"},"2300":{"id":2300,"title":"map_point","type":"attachment"},"2328":{"id":2328,"title":"icon-12","type":"attachment"},"2329":{"id":2329,"title":"icon-16","type":"attachment"},"2330":{"id":2330,"title":"icon-15","type":"attachment"},"2331":{"id":2331,"title":"icon-14","type":"attachment"},"2332":{"id":2332,"title":"icon-13","type":"attachment"},"2384":{"id":2384,"title":"home2_img_071","type":"attachment"},"2399":{"id":2399,"title":"1920-482","type":"attachment"},"1630":{"id":1630,"title":"clouds_new_03","type":"attachment"},"1635":{"id":1635,"title":"clouds-01","type":"attachment"},"1636":{"id":1636,"title":"clouds-02","type":"attachment"},"1966":{"id":1966,"title":"home_img-01","type":"attachment"},"1971":{"id":1971,"title":"home_img-02","type":"attachment"},"2400":{"id":2400,"title":"Dan_Brake","type":"attachment"},"2421":{"id":2421,"title":"PCC_bg_img","type":"attachment"},"2428":{"id":2428,"title":"Coming_soon_bg","type":"attachment"},"2433":{"id":2433,"title":"iphone","type":"attachment"},"2472":{"id":2472,"title":"FAQ_2_bg_img","type":"attachment"},"2478":{"id":2478,"title":"team_bg_img","type":"attachment"},"2484":{"id":2484,"title":"services_img","type":"attachment"},"2490":{"id":2490,"title":"services_img_01","type":"attachment"},"2496":{"id":2496,"title":"PCC_bg_img_01","type":"attachment"},"2498":{"id":2498,"title":"SEO_bg_img","type":"attachment"},"2503":{"id":2503,"title":"SEO_bg_img_01","type":"attachment"},"2505":{"id":2505,"title":"SMM_bg__img","type":"attachment"},"2692":{"id":2692,"title":"pic_footer","type":"attachment"},"2710":{"id":2710,"title":"gt3_image_svg","type":"attachment"},"2711":{"id":2711,"title":"Marketing","type":"attachment"},"1520":{"id":1520,"title":"revolution_img-1","type":"attachment"},"1521":{"id":1521,"title":"roket_new","type":"attachment"},"1522":{"id":1522,"title":"planet_new","type":"attachment"},"1548":{"id":1548,"title":"tabs_content-01","type":"attachment"},"1578":{"id":1578,"title":"tabs_content-02","type":"attachment"},"1580":{"id":1580,"title":"tabs_content-03","type":"attachment"},"1582":{"id":1582,"title":"tabs_content-04","type":"attachment"},"1584":{"id":1584,"title":"tabs_content-05","type":"attachment"},"1975":{"id":1975,"title":"home_img-03","type":"attachment"},"1982":{"id":1982,"title":"home_img-04","type":"attachment"},"1986":{"id":1986,"title":"home_img-05","type":"attachment"},"2651":{"id":2651,"title":"pic_paralax_2","type":"attachment"},"3064":{"id":3064,"title":"services_img_001","type":"attachment"},"3116":{"id":3116,"title":"","type":"attachment"},"3133":{"id":3133,"title":"woocommerce-placeholder","type":"attachment"},"3264":{"id":3264,"title":"placeholder.png","type":"attachment"},"3265":{"id":3265,"title":"1.png","type":"attachment"},"3266":{"id":3266,"title":"2.png","type":"attachment"},"3267":{"id":3267,"title":"3.png","type":"attachment"},"3268":{"id":3268,"title":"4.png","type":"attachment"},"3272":{"id":3272,"title":"header_wave-bg","type":"attachment"},"3273":{"id":3273,"title":"Digital Products","type":"attachment"},"3274":{"id":3274,"title":"triangle","type":"attachment"},"3275":{"id":3275,"title":"triangle","type":"attachment"},"3276":{"id":3276,"title":"circle","type":"attachment"},"3277":{"id":3277,"title":"figure_icon1","type":"attachment"},"3278":{"id":3278,"title":"figure_icon1_hover","type":"attachment"},"3279":{"id":3279,"title":"figure_icon2","type":"attachment"},"3280":{"id":3280,"title":"figure_icon2_hover","type":"attachment"},"3281":{"id":3281,"title":"figure_icon3","type":"attachment"},"3282":{"id":3282,"title":"figure_icon3_hover","type":"attachment"},"3283":{"id":3283,"title":"man_with_laptop","type":"attachment"},"3284":{"id":3284,"title":"home4_icon1","type":"attachment"},"3285":{"id":3285,"title":"home4_icon2","type":"attachment"},"3286":{"id":3286,"title":"home4_icon3","type":"attachment"},"3287":{"id":3287,"title":"home4_icon4","type":"attachment"},"3288":{"id":3288,"title":"home4_icon5","type":"attachment"},"3289":{"id":3289,"title":"home4_icon6","type":"attachment"},"3290":{"id":3290,"title":"video_bg","type":"attachment"},"3291":{"id":3291,"title":"content_wave-bg1","type":"attachment"},"3292":{"id":3292,"title":"home4_img","type":"attachment"},"3293":{"id":3293,"title":"wave","type":"attachment"},"3294":{"id":3294,"title":"content_wave-bg2","type":"attachment"},"3298":{"id":3298,"title":"logo_retina_white","type":"attachment"},"3319":{"id":3319,"title":"Contacts","type":"attachment"},"3320":{"id":3320,"title":"Location","type":"attachment"},"3435":{"id":3435,"title":"element_01","type":"attachment"},"3445":{"id":3445,"title":"seo","type":"attachment"},"3492":{"id":3492,"title":"Phone","type":"attachment"},"3493":{"id":3493,"title":"img_box_30_orange","type":"attachment"},"3498":{"id":3498,"title":"home5_bg_01","type":"attachment"},"3531":{"id":3531,"title":"img_2","type":"attachment"},"3533":{"id":3533,"title":"service_img1","type":"attachment"},"3534":{"id":3534,"title":"service_img1-active","type":"attachment"},"3541":{"id":3541,"title":"home5_img_01","type":"attachment"},"3543":{"id":3543,"title":"service_img2","type":"attachment"},"3544":{"id":3544,"title":"service_img2-active","type":"attachment"},"3547":{"id":3547,"title":"service_img3","type":"attachment"},"3548":{"id":3548,"title":"service_img3-active","type":"attachment"},"3551":{"id":3551,"title":"service_img4","type":"attachment"},"3552":{"id":3552,"title":"service_img4-active","type":"attachment"},"3553":{"id":3553,"title":"home5_img_02","type":"attachment"},"3556":{"id":3556,"title":"points_bg","type":"attachment"},"3582":{"id":3582,"title":"element_02","type":"attachment"},"3616":{"id":3616,"title":"home5_blog_img","type":"attachment"},"3669":{"id":3669,"title":"element_03","type":"attachment"},"3727":{"id":3727,"title":"portfolio_img_01","type":"attachment"},"3738":{"id":3738,"title":"Digital-Presence","type":"attachment"},"3745":{"id":3745,"title":"portfolio_img_02","type":"attachment"},"3758":{"id":3758,"title":"portfolio_img_04","type":"attachment"},"3759":{"id":3759,"title":"portfolio_img_05","type":"attachment"},"3793":{"id":3793,"title":"home5_img_03","type":"attachment"},"3808":{"id":3808,"title":"round-points","type":"attachment"},"3831":{"id":3831,"title":"figure_image2","type":"attachment"},"3834":{"id":3834,"title":"Project in mind","type":"attachment"},"3904":{"id":3904,"title":"circle_orange","type":"attachment"},"3910":{"id":3910,"title":"figure-image1","type":"attachment"},"3916":{"id":3916,"title":"your_success","type":"attachment"},"4894":{"id":4894,"title":"landing_planet","type":"attachment"},"4897":{"id":4897,"title":"landing_icon_01","type":"attachment"},"4898":{"id":4898,"title":"landing_icon_02","type":"attachment"},"4899":{"id":4899,"title":"landing_icon_03","type":"attachment"},"4900":{"id":4900,"title":"landing_icon_04","type":"attachment"},"4901":{"id":4901,"title":"landing_icon_05","type":"attachment"},"4921":{"id":4921,"title":"ewebot_landing_img-01","type":"attachment"},"4922":{"id":4922,"title":"landing_footer","type":"attachment"},"4923":{"id":4923,"title":"ewebot_landing_img-02","type":"attachment"},"4926":{"id":4926,"title":"landing-logo-ewebot","type":"attachment"},"4930":{"id":4930,"title":"landing_planet2","type":"attachment"},"4941":{"id":4941,"title":"","type":"attachment"},"4942":{"id":4942,"title":"","type":"attachment"},"4943":{"id":4943,"title":"","type":"attachment"},"4944":{"id":4944,"title":"","type":"attachment"},"4948":{"id":4948,"title":"landing_home","type":"attachment"},"4957":{"id":4957,"title":"","type":"attachment"},"4958":{"id":4958,"title":"","type":"attachment"},"4959":{"id":4959,"title":"pages_03","type":"attachment"},"4960":{"id":4960,"title":"","type":"attachment"},"4961":{"id":4961,"title":"","type":"attachment"},"4962":{"id":4962,"title":"","type":"attachment"},"4963":{"id":4963,"title":"","type":"attachment"},"4964":{"id":4964,"title":"","type":"attachment"},"4965":{"id":4965,"title":"","type":"attachment"},"4966":{"id":4966,"title":"","type":"attachment"},"4967":{"id":4967,"title":"","type":"attachment"},"4968":{"id":4968,"title":"pages_13","type":"attachment"},"4970":{"id":4970,"title":"pages_05","type":"attachment"},"5010":{"id":5010,"title":"","type":"attachment"},"5011":{"id":5011,"title":"","type":"attachment"},"5012":{"id":5012,"title":"","type":"attachment"},"5015":{"id":5015,"title":"ewebot_landing_img-03","type":"attachment"},"5016":{"id":5016,"title":"","type":"attachment"},"5017":{"id":5017,"title":"","type":"attachment"},"5018":{"id":5018,"title":"portfolio_img_01_new","type":"attachment"},"5026":{"id":5026,"title":"landing_img_3","type":"attachment"},"5034":{"id":5034,"title":"","type":"attachment"},"5035":{"id":5035,"title":"","type":"attachment"},"5036":{"id":5036,"title":"","type":"attachment"},"5040":{"id":5040,"title":"landing_img_06","type":"attachment"},"5041":{"id":5041,"title":"landing_img_07","type":"attachment"},"5044":{"id":5044,"title":"landing_img_8","type":"attachment"},"5048":{"id":5048,"title":"","type":"attachment"},"5049":{"id":5049,"title":"","type":"attachment"},"5050":{"id":5050,"title":"","type":"attachment"},"5051":{"id":5051,"title":"","type":"attachment"},"5052":{"id":5052,"title":"","type":"attachment"},"5053":{"id":5053,"title":"","type":"attachment"},"5054":{"id":5054,"title":"","type":"attachment"},"5055":{"id":5055,"title":"","type":"attachment"},"5056":{"id":5056,"title":"","type":"attachment"},"5133":{"id":5133,"title":"landing_home_5","type":"attachment"},"5212":{"id":5212,"title":"rs_home_06_03","type":"attachment"},"5213":{"id":5213,"title":"rs_home_06_02","type":"attachment"},"5214":{"id":5214,"title":"rs_home_06_01","type":"attachment"},"5247":{"id":5247,"title":"home6_icon_04","type":"attachment"},"5248":{"id":5248,"title":"home6_icon_05","type":"attachment"},"5249":{"id":5249,"title":"home6_icon_06","type":"attachment"},"5250":{"id":5250,"title":"home6_icon_07","type":"attachment"},"5254":{"id":5254,"title":"home6_icon_08","type":"attachment"},"5262":{"id":5262,"title":"home_06_project_02","type":"attachment"},"5263":{"id":5263,"title":"home_06_project_01","type":"attachment"},"5270":{"id":5270,"title":"home6_icon_10","type":"attachment"},"5271":{"id":5271,"title":"home6_icon_09","type":"attachment"},"5297":{"id":5297,"title":"home6_icon_11","type":"attachment"},"5300":{"id":5300,"title":"home6_icon_12","type":"attachment"},"5310":{"id":5310,"title":"home6_icon_13","type":"attachment"},"5311":{"id":5311,"title":"home6_icon_14","type":"attachment"},"5327":{"id":5327,"title":"Manix-Marketing","type":"attachment"},"5368":{"id":5368,"title":"home6_icon_16","type":"attachment"},"5374":{"id":5374,"title":"home6_img_8","type":"attachment"},"5375":{"id":5375,"title":"","type":"attachment"},"5376":{"id":5376,"title":"","type":"attachment"},"5377":{"id":5377,"title":"","type":"attachment"},"5378":{"id":5378,"title":"home6_img_4","type":"attachment"},"5379":{"id":5379,"title":"home6_img_5","type":"attachment"},"5380":{"id":5380,"title":"home6_img_1","type":"attachment"},"5381":{"id":5381,"title":"home6_img_2","type":"attachment"},"5382":{"id":5382,"title":"home6_img_3","type":"attachment"},"5406":{"id":5406,"title":"home6_icon_17","type":"attachment"},"5414":{"id":5414,"title":"home_06_project_03","type":"attachment"},"5415":{"id":5415,"title":"home_06_project_04","type":"attachment"},"5416":{"id":5416,"title":"home6_icon_18","type":"attachment"},"5455":{"id":5455,"title":"home6_img_top","type":"attachment"},"5467":{"id":5467,"title":"home6_blog_bg","type":"attachment"},"5512":{"id":5512,"title":"home6_icon1","type":"attachment"},"5522":{"id":5522,"title":"home6_imgbox_bg","type":"attachment"},"5526":{"id":5526,"title":"home_06_iconbox_bg_05","type":"attachment"},"5527":{"id":5527,"title":"home_06_iconbox_bg_06","type":"attachment"},"5528":{"id":5528,"title":"home_06_iconbox_bg_04","type":"attachment"},"5529":{"id":5529,"title":"home_06_iconbox_bg_01","type":"attachment"},"5530":{"id":5530,"title":"home_06_iconbox_bg_02","type":"attachment"},"5531":{"id":5531,"title":"home_06_iconbox_bg_03","type":"attachment"},"5532":{"id":5532,"title":"home6_icon7","type":"attachment"},"5533":{"id":5533,"title":"home6_icon2","type":"attachment"},"5534":{"id":5534,"title":"home6_icon3","type":"attachment"},"5535":{"id":5535,"title":"home6_icon4","type":"attachment"},"5536":{"id":5536,"title":"home6_icon5","type":"attachment"},"5537":{"id":5537,"title":"home6_icon6","type":"attachment"},"5539":{"id":5539,"title":"home_06_iconbox_bg_0","type":"attachment"},"5555":{"id":5555,"title":"home_06_icon_23","type":"attachment"},"5556":{"id":5556,"title":"home_06_icon_22","type":"attachment"},"5601":{"id":5601,"title":"","type":"attachment"},"5602":{"id":5602,"title":"Homepage 06","type":"attachment"},"5774":{"id":5774,"title":"home7_icon_01","type":"attachment"},"5775":{"id":5775,"title":"home7_icon_02","type":"attachment"},"5776":{"id":5776,"title":"home7_icon_03","type":"attachment"},"5777":{"id":5777,"title":"home7_icon_04","type":"attachment"},"5843":{"id":5843,"title":"home7_img_01","type":"attachment"},"5853":{"id":5853,"title":"home7_icon_08","type":"attachment"},"5854":{"id":5854,"title":"home7_icon_09","type":"attachment"},"5855":{"id":5855,"title":"home7_icon_10","type":"attachment"},"5856":{"id":5856,"title":"home7_icon_06","type":"attachment"},"5857":{"id":5857,"title":"home7_icon_07","type":"attachment"},"5858":{"id":5858,"title":"home7_icon_05","type":"attachment"},"5874":{"id":5874,"title":"IN_YOUR_THOUGHTS","type":"attachment"},"5891":{"id":5891,"title":"google_play","type":"attachment"},"5892":{"id":5892,"title":"app_store","type":"attachment"},"5905":{"id":5905,"title":"home7_iphone","type":"attachment"},"5912":{"id":5912,"title":"home7_img_04","type":"attachment"},"5918":{"id":5918,"title":"macbook","type":"attachment"},"5923":{"id":5923,"title":"home7_img_05","type":"attachment"},"5955":{"id":5955,"title":"seo-text","type":"attachment"},"5959":{"id":5959,"title":"home7_icon_01_4","type":"attachment"},"5960":{"id":5960,"title":"home7_icon_01_3","type":"attachment"},"5961":{"id":5961,"title":"home7_icon_01_1","type":"attachment"},"5962":{"id":5962,"title":"home7_icon_01_2","type":"attachment"},"6041":{"id":6041,"title":"home7-bg","type":"attachment"},"6044":{"id":6044,"title":"home7_element","type":"attachment"},"6046":{"id":6046,"title":"home7_bg01","type":"attachment"},"6048":{"id":6048,"title":"home7_bg02","type":"attachment"},"6050":{"id":6050,"title":"home7_bg03","type":"attachment"},"6053":{"id":6053,"title":"home7_circle1e1","type":"attachment"},"6070":{"id":6070,"title":"","type":"attachment"},"6139":{"id":6139,"title":"accordion-minus-new","type":"attachment"},"6140":{"id":6140,"title":"accordion_plus-new","type":"attachment"},"6220":{"id":6220,"title":"home6_img_2.png","type":"attachment"},"6221":{"id":6221,"title":"home6_img_1.png","type":"attachment"},"6222":{"id":6222,"title":"home6_img_4.png","type":"attachment"},"6223":{"id":6223,"title":"home6_img_3.png","type":"attachment"},"6229":{"id":6229,"title":"home8_bg","type":"attachment"},"6230":{"id":6230,"title":"gradient-figure","type":"attachment"},"6235":{"id":6235,"title":"home8_iconbox_bg","type":"attachment"},"6236":{"id":6236,"title":"conversation-icon","type":"attachment"},"6237":{"id":6237,"title":"graphicon","type":"attachment"},"6238":{"id":6238,"title":"rocket-icon","type":"attachment"},"6239":{"id":6239,"title":"home8_img_figure","type":"attachment"},"6240":{"id":6240,"title":"businessman-using-smartphone","type":"attachment"},"6241":{"id":6241,"title":"seo_text","type":"attachment"},"6243":{"id":6243,"title":"home8_section-bg1","type":"attachment"},"6244":{"id":6244,"title":"blue-chek-icon","type":"attachment"},"6245":{"id":6245,"title":"person-icon","type":"attachment"},"6246":{"id":6246,"title":"smartphone-icon","type":"attachment"},"6247":{"id":6247,"title":"cloud-icon","type":"attachment"},"6248":{"id":6248,"title":"transfer-icon","type":"attachment"},"6249":{"id":6249,"title":"home8_works_bg","type":"attachment"},"6250":{"id":6250,"title":"home8_works_bg","type":"attachment"},"6252":{"id":6252,"title":"home8_testimonials_bg","type":"attachment"},"6254":{"id":6254,"title":"home08-testimonials-icon","type":"attachment"},"6258":{"id":6258,"title":"","type":"attachment"},"6260":{"id":6260,"title":"contact_icon","type":"attachment"},"6261":{"id":6261,"title":"price5-label","type":"attachment"},"6262":{"id":6262,"title":"home8_pricing","type":"attachment"},"6290":{"id":6290,"title":"logo_retina_white.png","type":"attachment"},"6301":{"id":6301,"title":"logo_retina_white.png","type":"attachment"},"6369":{"id":6369,"title":"logo_purple","type":"attachment"},"6377":{"id":6377,"title":"home8_testimonials-wave_new","type":"attachment"},"6379":{"id":6379,"title":"zazzle","type":"attachment"},"6380":{"id":6380,"title":"air track","type":"attachment"},"6381":{"id":6381,"title":"sutra","type":"attachment"},"6382":{"id":6382,"title":"sylexcoin","type":"attachment"},"6388":{"id":6388,"title":"flowy-dark-haired-woman","type":"attachment"},"6416":{"id":6416,"title":"businessman-using_smartphone","type":"attachment"},"6417":{"id":6417,"title":"business-people-in-modern_office","type":"attachment"},"6418":{"id":6418,"title":"view-glass-casual_cheerful","type":"attachment"},"6420":{"id":6420,"title":"pensive-female_journalist","type":"attachment"},"6481":{"id":6481,"title":"home09_bg","type":"attachment"},"6485":{"id":6485,"title":"home09_vawe-bg1","type":"attachment"},"6486":{"id":6486,"title":"website_traffic","type":"attachment"},"6487":{"id":6487,"title":"home09_vawe_bg2","type":"attachment"},"6488":{"id":6488,"title":"work-together","type":"attachment"},"6489":{"id":6489,"title":"What-We-Offer","type":"attachment"},"6490":{"id":6490,"title":"home9_icon1","type":"attachment"},"6491":{"id":6491,"title":"home9_icon2","type":"attachment"},"6492":{"id":6492,"title":"home9_icon3","type":"attachment"},"6493":{"id":6493,"title":"home09_vawe-bg3","type":"attachment"},"6494":{"id":6494,"title":"home09-vawe-bg4_new","type":"attachment"},"6495":{"id":6495,"title":"home09_quote","type":"attachment"},"6496":{"id":6496,"title":"contact_icon-white","type":"attachment"},"6497":{"id":6497,"title":"home9_bottom_vawe","type":"attachment"},"6498":{"id":6498,"title":"air-track","type":"attachment"},"6499":{"id":6499,"title":"sutra-hr","type":"attachment"},"6500":{"id":6500,"title":"sylexcoin","type":"attachment"},"6501":{"id":6501,"title":"zazzle-media","type":"attachment"},"6505":{"id":6505,"title":"","type":"attachment"},"6506":{"id":6506,"title":"testimonials_09_2","type":"attachment"},"6567":{"id":6567,"title":"SEO Consultancy","type":"attachment"},"6574":{"id":6574,"title":"Competitor Analysis","type":"attachment"},"6581":{"id":6581,"title":"Social Media Marketing","type":"attachment"},"6737":{"id":6737,"title":"about_new","type":"attachment"},"6786":{"id":6786,"title":"circle_orange","type":"attachment"},"6806":{"id":6806,"title":"circle_blue","type":"attachment"},"6810":{"id":6810,"title":"circle_green","type":"attachment"},"6811":{"id":6811,"title":"circle_purple","type":"attachment"},"6872":{"id":6872,"title":"map-new","type":"attachment"},"6883":{"id":6883,"title":"Smiling girl","type":"attachment"},"6910":{"id":6910,"title":"Digital","type":"attachment"},"6911":{"id":6911,"title":"Marketing","type":"attachment"},"6912":{"id":6912,"title":"Grow","type":"attachment"},"6913":{"id":6913,"title":"Success","type":"attachment"},"7143":{"id":7143,"title":"Phones Figure","type":"attachment"},"7189":{"id":7189,"title":"Statistic","type":"attachment"},"7249":{"id":7249,"title":"Progress","type":"attachment"},"7250":{"id":7250,"title":"Marketing","type":"attachment"},"7346":{"id":7346,"title":"Girl with phone","type":"attachment"},"7358":{"id":7358,"title":"Ellipse","type":"attachment"},"7548":{"id":7548,"title":"Ellipse","type":"attachment"},"7565":{"id":7565,"title":"Smiling girl","type":"attachment"},"7739":{"id":7739,"title":"home10_avatar","type":"attachment"},"7752":{"id":7752,"title":"Quote","type":"attachment"},"7930":{"id":7930,"title":"home10_service1","type":"attachment"},"7931":{"id":7931,"title":"home10_service1-active","type":"attachment"},"7932":{"id":7932,"title":"home10_service2","type":"attachment"},"7933":{"id":7933,"title":"home10_service2-active","type":"attachment"},"7934":{"id":7934,"title":"home10_service3","type":"attachment"},"7935":{"id":7935,"title":"home10_service3-active","type":"attachment"},"7936":{"id":7936,"title":"home10_service4","type":"attachment"},"7937":{"id":7937,"title":"home10_service4-active","type":"attachment"},"7938":{"id":7938,"title":"home10_service5","type":"attachment"},"7939":{"id":7939,"title":"home10_service5-active","type":"attachment"},"7940":{"id":7940,"title":"home10_service6","type":"attachment"},"7941":{"id":7941,"title":"home10_service6-active","type":"attachment"},"7956":{"id":7956,"title":"","type":"attachment"},"8067":{"id":8067,"title":"","type":"attachment"},"8170":{"id":8170,"title":"main_footer_bg","type":"attachment"},"8248":{"id":8248,"title":"","type":"attachment"},"8253":{"id":8253,"title":"modern_shop_slide1.jpg","type":"attachment"},"8254":{"id":8254,"title":"modern_shop_slide2.jpg","type":"attachment"},"8255":{"id":8255,"title":"modern_shop_slide3.jpg","type":"attachment"},"8281":{"id":8281,"title":"","type":"attachment"},"8282":{"id":8282,"title":"","type":"attachment"},"8283":{"id":8283,"title":"","type":"attachment"},"8284":{"id":8284,"title":"","type":"attachment"},"8285":{"id":8285,"title":"","type":"attachment"},"8286":{"id":8286,"title":"","type":"attachment"},"8287":{"id":8287,"title":"","type":"attachment"},"8288":{"id":8288,"title":"","type":"attachment"},"8289":{"id":8289,"title":"","type":"attachment"},"8290":{"id":8290,"title":"","type":"attachment"},"8292":{"id":8292,"title":"","type":"attachment"},"8293":{"id":8293,"title":"","type":"attachment"},"8294":{"id":8294,"title":"","type":"attachment"},"8295":{"id":8295,"title":"","type":"attachment"},"8296":{"id":8296,"title":"","type":"attachment"},"8297":{"id":8297,"title":"","type":"attachment"},"8335":{"id":8335,"title":"","type":"attachment"},"8342":{"id":8342,"title":"","type":"attachment"},"8343":{"id":8343,"title":"","type":"attachment"},"8344":{"id":8344,"title":"","type":"attachment"},"8345":{"id":8345,"title":"","type":"attachment"},"8346":{"id":8346,"title":"","type":"attachment"},"8347":{"id":8347,"title":"","type":"attachment"},"8355":{"id":8355,"title":"","type":"attachment"},"8356":{"id":8356,"title":"","type":"attachment"},"8357":{"id":8357,"title":"","type":"attachment"},"8358":{"id":8358,"title":"","type":"attachment"},"8369":{"id":8369,"title":"","type":"attachment"},"8370":{"id":8370,"title":"","type":"attachment"},"8371":{"id":8371,"title":"","type":"attachment"},"8372":{"id":8372,"title":"","type":"attachment"},"8373":{"id":8373,"title":"","type":"attachment"},"8375":{"id":8375,"title":"","type":"attachment"},"8377":{"id":8377,"title":"","type":"attachment"},"8378":{"id":8378,"title":"","type":"attachment"},"8379":{"id":8379,"title":"","type":"attachment"},"8380":{"id":8380,"title":"","type":"attachment"},"8384":{"id":8384,"title":"","type":"attachment"},"8385":{"id":8385,"title":"","type":"attachment"},"8386":{"id":8386,"title":"","type":"attachment"},"8387":{"id":8387,"title":"","type":"attachment"},"8391":{"id":8391,"title":"","type":"attachment"},"8394":{"id":8394,"title":"","type":"attachment"},"8395":{"id":8395,"title":"","type":"attachment"},"8396":{"id":8396,"title":"","type":"attachment"},"8397":{"id":8397,"title":"","type":"attachment"},"8402":{"id":8402,"title":"","type":"attachment"},"8403":{"id":8403,"title":"","type":"attachment"},"8404":{"id":8404,"title":"","type":"attachment"},"8405":{"id":8405,"title":"","type":"attachment"},"8406":{"id":8406,"title":"","type":"attachment"},"8410":{"id":8410,"title":"","type":"attachment"},"8411":{"id":8411,"title":"","type":"attachment"},"8412":{"id":8412,"title":"","type":"attachment"},"8413":{"id":8413,"title":"","type":"attachment"},"8419":{"id":8419,"title":"","type":"attachment"},"8420":{"id":8420,"title":"","type":"attachment"},"8421":{"id":8421,"title":"","type":"attachment"},"8422":{"id":8422,"title":"","type":"attachment"},"8427":{"id":8427,"title":"","type":"attachment"},"8428":{"id":8428,"title":"","type":"attachment"},"8429":{"id":8429,"title":"","type":"attachment"},"8430":{"id":8430,"title":"","type":"attachment"},"8431":{"id":8431,"title":"","type":"attachment"},"8438":{"id":8438,"title":"","type":"attachment"},"8439":{"id":8439,"title":"","type":"attachment"},"8440":{"id":8440,"title":"","type":"attachment"},"8441":{"id":8441,"title":"","type":"attachment"},"8443":{"id":8443,"title":"","type":"attachment"},"8444":{"id":8444,"title":"","type":"attachment"},"8445":{"id":8445,"title":"","type":"attachment"},"8449":{"id":8449,"title":"","type":"attachment"},"8450":{"id":8450,"title":"","type":"attachment"},"8454":{"id":8454,"title":"","type":"attachment"},"8455":{"id":8455,"title":"","type":"attachment"},"8461":{"id":8461,"title":"","type":"attachment"},"8464":{"id":8464,"title":"","type":"attachment"},"8465":{"id":8465,"title":"","type":"attachment"},"8467":{"id":8467,"title":"","type":"attachment"},"8468":{"id":8468,"title":"","type":"attachment"},"8469":{"id":8469,"title":"","type":"attachment"},"8472":{"id":8472,"title":"","type":"attachment"},"8473":{"id":8473,"title":"","type":"attachment"},"8476":{"id":8476,"title":"","type":"attachment"},"8477":{"id":8477,"title":"","type":"attachment"},"8478":{"id":8478,"title":"","type":"attachment"},"8480":{"id":8480,"title":"","type":"attachment"},"8481":{"id":8481,"title":"","type":"attachment"},"8482":{"id":8482,"title":"brew-stove-coffee-maker-2","type":"attachment"},"8486":{"id":8486,"title":"","type":"attachment"},"8487":{"id":8487,"title":"","type":"attachment"},"8488":{"id":8488,"title":"menu-knitting-chair-2","type":"attachment"},"8491":{"id":8491,"title":"","type":"attachment"},"8492":{"id":8492,"title":"","type":"attachment"},"8493":{"id":8493,"title":"beat-fat-pendant-light-brass-2","type":"attachment"},"8508":{"id":8508,"title":"","type":"attachment"},"8510":{"id":8510,"title":"","type":"attachment"},"8589":{"id":8589,"title":"In Stock & Ready to Go","type":"attachment"},"8590":{"id":8590,"title":"Sale Gets Even Better","type":"attachment"},"8626":{"id":8626,"title":"","type":"attachment"},"8642":{"id":8642,"title":"","type":"attachment"},"8643":{"id":8643,"title":"","type":"attachment"},"8644":{"id":8644,"title":"","type":"attachment"},"8645":{"id":8645,"title":"","type":"attachment"},"8646":{"id":8646,"title":"","type":"attachment"},"8648":{"id":8648,"title":"","type":"attachment"},"8649":{"id":8649,"title":"","type":"attachment"},"8650":{"id":8650,"title":"","type":"attachment"},"8651":{"id":8651,"title":"","type":"attachment"},"8652":{"id":8652,"title":"","type":"attachment"},"8653":{"id":8653,"title":"","type":"attachment"},"8654":{"id":8654,"title":"","type":"attachment"},"8655":{"id":8655,"title":"","type":"attachment"},"8656":{"id":8656,"title":"","type":"attachment"},"8657":{"id":8657,"title":"","type":"attachment"},"8658":{"id":8658,"title":"","type":"attachment"},"8660":{"id":8660,"title":"","type":"attachment"},"8661":{"id":8661,"title":"","type":"attachment"},"8662":{"id":8662,"title":"","type":"attachment"},"8663":{"id":8663,"title":"modern_landing-bg1","type":"attachment"},"8664":{"id":8664,"title":"","type":"attachment"},"8665":{"id":8665,"title":"","type":"attachment"},"8666":{"id":8666,"title":"","type":"attachment"},"8669":{"id":8669,"title":"","type":"attachment"},"8670":{"id":8670,"title":"","type":"attachment"},"8671":{"id":8671,"title":"woo_label","type":"attachment"},"8672":{"id":8672,"title":"","type":"attachment"},"8673":{"id":8673,"title":"","type":"attachment"},"8700":{"id":8700,"title":"","type":"attachment"},"8702":{"id":8702,"title":"","type":"attachment"},"8703":{"id":8703,"title":"","type":"attachment"},"8714":{"id":8714,"title":"","type":"attachment"},"8720":{"id":8720,"title":"","type":"attachment"},"8724":{"id":8724,"title":"","type":"attachment"},"8736":{"id":8736,"title":"","type":"attachment"},"8745":{"id":8745,"title":"loading","type":"attachment"},"8790":{"id":8790,"title":"promo","type":"attachment"},"8797":{"id":8797,"title":"landing_planet2.png","type":"attachment"},"8798":{"id":8798,"title":"landing_planet.png","type":"attachment"},"8799":{"id":8799,"title":"landing-logo-ewebot.png","type":"attachment"},"8800":{"id":8800,"title":"landing_icon_04.png","type":"attachment"},"8801":{"id":8801,"title":"landing_icon_05.png","type":"attachment"},"8802":{"id":8802,"title":"landing_icon_03.png","type":"attachment"},"8803":{"id":8803,"title":"landing_icon_02.png","type":"attachment"},"8804":{"id":8804,"title":"landing_icon_01.png","type":"attachment"},"8805":{"id":8805,"title":"ewebot_landing_img-01.jpg","type":"attachment"},"8810":{"id":8810,"title":"home6.jpg","type":"attachment"},"8821":{"id":8821,"title":"pages_05.jpg","type":"attachment"},"8829":{"id":8829,"title":"pages_13.jpg","type":"attachment"},"8835":{"id":8835,"title":"landing_img_3.png","type":"attachment"},"8836":{"id":8836,"title":"ewebot_landing_img-03.jpg","type":"attachment"},"8842":{"id":8842,"title":"landing_img_8.png","type":"attachment"},"8852":{"id":8852,"title":"landing_footer.jpg","type":"attachment"},"9049":{"id":9049,"title":"logo_retinablack-red","type":"attachment"},"9074":{"id":9074,"title":"","type":"attachment"},"9076":{"id":9076,"title":"","type":"attachment"},"9077":{"id":9077,"title":"","type":"attachment"},"9078":{"id":9078,"title":"","type":"attachment"},"9079":{"id":9079,"title":"","type":"attachment"},"9080":{"id":9080,"title":"","type":"attachment"},"9081":{"id":9081,"title":"","type":"attachment"},"9082":{"id":9082,"title":"","type":"attachment"},"9083":{"id":9083,"title":"","type":"attachment"},"9084":{"id":9084,"title":"","type":"attachment"},"9085":{"id":9085,"title":"","type":"attachment"},"9086":{"id":9086,"title":"","type":"attachment"},"9087":{"id":9087,"title":"","type":"attachment"},"9088":{"id":9088,"title":"","type":"attachment"},"9089":{"id":9089,"title":"","type":"attachment"},"9090":{"id":9090,"title":"","type":"attachment"},"9091":{"id":9091,"title":"","type":"attachment"},"9095":{"id":9095,"title":"","type":"attachment"},"9096":{"id":9096,"title":"","type":"attachment"},"9097":{"id":9097,"title":"","type":"attachment"},"9098":{"id":9098,"title":"","type":"attachment"},"9099":{"id":9099,"title":"","type":"attachment"},"9100":{"id":9100,"title":"","type":"attachment"},"9101":{"id":9101,"title":"","type":"attachment"},"9102":{"id":9102,"title":"","type":"attachment"},"9103":{"id":9103,"title":"","type":"attachment"},"9105":{"id":9105,"title":"","type":"attachment"},"9106":{"id":9106,"title":"","type":"attachment"},"9108":{"id":9108,"title":"","type":"attachment"},"9123":{"id":9123,"title":"","type":"attachment"},"9125":{"id":9125,"title":"","type":"attachment"},"9127":{"id":9127,"title":"","type":"attachment"},"9129":{"id":9129,"title":"","type":"attachment"},"9164":{"id":9164,"title":"","type":"attachment"},"9165":{"id":9165,"title":"","type":"attachment"},"9173":{"id":9173,"title":"","type":"attachment"},"9174":{"id":9174,"title":"","type":"attachment"},"9182":{"id":9182,"title":"","type":"attachment"},"9184":{"id":9184,"title":"","type":"attachment"},"9194":{"id":9194,"title":"","type":"attachment"},"9195":{"id":9195,"title":"","type":"attachment"},"9205":{"id":9205,"title":"","type":"attachment"},"9208":{"id":9208,"title":"","type":"attachment"},"9225":{"id":9225,"title":"","type":"attachment"},"9284":{"id":9284,"title":"","type":"attachment"},"9285":{"id":9285,"title":"","type":"attachment"},"9289":{"id":9289,"title":"","type":"attachment"},"9291":{"id":9291,"title":"","type":"attachment"},"9292":{"id":9292,"title":"","type":"attachment"},"9293":{"id":9293,"title":"","type":"attachment"},"9297":{"id":9297,"title":"","type":"attachment"},"9302":{"id":9302,"title":"","type":"attachment"},"9321":{"id":9321,"title":"","type":"attachment"},"9322":{"id":9322,"title":"","type":"attachment"},"9544":{"id":9544,"title":"","type":"attachment"},"9561":{"id":9561,"title":"","type":"attachment"},"9562":{"id":9562,"title":"","type":"attachment"},"9563":{"id":9563,"title":"","type":"attachment"},"9564":{"id":9564,"title":"","type":"attachment"},"9565":{"id":9565,"title":"","type":"attachment"},"9566":{"id":9566,"title":"","type":"attachment"},"9567":{"id":9567,"title":"","type":"attachment"},"9568":{"id":9568,"title":"","type":"attachment"},"9569":{"id":9569,"title":"","type":"attachment"},"9570":{"id":9570,"title":"","type":"attachment"},"9571":{"id":9571,"title":"","type":"attachment"},"9572":{"id":9572,"title":"","type":"attachment"},"9573":{"id":9573,"title":"","type":"attachment"},"9574":{"id":9574,"title":"","type":"attachment"},"9575":{"id":9575,"title":"","type":"attachment"},"9576":{"id":9576,"title":"-1","type":"attachment"},"9577":{"id":9577,"title":"","type":"attachment"},"9578":{"id":9578,"title":"","type":"attachment"},"9579":{"id":9579,"title":"","type":"attachment"},"9580":{"id":9580,"title":"","type":"attachment"},"9581":{"id":9581,"title":"","type":"attachment"},"9582":{"id":9582,"title":"","type":"attachment"},"9584":{"id":9584,"title":"","type":"attachment"},"9629":{"id":9629,"title":"","type":"attachment"},"9635":{"id":9635,"title":"","type":"attachment"},"9639":{"id":9639,"title":"","type":"attachment"},"9665":{"id":9665,"title":"placeholder.png","type":"attachment"},"9666":{"id":9666,"title":"placeholder.png","type":"attachment"},"9667":{"id":9667,"title":"placeholder.png","type":"attachment"},"9668":{"id":9668,"title":"placeholder.png","type":"attachment"},"9669":{"id":9669,"title":"placeholder.png","type":"attachment"},"9670":{"id":9670,"title":"placeholder.png","type":"attachment"},"9671":{"id":9671,"title":"placeholder.png","type":"attachment"},"9672":{"id":9672,"title":"placeholder.png","type":"attachment"},"9673":{"id":9673,"title":"placeholder.png","type":"attachment"},"9674":{"id":9674,"title":"placeholder.png","type":"attachment"},"9675":{"id":9675,"title":"placeholder.png","type":"attachment"},"9757":{"id":9757,"title":"mega-menu","type":"attachment"},"9759":{"id":9759,"title":"auto-update","type":"attachment"},"9762":{"id":9762,"title":"multilanguage","type":"attachment"},"9764":{"id":9764,"title":"theme-options","type":"attachment"},"9766":{"id":9766,"title":"custom-widgets","type":"attachment"},"9768":{"id":9768,"title":"responsive-retina","type":"attachment"},"9770":{"id":9770,"title":"optimization","type":"attachment"}},"menu_items":{"1474":{"id":1474,"title":"Home","type":"nav_menu_item","terms":[50]},"1475":{"id":1475,"title":"Pages","type":"nav_menu_item","terms":[50]},"1490":{"id":1490,"title":"Pricing","type":"nav_menu_item","terms":[51]},"1491":{"id":1491,"title":"Our Cases","type":"nav_menu_item","terms":[51]},"1499":{"id":1499,"title":"Homepage 03","type":"nav_menu_item","terms":[50]},"1500":{"id":1500,"title":"Homepage 02","type":"nav_menu_item","terms":[50]},"1501":{"id":1501,"title":"FAQ Variant II","type":"nav_menu_item","terms":[50]},"1517":{"id":1517,"title":"Home","type":"nav_menu_item","terms":[51]},"1518":{"id":1518,"title":"","type":"nav_menu_item","terms":[51]},"1519":{"id":1519,"title":"","type":"nav_menu_item","terms":[51]},"4114":{"id":4114,"title":"SEO Marketing","type":"nav_menu_item","terms":[62]},"4115":{"id":4115,"title":"SEO Services","type":"nav_menu_item","terms":[62]},"4116":{"id":4116,"title":"Pay Per Click","type":"nav_menu_item","terms":[62]},"4117":{"id":4117,"title":"Social Media","type":"nav_menu_item","terms":[62]},"4118":{"id":4118,"title":"SEO Audit","type":"nav_menu_item","terms":[62]},"4119":{"id":4119,"title":"Our Product","type":"nav_menu_item","terms":[63]},"4120":{"id":4120,"title":"Documentation","type":"nav_menu_item","terms":[63]},"4121":{"id":4121,"title":"Our Services","type":"nav_menu_item","terms":[63]},"4122":{"id":4122,"title":"Company","type":"nav_menu_item","terms":[63]},"4123":{"id":4123,"title":"What We Do?","type":"nav_menu_item","terms":[63]},"1502":{"id":1502,"title":"FAQ Variant I","type":"nav_menu_item","terms":[50]},"1503":{"id":1503,"title":"Contacts","type":"nav_menu_item","terms":[50]},"1504":{"id":1504,"title":"Case Studies Grid","type":"nav_menu_item","terms":[50]},"1505":{"id":1505,"title":"Homepage 01","type":"nav_menu_item","terms":[50]},"1506":{"id":1506,"title":"","type":"nav_menu_item","terms":[50]},"1507":{"id":1507,"title":"","type":"nav_menu_item","terms":[50]},"1508":{"id":1508,"title":"","type":"nav_menu_item","terms":[50]},"1509":{"id":1509,"title":"","type":"nav_menu_item","terms":[50]},"1510":{"id":1510,"title":"","type":"nav_menu_item","terms":[50]},"1511":{"id":1511,"title":"","type":"nav_menu_item","terms":[50]},"1513":{"id":1513,"title":"","type":"nav_menu_item","terms":[50]},"1514":{"id":1514,"title":"","type":"nav_menu_item","terms":[50]},"1515":{"id":1515,"title":"","type":"nav_menu_item","terms":[50]},"1516":{"id":1516,"title":"All News","type":"nav_menu_item","terms":[50]},"1535":{"id":1535,"title":"Services","type":"nav_menu_item","terms":[50]},"2318":{"id":2318,"title":"FAQ","type":"nav_menu_item","terms":[50]},"2319":{"id":2319,"title":"Single Cases","type":"nav_menu_item","terms":[50]},"2320":{"id":2320,"title":"Single Team","type":"nav_menu_item","terms":[50]},"2321":{"id":2321,"title":"404","type":"nav_menu_item","terms":[50]},"2323":{"id":2323,"title":"Single News","type":"nav_menu_item","terms":[50]},"2805":{"id":2805,"title":"","type":"nav_menu_item","terms":[50]},"2819":{"id":2819,"title":"","type":"nav_menu_item","terms":[50]},"2820":{"id":2820,"title":"","type":"nav_menu_item","terms":[50]},"3168":{"id":3168,"title":"Our Case Studies","type":"nav_menu_item","terms":[50]},"3169":{"id":3169,"title":"Case Studies Packery","type":"nav_menu_item","terms":[50]},"3391":{"id":3391,"title":"Homepage 04","type":"nav_menu_item","terms":[50]},"3939":{"id":3939,"title":"Homepage 05","type":"nav_menu_item","terms":[50]},"4840":{"id":4840,"title":"Blog","type":"nav_menu_item","terms":[50]},"5589":{"id":5589,"title":"Homepage 06","type":"nav_menu_item","terms":[50]},"6006":{"id":6006,"title":"Homepage 07","type":"nav_menu_item","terms":[50]},"6094":{"id":6094,"title":"HOME VARIANTS 1-6","type":"nav_menu_item","terms":[50]},"6095":{"id":6095,"title":"HOME VARIANTS 7-12","type":"nav_menu_item","terms":[50]},"6408":{"id":6408,"title":"Homepage 08","type":"nav_menu_item","terms":[50]},"6585":{"id":6585,"title":"Homepage 09","type":"nav_menu_item","terms":[50]},"7945":{"id":7945,"title":"Homepage 10","type":"nav_menu_item","terms":[50]},"8767":{"id":8767,"title":"Shop","type":"nav_menu_item","terms":[50]},"8769":{"id":8769,"title":"Single Product Page","type":"nav_menu_item","terms":[50]},"8770":{"id":8770,"title":"Shopping Cart","type":"nav_menu_item","terms":[50]},"8771":{"id":8771,"title":"Shop Landing Page","type":"nav_menu_item","terms":[50]},"8772":{"id":8772,"title":"Homepage 11","type":"nav_menu_item","terms":[50]},"8783":{"id":8783,"title":"All Woo Products","type":"nav_menu_item","terms":[50]},"9230":{"id":9230,"title":"Homepage 12","type":"nav_menu_item","terms":[50]},"9631":{"id":9631,"title":"Homepage 13","type":"nav_menu_item","terms":[50]},"9661":{"id":9661,"title":"","type":"nav_menu_item","terms":[50]},"9744":{"id":9744,"title":"Mega Menu","type":"nav_menu_item","terms":[50]},"9745":{"id":9745,"title":"MM Item","type":"nav_menu_item","terms":[50]}},"base_url":"https:\/\/livewp.site\/wp\/md\/ewebot","headers":[9548,9063,8244,8242,7813,6300,5753,5199,4107,4098,4084,4073,4061,4031],"footers":[9553,9071,8246,7803,6516,6278,5732,5442,4826,4674,4603,4153,4141,4110],"tabs":[4319,4316,4309,4306,4303,4300,4297,4294,4291,4286,4283],"terms":{"54":{"id":54,"title":"Audio","type":"post_format"},"20":{"id":20,"title":"SEO","type":"category"},"26":{"id":26,"title":"seo","type":"post_tag"},"21":{"id":21,"title":"Web","type":"category"},"27":{"id":27,"title":"web","type":"post_tag"},"18":{"id":18,"title":"Optimization","type":"category"},"55":{"id":55,"title":"Quote","type":"post_format"},"22":{"id":22,"title":"branding","type":"post_tag"},"56":{"id":56,"title":"Link","type":"post_format"},"19":{"id":19,"title":"Planing","type":"category"},"25":{"id":25,"title":"planing","type":"post_tag"},"16":{"id":16,"title":"Branding","type":"category"},"23":{"id":23,"title":"digital","type":"post_tag"},"24":{"id":24,"title":"marketing","type":"post_tag"},"17":{"id":17,"title":"Marketing","type":"category"},"57":{"id":57,"title":"Video","type":"post_format"},"91":{"id":91,"title":"Decoration","type":"category"},"92":{"id":92,"title":"Furniture","type":"category"},"50":{"id":50,"title":"Main menu","type":"nav_menu"},"51":{"id":51,"title":"Quick Links","type":"nav_menu"},"62":{"id":62,"title":"Services","type":"nav_menu"},"63":{"id":63,"title":"Community","type":"nav_menu"},"60":{"id":60,"title":"wpda-header","type":"elementor_library_type"},"61":{"id":61,"title":"wpda-footer","type":"elementor_library_type"},"64":{"id":64,"title":"gt3-tabs","type":"elementor_library_type"},"95":{"id":95,"title":"wpda-menu","type":"elementor_library_type"},"36":{"id":36,"title":"Marketing","type":"portfolio_category"},"37":{"id":37,"title":"Marketing","type":"portfolio_tag"},"46":{"id":46,"title":"Web","type":"portfolio_category"},"47":{"id":47,"title":"Web","type":"portfolio_tag"},"30":{"id":30,"title":"Branding","type":"portfolio_category"},"43":{"id":43,"title":"SEO","type":"portfolio_tag"},"44":{"id":44,"title":"SEO","type":"portfolio_category"},"42":{"id":42,"title":"PPS","type":"portfolio_tag"},"34":{"id":34,"title":"Digital PR","type":"portfolio_category"},"35":{"id":35,"title":"Digital PR","type":"portfolio_tag"},"94":{"id":94,"title":"Creative","type":"portfolio_category"}},"posts":{"1410":{"id":1410,"title":"Best Domain Name for Student Ever","type":"post","media":[975,976,977],"terms":[54,20,26,21,27]},"1414":{"id":1414,"title":"3 Ways to Transform Your Blog Into a SEO Machine","type":"post","media":[975,976,977],"terms":[18,55]},"1417":{"id":1417,"title":"Social media changes the relationship between companies","type":"post","media":[975,976,977],"terms":[22,56,19,25]},"1669":{"id":1669,"title":"The Basics of Blogging Search Optimization","type":"post","media":[1671,975,976,977],"terms":[19,26,21,27]},"1673":{"id":1673,"title":"Simple Ways To Optimize Your Website For SEO","type":"post","media":[975,976,977,3616],"terms":[16,22,19,25]},"824":{"id":824,"title":"How to Increase Your ROI Through scientific SEM?","type":"post","media":[975,976,977,974,2651],"terms":[22,23,24,20]},"848":{"id":848,"title":"Compare Photo Views","type":"post","media":[1398,975,976,977],"terms":[16,22,17,24,57]},"1400":{"id":1400,"title":"Twice Profit Than Before You Ever Got","type":"post","media":[975,976,977],"terms":[20,26,21,27]},"1403":{"id":1403,"title":"Cloud Hosting Growing Faster Ever","type":"post","media":[1404,975,976,977],"terms":[17,19,25]},"8712":{"id":8712,"title":"Furniture Company Appoints Retail Heavyweight","type":"post","media":[8714,975,976,977],"terms":[22,91,24]},"8719":{"id":8719,"title":"Design-Nation Publishes '20 Makers, 20 Objects'","type":"post","media":[8720,975,976,977],"terms":[22,92,24]},"8722":{"id":8722,"title":"Reshaped Leadership Team to Emerge Shop Buyout","type":"post","media":[8724,975,976,977],"terms":[22,91,24]},"63":{"id":63,"title":"Coming soon","type":"page","header":"4107","footer":"4826"},"91":{"id":91,"title":"Home 01","type":"page","media":[2001,2711,1019,1020,1021,2007,1022,1023,1024,1025,1026,1027,981,983,982,2012,2221,2222,2223,2224,2225,2226,2016,1456],"header":"4098","footer":"4141"},"309":{"id":309,"title":"Our Case Studies","type":"page"},"382":{"id":382,"title":"Contact Us","type":"page","media":[2073,1028,2651]},"419":{"id":419,"title":"Faq","type":"page","media":[2472,2651]},"424":{"id":424,"title":"Faq 2","type":"page","media":[2651]},"427":{"id":427,"title":"Home 02","type":"page","media":[967,968,969,970,1966,1019,1020,1021,1971,981,983,982,1975,1982,1986,1028,1456],"header":"4084","footer":"4110"},"495":{"id":495,"title":"Home 03","type":"page","media":[3116,1019,1020,1021,1029,981,983,982,2027,2384,1030,1986,967,968,969,970,1031,2061],"header":"4073","footer":"4153"},"623":{"id":623,"title":"About Us","type":"page","media":[1019,1020,1021,6737,2092,1975,981,983,982,967,968,969,970,2651]},"707":{"id":707,"title":"Pricing Plans","type":"page","media":[1279],"footer":"4141"},"719":{"id":719,"title":"Main Services","type":"page","media":[2484,1032,1033,1022,1023,1034,1024,1027,967,968,969,970,2490,2651]},"782":{"id":782,"title":"Our Team","type":"page","media":[1986,1035,1036,1037,1038]},"854":{"id":854,"title":"SEO Services","type":"page","media":[2498,1022,1023,1024,1025,1026,1027,982,1039,1040,2433,981,983,1041,967,968,969,970,2651]},"876":{"id":876,"title":"PPC Services","type":"page","media":[3064,967,968,969,970,1032,1033,2496]},"884":{"id":884,"title":"Typography","type":"page"},"889":{"id":889,"title":"SMM Services","type":"page","media":[2161,1042,1043,1044,1045,1966,2490,2651]},"927":{"id":927,"title":"Shop","type":"page","media":[1279]},"928":{"id":928,"title":"Cart","type":"page"},"929":{"id":929,"title":"Checkout","type":"page"},"930":{"id":930,"title":"My account","type":"page"},"1419":{"id":1419,"title":"Blog","type":"page","media":[2651]},"2802":{"id":2802,"title":"Blog Packery","type":"page"},"2807":{"id":2807,"title":"Blog Packery 2","type":"page"},"2810":{"id":2810,"title":"Blog Packery 3","type":"page"},"3158":{"id":3158,"title":"Our Case Studies","type":"page"},"3262":{"id":3262,"title":"Home 04","type":"page","media":[3273,3264,3274,3275,3276,3277,3278,3279,3280,3281,3282,3283,3290,3292,3293,3265,3266,3267,3268,1456],"header":"4061","footer":"4603"},"3425":{"id":3425,"title":"Home 05","type":"page","media":[3916,3445,3435,3274,3275,3582,3533,3534,3543,3544,3547,3548,3551,3552,3556,3669,3738,3910,3808,3834,3831,3793,3276,3904,3553,967,968,969,970,3541,1456],"header":"4073","footer":"4674"},"4323":{"id":4323,"title":"Tabs","type":"page"},"5197":{"id":5197,"title":"Home 06","type":"page","media":[5300,5556,3275,5254,3274,5555,5247,5248,5249,5250,3276,5271,5297,5270,5311,5512,5522,5310,5533,5529,5534,5530,5535,5531,5536,5528,5537,5526,5532,5527,5368,5381,5380,5378,5382,5376,5375,5379,5374,5377,5455,967,968,969,970,5406,5416],"header":"5199","footer":"5442"},"5766":{"id":5766,"title":"Home 07","type":"page","media":[6044,5955,5918,5774,5961,5775,5962,5776,5960,5777,5959,5843,6053,3264,5857,5856,5854,5858,5853,5855,5892,5891,5905,5912,5923],"header":"5753","footer":"5732"},"6218":{"id":6218,"title":"Home 08","type":"page","media":[6420,6417,6418,6230,3264,6379,6380,6381,6382,6236,6237,6238,6239,6240,6241,6244,6245,6246,6247,6248,5376,5379,5375,5374,5377,6220,6221,6222,6223,6258,6254,6260,6261],"header":"6300","footer":"6278"},"6450":{"id":6450,"title":"Home 09","type":"page","media":[6452,6567,6574,6581,6486,6488,6489,6490,6491,6492,3264,5375,6258,6505,6506,5376,5377,6501,6498,6499,6500,6496],"header":"4061","footer":"6516"},"6782":{"id":6782,"title":"Home 10","type":"page","media":[8067,6910,6911,6912,6913,5556,5555,3274,3492,3275,3276,967,968,969,970,6786,6810,6806,6811,7143,7189,7249,7250,7358,7346,7548,7930,7931,7936,7937,7932,7933,7938,7939,7934,7935,7940,7941,7565,7752,1456],"header":"7813","footer":"7803"},"8256":{"id":8256,"title":"Home 11","type":"page","media":[8286,8284,8282,8285,8283,8281,8289,3264,8287,8288,8290,8297,8295,8296,8294],"header":"8244","footer":"8246"},"8320":{"id":8320,"title":"Wishlist","type":"page","header":"8242","footer":"8246"},"8638":{"id":8638,"title":"Landing","type":"page","media":[1456,8649,8650,8651,8652,8653,8654,8655,8656,8657,8658,9479,9480,8661,8642,9284,8673,9285,8672,8671,9639,9225,8736,7956,8644,8646,8645,8648,5601,4944,4942,4943,4941,9635,9291,9293,9292,9297,9302,9321,9322,4957,4958,4959,4960,8669,4961,4962,4963,4964,4965,4966,4967,8670,8660,5011,5010,5016,5017,8662,8666,8700,8702,8703,5036,5034,5035,5048,5049,5050,5051,5052,5053,5054,5055,5056],"header":"4107","footer":"4826"},"9025":{"id":9025,"title":"Home 12","type":"page","media":[9076,9027,9077,9078,9079,9080,9081,9082,9028,9084,9085,9086,9083,9089,9090,9091,9029,9088,9098,9095,9100,9097,9096,9099,9106,9101,9102,6258,6505,9103,5375,5376,5377,9105,9032,9108,9033],"header":"9063","footer":"9071"},"9528":{"id":9528,"title":"Home 13","type":"page","media":[9564,9561,9563,9572,9573,9565,9566,9567,9568,9569,9530,9570,9571,9562,9584,9531,9582,9532,9575],"header":"9548","footer":"9553"},"9648":{"id":9648,"title":"Case Studies with Ajax","type":"page"},"4031":{"id":4031,"title":"Default","type":"elementor_library","media":[1456],"terms":[60]},"4061":{"id":4061,"title":"Home 04","type":"elementor_library","media":[3298],"terms":[60]},"4073":{"id":4073,"title":"Header 03","type":"elementor_library","media":[1456],"terms":[60]},"4084":{"id":4084,"title":"Header 02","type":"elementor_library","media":[1455],"terms":[60]},"4098":{"id":4098,"title":"Header 01","type":"elementor_library","media":[1456],"terms":[60]},"4107":{"id":4107,"title":"Empty","type":"elementor_library","terms":[60]},"4110":{"id":4110,"title":"Footer Home 02","type":"elementor_library","media":[1455,1444,1445],"terms":[61]},"4141":{"id":4141,"title":"Footer Home 01","type":"elementor_library","media":[1456],"terms":[61]},"4153":{"id":4153,"title":"Footer Home 03","type":"elementor_library","media":[1456],"terms":[61]},"4283":{"id":4283,"title":"Home 01 Price Tab 1","type":"elementor_library","terms":[64]},"4286":{"id":4286,"title":"Home 01 Price Tab 2","type":"elementor_library","terms":[64]},"4291":{"id":4291,"title":"Home 02 Price Tab 1","type":"elementor_library","terms":[64]},"4294":{"id":4294,"title":"Home 02 Price Tab 2","type":"elementor_library","terms":[64]},"4297":{"id":4297,"title":"Home 02 Tab 1","type":"elementor_library","media":[1548,2328],"terms":[64]},"4300":{"id":4300,"title":"Home 02 Tab 2","type":"elementor_library","media":[1578,2332],"terms":[64]},"4303":{"id":4303,"title":"Home 02 Tab 3","type":"elementor_library","media":[1580,2331],"terms":[64]},"4306":{"id":4306,"title":"Home 02 Tab 4","type":"elementor_library","media":[1582,2330],"terms":[64]},"4309":{"id":4309,"title":"Home 02 Tab 5","type":"elementor_library","media":[1584,2329],"terms":[64]},"4316":{"id":4316,"title":"Home 05 Price Tab 1","type":"elementor_library","terms":[64]},"4319":{"id":4319,"title":"Home 05 Price Tab 2","type":"elementor_library","terms":[64]},"4603":{"id":4603,"title":"Footer Home 04","type":"elementor_library","media":[3319,3320],"terms":[61]},"4674":{"id":4674,"title":"Footer Home 05","type":"elementor_library","media":[3492,3493],"terms":[61]},"4826":{"id":4826,"title":"Coming Soon","type":"elementor_library","terms":[61]},"5199":{"id":5199,"title":"Home_06","type":"elementor_library","media":[1456],"terms":[60]},"5442":{"id":5442,"title":"Footer Home 06","type":"elementor_library","media":[1455,1444,1445],"terms":[61]},"5732":{"id":5732,"title":"Footer Home 07","type":"elementor_library","media":[1456],"terms":[61]},"5753":{"id":5753,"title":"Header_07","type":"elementor_library","media":[1456],"terms":[60]},"6278":{"id":6278,"title":"Footer Home 08","type":"elementor_library","media":[3319,3320],"terms":[61]},"6300":{"id":6300,"title":"Header_08","type":"elementor_library","media":[6369],"terms":[60]},"6516":{"id":6516,"title":"Footer Home 09","type":"elementor_library","media":[3319,3320],"terms":[61]},"6604":{"id":6604,"title":"Default Kit","type":"elementor_library"},"7803":{"id":7803,"title":"Footer Home 10","type":"elementor_library","media":[3319,3320],"terms":[61]},"7813":{"id":7813,"title":"Header 10","type":"elementor_library","media":[1456],"terms":[60]},"8242":{"id":8242,"title":"Header Modern Shop","type":"elementor_library","media":[8248],"terms":[60]},"8244":{"id":8244,"title":"Header Modern Shop (Home)","type":"elementor_library","media":[8248],"terms":[60]},"8246":{"id":8246,"title":"Footer Modern Shop","type":"elementor_library","media":[8248],"terms":[61]},"9063":{"id":9063,"title":"Header 12","type":"elementor_library","media":[9049,9061,9062],"terms":[60]},"9071":{"id":9071,"title":"Footer 12","type":"elementor_library","terms":[61]},"9548":{"id":9548,"title":"Header 13","type":"elementor_library","media":[9544,9547],"terms":[60]},"9553":{"id":9553,"title":"Footer 13","type":"elementor_library","media":[9544],"terms":[61]},"9676":{"id":9676,"title":"Mega Menu","type":"elementor_library","media":[8661,8642,8673,9284,9285,9757,9759,9762,9764,9766,9768,9770],"terms":[95]},"9684":{"id":9684,"title":"Home Mega","type":"elementor_library","terms":[95]},"958":{"id":958,"title":"Home2 form","type":"wpcf7_contact_form"},"1133":{"id":1133,"title":"Revolution contact form","type":"wpcf7_contact_form"},"1214":{"id":1214,"title":"Contact form 2","type":"wpcf7_contact_form"},"1225":{"id":1225,"title":"Contact form 3","type":"wpcf7_contact_form"},"1498":{"id":1498,"title":"Contact form 1","type":"wpcf7_contact_form"},"1881":{"id":1881,"title":"Contact form 4","type":"wpcf7_contact_form"},"3506":{"id":3506,"title":"Contact form 5","type":"wpcf7_contact_form"},"5426":{"id":5426,"title":"Contact Form 6","type":"wpcf7_contact_form"},"9558":{"id":9558,"title":"Subscribe Form","type":"wpcf7_contact_form"},"8327":{"id":8327,"title":"Filter by color","type":"br_product_filter"},"8329":{"id":8329,"title":"Filter by category","type":"br_product_filter"},"8331":{"id":8331,"title":"Filter by price","type":"br_product_filter"},"8332":{"id":8332,"title":"Active filters","type":"br_product_filter"},"9431":{"id":9431,"title":"Subscription form","type":"mc4wp-form"},"755":{"id":755,"title":"Victor Liuw","type":"team","media":[1068,2651]},"771":{"id":771,"title":"Vanessa Lucky","type":"team","media":[1067]},"775":{"id":775,"title":"Andrew Rich","type":"team","media":[971]},"778":{"id":778,"title":"Anna Red","type":"team","media":[972]},"1380":{"id":1380,"title":"Sam Jordan","type":"team","media":[1383]},"1386":{"id":1386,"title":"Angela Long","type":"team","media":[1381]},"1388":{"id":1388,"title":"Dan Brake","type":"team","media":[2400]},"1390":{"id":1390,"title":"Sandra Willson","type":"team","media":[1384,2651]},"200":{"id":200,"title":"Content Marketing","type":"portfolio","media":[978,1248,988],"terms":[36,37,46,47]},"264":{"id":264,"title":"Domain Migration","type":"portfolio","media":[978,1248,990],"terms":[30,43,44]},"269":{"id":269,"title":"Technical SEO","type":"portfolio","media":[978,1248,1065],"terms":[36,37]},"272":{"id":272,"title":"SEO Optimization","type":"portfolio","media":[978,1248,1049],"terms":[42,43,44]},"277":{"id":277,"title":"Content Strategy","type":"portfolio","media":[978,1248,989],"terms":[34,35]},"289":{"id":289,"title":"Social Engagement","type":"portfolio","media":[978,1248,1062],"terms":[36,37,46,47]},"1472":{"id":1472,"title":"Social Media Boots","type":"portfolio","media":[1473,1248],"terms":[30]},"1492":{"id":1492,"title":"Scientifically Proven Progress","type":"portfolio","media":[1476,1474,1248],"terms":[34]},"1493":{"id":1493,"title":"App Showcase","type":"portfolio","media":[2289,1248],"terms":[44]},"3705":{"id":3705,"title":"Online Media Management","type":"portfolio","media":[978,1248,5018],"terms":[36,37]},"3736":{"id":3736,"title":"Mannix Marketing","type":"portfolio","media":[3745,978,1248],"terms":[43,44]},"3757":{"id":3757,"title":"Mannix Marketing","type":"portfolio","media":[3758,978,1248],"terms":[43,44]},"3764":{"id":3764,"title":"Online Media Management","type":"portfolio","media":[6388,978,1248],"terms":[36,37]},"5326":{"id":5326,"title":"Manix Marketing","type":"portfolio","media":[5327,978,1248],"terms":[43,44]},"5866":{"id":5866,"title":"In Your Thoughts","type":"portfolio","media":[978,1248,5874],"terms":[30,44,46,47]},"9162":{"id":9162,"title":"Satisfied Hipster Girl","type":"portfolio","media":[9165,1248,9164],"terms":[94,35]},"9171":{"id":9171,"title":"Coworker Resting Comfortable","type":"portfolio","media":[9173,9174,1248],"terms":[94,37]},"9180":{"id":9180,"title":"Adorable Dark Haired Girl","type":"portfolio","media":[9182,9184,1248],"terms":[94,43]},"9192":{"id":9192,"title":"Happy Amazed Blonde","type":"portfolio","media":[9194,9195,1248],"terms":[94,43]},"9204":{"id":9204,"title":"Watching Mobile Phone","type":"portfolio","media":[9205,9208,1248],"terms":[94,47]},"280":{"id":280,"title":"Twice Profit Than Before","type":"portfolio","media":[978,1248,1066],"terms":[36,37,46,47]},"283":{"id":283,"title":"Mannix Marketing","type":"portfolio","media":[2289,1248,1047],"terms":[30,43,44]},"286":{"id":286,"title":"Online Media Management","type":"portfolio","media":[978,1248,1048],"terms":[30,36,37]}}}